Student_ID,Registration_No,Gender,Age,Course,Semester,Section,Total_Classes,Classes_Attended,Attendance_Percentage,Previous_Semester_GPA,Current_CGPA,Assignment_1,Assignment_2,Avg_Assignment_Score,Avg_Tutorial_Score,Avg_Pop_Quiz,Avg_Lab_Score,Mid_Term_Assessment,Final_Term_Assessment,Capstone_Project_Marks,Study_Habits,Disciplinary_Record,Internship_Status,Teacher_Remarks,Extracurricular_Feedback,Final_Obtained_Score,Student_Grade_Band
S-10000,REG-2026-1000,F,25,BS Computer Science,2,S1,50,47,95.0,3.8,3.55,99,85,92.0,92,82,87,93.0,80,80,Regular studier,Excellent,Completed,Outstanding performance throughout the semester.,Outstanding performer in arts,86.4,Excellent
S-10001,REG-2026-1001,F,21,BS Computer Science,2,S2,50,17,34.0,1.89,1.88,29,35,32.0,49,40,26,51.0,49,20,Rarely studies,Probation,Not Started,Lacks fundamental understanding of the subject matter.,Shy and inactive,39.7,Poor
S-10002,REG-2026-1002,M,25,BS Info Tech,4,S2,50,41,82.0,2.58,2.55,78,58,68.0,64,61,60,55.0,68,77,Needs some guidance,Warning,Not Started,Understands the basics but struggles with complex logic.,Participates occasionally,64.9,Average
S-10003,REG-2026-1003,M,22,BS Software Eng,4,S1,50,22,44.0,1.18,1.17,52,40,46.0,53,22,34,35.0,20,53,Rarely studies,Warning,Not Started,Lacks fundamental understanding of the subject matter.,No interest,34.05,Poor
S-10004,REG-2026-1004,M,19,BS Info Tech,4,S1,50,16,33.0,2.03,2.04,34,43,38.5,23,41,37,53.0,49,33,Needs constant monitoring,Needs Improvement,Not Started,Lacks fundamental understanding of the subject matter.,Shy and inactive,42.45,Poor
S-10005,REG-2026-1005,F,24,BS Info Tech,2,S2,50,39,79.0,3.39,3.31,57,55,56.0,77,77,63,55.0,67,71,Occasional studier,Good,Ongoing,Understands the basics but struggles with complex logic.,Participates occasionally,65.4,Good
S-10006,REG-2026-1006,M,20,BS Info Tech,8,S2,50,47,95.0,3.75,3.72,86,99,92.5,90,89,80,80.0,87,88,Regular studier,Excellent,Completed,Shows excellent leadership and analytical skills.,Shows leadership in sports,85.95,Excellent
S-10007,REG-2026-1007,F,24,BS Computer Science,8,S1,50,41,83.0,3.43,3.42,55,55,55.0,61,70,64,72.0,78,72,Needs some guidance,Good,Ongoing,Average performance. Needs to focus more on lab work.,Learning basics of music,70.4,Good
S-10008,REG-2026-1008,M,24,BS Data Science,8,S2,50,34,69.0,2.96,2.92,68,55,61.5,66,63,59,59.0,59,74,Last-minute crammer,Warning,Not Started,Average performance. Needs to focus more on lab work.,Average sports player,62.0,Average
S-10009,REG-2026-1009,F,21,BS AI,6,S2,50,39,78.0,2.85,2.85,64,63,63.5,68,77,68,59.0,75,78,Needs some guidance,Good,Ongoing,Average performance. Needs to focus more on lab work.,Participates occasionally,69.9,Good
S-10010,REG-2026-1010,F,18,BS Computer Science,8,S1,50,43,87.0,3.94,3.91,96,93,94.5,93,97,99,87.0,96,94,Regular studier,Excellent,Completed,Outstanding performance throughout the semester.,Active club president,93.8,Excellent
S-10011,REG-2026-1011,F,22,BS Computer Science,6,S2,50,40,80.0,3.06,2.91,76,64,70.0,58,74,57,69.0,63,77,Needs some guidance,Good,Ongoing,Good effort but needs more consistency in assignments.,Average sports player,67.1,Good
S-10012,REG-2026-1012,M,21,BS Data Science,3,S3,50,46,92.0,3.73,3.81,99,84,91.5,93,83,94,93.0,93,98,Very consistent,Excellent,Completed,Brilliant understanding of core concepts. A joy to teach.,Outstanding performer in arts,92.45,Excellent
S-10013,REG-2026-1013,F,19,BS Software Eng,6,S1,50,48,96.0,3.99,3.8,81,86,83.5,86,89,92,84.0,90,85,Regular studier,Excellent,Completed,Shows excellent leadership and analytical skills.,Outstanding performer in arts,87.95,Excellent
S-10014,REG-2026-1014,F,18,BS Software Eng,7,S1,50,47,94.0,3.75,3.48,87,94,90.5,93,80,89,85.0,85,98,Highly focused,Excellent,Completed,"Highly proactive, consistent, and quick learner.",Outstanding performer in arts,87.8,Excellent
S-10015,REG-2026-1015,F,23,BS AI,5,S3,50,27,54.0,1.59,1.59,47,33,40.0,42,37,30,22.0,49,53,Needs constant monitoring,Warning,Not Started,Frequently misses deadlines and lacks motivation.,No interest,38.95,Poor
S-10016,REG-2026-1016,F,20,BS Data Science,1,S2,50,25,51.0,1.18,1.1,37,39,38.0,25,39,21,44.0,46,42,Last-minute crammer,Probation,Not Started,Frequently misses deadlines and lacks motivation.,Struggles to participate,39.15,Poor
S-10017,REG-2026-1017,M,18,BS Info Tech,4,S1,50,36,73.0,3.06,2.77,78,60,69.0,60,65,58,60.0,56,78,Last-minute crammer,Good,Ongoing,Good effort but needs more consistency in assignments.,Participates occasionally,62.55,Average
S-10018,REG-2026-1018,M,22,BS Info Tech,7,S1,50,38,76.0,2.71,2.96,71,60,65.5,55,65,63,66.0,67,78,Last-minute crammer,Good,Ongoing,Good effort but needs more consistency in assignments.,Learning basics of music,66.8,Good
S-10019,REG-2026-1019,F,23,BS Computer Science,8,S3,50,39,78.0,3.0,2.74,68,58,63.0,58,62,64,78.0,73,69,Occasional studier,Warning,Ongoing,Good effort but needs more consistency in assignments.,Learning basics of music,69.65,Good
S-10020,REG-2026-1020,F,23,BS Info Tech,7,S1,50,40,81.0,2.51,2.45,68,61,64.5,73,73,65,63.0,59,60,Last-minute crammer,Good,Ongoing,Good effort but needs more consistency in assignments.,Participates occasionally,64.55,Average
S-10021,REG-2026-1021,M,18,BS AI,5,S1,50,49,98.0,3.94,3.71,95,95,95.0,89,89,96,83.0,86,88,Regular studier,Excellent,Completed,Outstanding performance throughout the semester.,Active club president,89.05,Excellent
S-10022,REG-2026-1022,M,25,BS Data Science,5,S3,50,44,89.0,3.67,3.7,92,87,89.5,83,90,85,92.0,97,84,Very consistent,Excellent,Completed,Shows excellent leadership and analytical skills.,Shows leadership in sports,90.35,Excellent
S-10023,REG-2026-1023,M,19,BS Software Eng,2,S2,50,44,88.0,3.88,2.91,85,95,90.0,97,80,97,81.0,93,95,Very consistent,Excellent,Completed,Outstanding performance throughout the semester.,Outstanding performer in arts,89.75,Excellent
S-10024,REG-2026-1024,M,25,BS Software Eng,8,S2,50,30,60.0,1.98,2.12,47,23,35.0,28,42,30,66.03,40,25,Last-minute crammer,Needs Improvement,Not Started,Lacks fundamental understanding of the subject matter.,Struggles to participate,39.5,Poor
S-10025,REG-2026-1025,M,18,BS Data Science,3,S3,50,34,69.0,2.73,2.43,55,75,65.0,70,69,58,65.0,78,60,Needs some guidance,Good,Not Started,"Participates occasionally, can definitely do better.",Participates occasionally,67.55,Good
S-10026,REG-2026-1026,M,20,BS Data Science,2,S3,50,30,61.0,2.1,1.99,28,34,31.0,45,31,32,52.0,22,26,Last-minute crammer,Needs Improvement,Not Started,Irregular attendance and extremely poor focus in class.,Struggles to participate,34.8,Poor
S-10027,REG-2026-1027,F,23,BS AI,7,S2,50,33,72.69,3.25,3.22,61,63,62.0,62,57,55,61.0,78,58,Last-minute crammer,Warning,Ongoing,"Participates occasionally, can definitely do better.",Average sports player,64.05,Average
S-10028,REG-2026-1028,M,25,BS Software Eng,1,S2,50,45,90.0,3.87,3.83,82,90,86.0,91,94,89,90.0,83,92,Very consistent,Excellent,Completed,Shows excellent leadership and analytical skills.,Active club president,88.35,Excellent
S-10029,REG-2026-1029,M,18,BS Computer Science,4,S3,50,45,91.0,3.53,3.79,96,96,96.0,92,97,84,91.0,84,98,Very consistent,Excellent,Completed,Shows excellent leadership and analytical skills.,Active club president,90.05,Excellent
S-10030,REG-2026-1030,F,20,BS AI,1,S2,50,44,89.0,3.79,3.98,81,99,90.0,85,90,86,89.0,85,96,Regular studier,Excellent,Completed,Brilliant understanding of core concepts. A joy to teach.,Active club president,88.25,Excellent
S-10031,REG-2026-1031,M,18,BS Computer Science,1,S1,50,34,72.69,3.05,2.79,76,73,74.5,63,75,64,66.03,69,56,Last-minute crammer,Good,Not Started,"Participates occasionally, can definitely do better.",Participates occasionally,65.15,Good
S-10032,REG-2026-1032,F,24,BS AI,4,S2,50,15,30.0,2.01,2.17,33,33,33.0,38,41,35,36.0,22,51,Last-minute crammer,Warning,Not Started,Irregular attendance and extremely poor focus in class.,No interest,33.85,Poor
S-10033,REG-2026-1033,M,21,BS Computer Science,6,S2,50,34,72.69,3.39,3.54,73,75,74.0,78,56,67,69.0,66,55,Last-minute crammer,Warning,Ongoing,Average performance. Needs to focus more on lab work.,Average sports player,66.15,Good
S-10034,REG-2026-1034,M,25,BS Software Eng,2,S3,50,43,87.0,3.8,2.91,87,89,88.0,87,85,86,96.0,96,96,Very consistent,Excellent,Completed,"Highly proactive, consistent, and quick learner.",Shows leadership in sports,91.7,Excellent
S-10035,REG-2026-1035,M,24,BS AI,8,S3,50,36,73.0,2.71,2.96,58,55,56.5,70,58,57,59.0,75,70,Occasional studier,Good,Ongoing,Average performance. Needs to focus more on lab work.,Learning basics of music,64.7,Average
S-10036,REG-2026-1036,M,21,BS Info Tech,5,S1,50,35,70.0,3.02,3.0,64,70,67.0,61,60,58,55.0,67,57,Last-minute crammer,Warning,Not Started,Average performance. Needs to focus more on lab work.,Average sports player,61.4,Average
S-10037,REG-2026-1037,M,23,BS Software Eng,2,S3,50,45,90.0,3.53,3.36,82,83,82.5,94,88,92,96.0,82,85,Highly focused,Excellent,Completed,Outstanding performance throughout the semester.,Shows leadership in sports,88.25,Excellent
S-10038,REG-2026-1038,M,25,BS AI,7,S1,50,34,69.0,2.7,2.92,74,69,71.5,71,72,58,56.0,70,74,Occasional studier,Warning,Ongoing,Average performance. Needs to focus more on lab work.,Participates occasionally,66.15,Good
S-10039,REG-2026-1039,M,19,BS Computer Science,8,S2,50,48,97.0,3.83,3.77,94,92,93.0,98,96,86,94.0,98,86,Regular studier,Excellent,Completed,Outstanding performance throughout the semester.,Outstanding performer in arts,93.45,Excellent
S-10040,REG-2026-1040,M,21,BS AI,6,S1,50,32,65.0,2.51,2.45,74,60,67.0,64,76,69,73.0,61,78,Occasional studier,Good,Not Started,Average performance. Needs to focus more on lab work.,Participates occasionally,68.75,Good
S-10041,REG-2026-1041,M,24,BS Data Science,6,S2,50,39,78.0,2.73,2.7,72,55,63.5,55,69,77,74.0,74,62,Needs some guidance,Warning,Ongoing,"Participates occasionally, can definitely do better.",Average sports player,70.95,Good
S-10042,REG-2026-1042,M,25,BS Computer Science,1,S1,50,39,79.0,2.58,2.83,65,61,63.0,58,63,70,62.0,68,75,Needs some guidance,Warning,Ongoing,Good effort but needs more consistency in assignments.,Average sports player,66.85,Good
S-10043,REG-2026-1043,F,21,BS Data Science,4,S2,50,30,61.0,1.39,1.14,43,35,39.0,46,40,49,37.0,31,42,Needs constant monitoring,Probation,Not Started,Lacks fundamental understanding of the subject matter.,Shy and inactive,39.95,Poor
S-10044,REG-2026-1044,F,22,BS Computer Science,8,S2,50,48,97.0,3.54,3.54,94,85,89.5,98,96,95,98.0,98,85,Regular studier,Excellent,Completed,Shows excellent leadership and analytical skills.,Shows leadership in sports,95.15,Excellent
S-10045,REG-2026-1045,F,21,BS AI,2,S1,50,35,70.0,2.76,2.78,72,64,68.0,74,69,61,58.0,73,60,Occasional studier,Good,Not Started,Understands the basics but struggles with complex logic.,Learning basics of music,65.9,Good
S-10046,REG-2026-1046,M,24,BS Computer Science,3,S2,50,30,60.0,2.01,1.82,53,25,39.0,21,28,25,33.0,39,40,Rarely studies,Warning,Not Started,Lacks fundamental understanding of the subject matter.,Struggles to participate,34.85,Poor
S-10047,REG-2026-1047,F,23,BS Info Tech,8,S3,50,40,81.0,2.75,2.88,65,69,67.0,59,58,72,66.03,65,67,Occasional studier,Good,Ongoing,Understands the basics but struggles with complex logic.,Learning basics of music,67.65,Good
S-10048,REG-2026-1048,F,19,BS Software Eng,1,S3,50,21,43.0,1.74,1.56,41,44,42.5,20,44,36,37.0,23,27,Rarely studies,Warning,Not Started,"Needs urgent improvement, counseling recommended.",Struggles to participate,33.05,Poor
S-10049,REG-2026-1049,F,21,BS Info Tech,7,S3,50,37,74.0,2.95,2.86,58,63,60.5,77,73,78,70.0,65,78,Occasional studier,Good,Not Started,"Participates occasionally, can definitely do better.",Participates occasionally,70.65,Good
S-10050,REG-2026-1050,F,24,BS Computer Science,1,S3,50,41,82.0,2.69,2.82,73,70,71.5,76,67,78,64.0,76,68,Last-minute crammer,Warning,Not Started,Understands the basics but struggles with complex logic.,Average sports player,72.05,Good
S-10051,REG-2026-1051,F,25,BS Software Eng,1,S1,50,22,45.0,2.42,2.4,37,34,35.5,41,46,32,31.0,33,48,Last-minute crammer,Warning,Not Started,"Needs urgent improvement, counseling recommended.",No interest,36.5,Poor
S-10052,REG-2026-1052,F,24,BS AI,4,S2,50,20,41.0,2.09,1.93,27,34,30.5,53,26,28,31.0,27,45,Needs constant monitoring,Warning,Not Started,Frequently misses deadlines and lacks motivation.,Shy and inactive,32.0,Poor
S-10053,REG-2026-1053,M,21,BS Software Eng,8,S2,50,34,69.0,3.46,3.37,75,73,74.0,64,73,55,57.0,62,76,Last-minute crammer,Good,Not Started,Average performance. Needs to focus more on lab work.,Average sports player,64.1,Average
S-10054,REG-2026-1054,M,21,BS AI,8,S1,50,15,31.0,1.81,1.66,24,51,37.5,31,24,34,38.0,31,38,Rarely studies,Warning,Not Started,Frequently misses deadlines and lacks motivation.,Struggles to participate,33.5,Poor
S-10055,REG-2026-1055,F,21,BS Computer Science,5,S2,50,33,67.0,3.05,2.82,58,59,58.5,68,66,61,60.0,61,78,Last-minute crammer,Good,Ongoing,Good effort but needs more consistency in assignments.,Participates occasionally,63.4,Average
S-10056,REG-2026-1056,M,21,BS Software Eng,6,S2,50,36,73.0,3.16,3.37,57,70,63.5,66,56,73,65.0,62,62,Occasional studier,Good,Ongoing,"Participates occasionally, can definitely do better.",Learning basics of music,64.55,Average
S-10057,REG-2026-1057,M,22,BS Software Eng,3,S2,50,41,83.0,2.55,2.69,73,76,74.5,70,77,73,75.0,77,58,Needs some guidance,Warning,Ongoing,No feedback provided,Average sports player,73.8,Good
S-10058,REG-2026-1058,M,25,BS Software Eng,2,S1,50,27,55.0,1.98,1.92,34,30,32.0,47,29,30,42.0,47,49,Last-minute crammer,Warning,Not Started,Irregular attendance and extremely poor focus in class.,Struggles to participate,40.75,Poor
S-10059,REG-2026-1059,F,18,BS Computer Science,4,S2,50,36,72.0,3.22,3.2,76,72,74.0,56,66,68,70.0,71,57,Needs some guidance,Warning,Not Started,Average performance. Needs to focus more on lab work.,Learning basics of music,68.05,Good
S-10060,REG-2026-1060,M,18,BS AI,7,S1,50,37,75.0,2.86,3.16,71,71,71.0,68,65,67,57.0,78,68,Last-minute crammer,Good,Ongoing,"Participates occasionally, can definitely do better.",Average sports player,68.5,Good
S-10061,REG-2026-1061,M,23,BS Info Tech,3,S1,50,33,67.0,2.7,2.5,73,56,64.5,65,58,55,69.0,70,66,Last-minute crammer,Good,Ongoing,"Participates occasionally, can definitely do better.",Learning basics of music,65.0,Good
S-10062,REG-2026-1062,F,23,BS Computer Science,8,S3,50,36,73.0,3.27,2.97,78,75,76.5,73,71,63,59.0,65,75,Last-minute crammer,Warning,Ongoing,Good effort but needs more consistency in assignments.,Learning basics of music,67.05,Good
S-10063,REG-2026-1063,F,20,BS Software Eng,8,S2,50,17,35.0,1.41,1.53,39,36,37.5,52,42,34,36.0,33,46,Rarely studies,Warning,Not Started,Irregular attendance and extremely poor focus in class.,Shy and inactive,37.45,Poor
S-10064,REG-2026-1064,F,21,BS Software Eng,6,S3,50,34,69.0,2.61,2.42,61,61,61.0,59,61,58,67.0,65,60,Needs some guidance,Good,Not Started,Good effort but needs more consistency in assignments.,Learning basics of music,62.95,Average
S-10065,REG-2026-1065,M,19,BS Computer Science,8,S2,50,19,39.0,1.36,1.42,22,53,37.5,41,38,23,21.0,21,23,Rarely studies,Probation,Not Started,Lacks fundamental understanding of the subject matter.,No interest,26.75,Poor
S-10066,REG-2026-1066,M,25,BS Info Tech,1,S1,50,37,75.0,3.1,3.33,58,62,60.0,78,55,68,55.0,57,55,Occasional studier,Good,Not Started,Good effort but needs more consistency in assignments.,Average sports player,60.1,Average
S-10067,REG-2026-1067,F,23,BS Data Science,8,S1,50,41,83.0,3.19,3.18,64,57,60.5,76,71,60,55.0,66,75,Occasional studier,Warning,Ongoing,Good effort but needs more consistency in assignments.,Learning basics of music,65.1,Good
S-10068,REG-2026-1068,F,25,BS AI,5,S1,50,34,69.0,2.79,3.07,72,70,71.0,56,65,74,66.0,71,66,Needs some guidance,Warning,Not Started,Understands the basics but struggles with complex logic.,Learning basics of music,68.5,Good
S-10069,REG-2026-1069,F,24,BS Computer Science,4,S1,50,39,79.0,2.94,3.11,77,78,77.5,67,59,70,58.0,55,76,Needs some guidance,Good,Ongoing,Good effort but needs more consistency in assignments.,Average sports player,64.4,Average
S-10070,REG-2026-1070,M,23,BS Computer Science,5,S2,50,36,72.69,3.12,3.24,58,69,63.5,59,69,64,67.0,78,71,Occasional studier,Good,Ongoing,Understands the basics but struggles with complex logic.,Learning basics of music,69.45,Good
S-10071,REG-2026-1071,M,23,BS Data Science,1,S3,50,42,85.0,3.72,3.67,95,99,97.0,80,99,84,85.0,96,89,Very consistent,Excellent,Completed,Shows excellent leadership and analytical skills.,Outstanding performer in arts,90.35,Excellent
S-10072,REG-2026-1072,F,25,BS Software Eng,8,S1,50,41,82.0,2.83,2.74,57,71,64.0,57,75,74,57.0,57,65,Last-minute crammer,Warning,Not Started,Good effort but needs more consistency in assignments.,Learning basics of music,64.1,Average
S-10073,REG-2026-1073,M,23,BS Info Tech,6,S2,50,28,56.0,2.15,2.35,34,31,32.5,39,26,50,36.0,48,32,Needs constant monitoring,Warning,Not Started,"Needs urgent improvement, counseling recommended.",Shy and inactive,40.5,Poor
S-10074,REG-2026-1074,F,25,BS AI,6,S2,50,32,65.0,3.15,2.9,56,55,55.5,70,75,75,64.0,57,69,Last-minute crammer,Warning,Ongoing,"Participates occasionally, can definitely do better.",Participates occasionally,65.0,Good
S-10075,REG-2026-1075,F,19,BS AI,5,S3,50,37,75.0,3.11,2.83,67,61,64.0,64,76,61,65.0,65,65,Last-minute crammer,Good,Not Started,"Participates occasionally, can definitely do better.",Average sports player,65.85,Good
S-10076,REG-2026-1076,F,24,BS Computer Science,5,S2,50,17,34.0,2.06,1.81,46,53,49.5,41,38,20,37.0,39,21,Last-minute crammer,Probation,Not Started,"Needs urgent improvement, counseling recommended.",Struggles to participate,34.75,Poor
S-10077,REG-2026-1077,M,24,BS Info Tech,4,S3,50,33,66.0,3.27,3.4,74,78,76.0,76,69,64,67.0,76,76,Last-minute crammer,Good,Not Started,"Participates occasionally, can definitely do better.",Participates occasionally,71.2,Good
S-10078,REG-2026-1078,F,25,BS Computer Science,6,S2,50,17,35.0,2.15,2.41,28,39,33.5,48,49,53,31.0,31,27,Last-minute crammer,Needs Improvement,Not Started,Lacks fundamental understanding of the subject matter.,No interest,37.0,Poor
S-10079,REG-2026-1079,M,24,BS Software Eng,4,S1,50,41,83.0,2.96,2.67,74,75,74.5,67,62,77,66.03,59,75,Needs some guidance,Good,Not Started,Understands the basics but struggles with complex logic.,Participates occasionally,68.55,Good
S-10080,REG-2026-1080,M,23,BS AI,3,S2,50,39,78.0,2.59,2.72,78,78,78.0,64,65,70,64.0,66,78,Last-minute crammer,Good,Not Started,"Participates occasionally, can definitely do better.",Average sports player,69.0,Good
S-10081,REG-2026-1081,M,21,BS AI,8,S1,50,38,76.0,2.82,2.72,65,59,62.0,61,59,71,74.0,66,78,Needs some guidance,Good,Ongoing,Average performance. Needs to focus more on lab work.,Average sports player,68.7,Good
S-10082,REG-2026-1082,F,19,BS Data Science,8,S2,50,18,36.0,1.55,1.8,20,29,24.5,35,50,44,43.0,36,48,Rarely studies,Probation,Not Started,Lacks fundamental understanding of the subject matter.,Shy and inactive,40.0,Poor
S-10083,REG-2026-1083,M,20,BS AI,8,S2,50,45,91.0,3.99,3.81,88,97,92.5,85,96,96,95.0,83,98,Regular studier,Excellent,Completed,"Highly proactive, consistent, and quick learner.",Outstanding performer in arts,91.6,Excellent
S-10084,REG-2026-1084,F,24,BS Software Eng,7,S1,50,48,97.0,3.86,3.75,97,87,92.0,93,92,91,86.0,84,95,Highly focused,Excellent,Completed,"Highly proactive, consistent, and quick learner.",Outstanding performer in arts,89.25,Excellent
S-10085,REG-2026-1085,M,22,BS Info Tech,5,S1,50,41,82.0,2.98,3.24,58,74,66.0,69,57,78,55.0,67,66,Needs some guidance,Warning,Not Started,Good effort but needs more consistency in assignments.,Participates occasionally,65.9,Good
S-10086,REG-2026-1086,F,23,BS AI,3,S2,50,15,30.0,2.39,2.55,42,47,44.5,38,42,35,53.0,46,43,Needs constant monitoring,Warning,Not Started,Lacks fundamental understanding of the subject matter.,Struggles to participate,43.7,Poor
S-10087,REG-2026-1087,F,21,BS Info Tech,4,S1,50,38,77.0,3.09,3.37,76,59,67.5,76,66,59,58.0,60,55,Last-minute crammer,Warning,Ongoing,"Participates occasionally, can definitely do better.",Average sports player,61.95,Average
S-10088,REG-2026-1088,M,20,BS AI,5,S2,50,40,80.0,2.63,2.87,66,76,71.0,71,58,55,66.03,63,74,Last-minute crammer,Warning,Ongoing,Average performance. Needs to focus more on lab work.,Participates occasionally,65.05,Good
S-10089,REG-2026-1089,M,21,BS Software Eng,3,S2,50,37,75.0,3.06,3.09,63,73,68.0,61,58,63,64.0,77,69,Last-minute crammer,Good,Ongoing,Average performance. Needs to focus more on lab work.,Participates occasionally,67.8,Good
S-10090,REG-2026-1090,F,21,BS Computer Science,3,S2,50,41,83.0,3.33,3.48,72,71,71.5,62,56,75,77.0,66,78,Needs some guidance,Good,Ongoing,Average performance. Needs to focus more on lab work.,Participates occasionally,70.95,Good
S-10091,REG-2026-1091,M,22,BS Data Science,3,S1,50,35,70.0,2.76,2.68,71,58,64.5,60,56,77,68.0,77,78,Last-minute crammer,Good,Not Started,Good effort but needs more consistency in assignments.,Average sports player,70.75,Good
S-10092,REG-2026-1092,F,20,BS AI,6,S2,50,33,67.0,3.13,3.11,78,69,73.5,78,64,71,78.0,62,61,Needs some guidance,Good,Ongoing,Good effort but needs more consistency in assignments.,Average sports player,68.85,Good
S-10093,REG-2026-1093,F,23,BS Software Eng,4,S2,50,18,37.0,1.2,1.24,42,42,42.0,30,33,21,43.0,46,29,Rarely studies,Needs Improvement,Not Started,Lacks fundamental understanding of the subject matter.,Struggles to participate,37.0,Poor
S-10094,REG-2026-1094,F,24,BS AI,1,S2,50,38,77.0,3.17,3.3,65,70,67.5,60,75,78,63.0,76,66,Needs some guidance,Good,Not Started,Average performance. Needs to focus more on lab work.,Average sports player,71.0,Good
S-10095,REG-2026-1095,M,21,BS Data Science,2,S3,50,16,32.0,2.25,2.09,47,38,42.5,49,20,38,32.0,47,40,Last-minute crammer,Probation,Not Started,Frequently misses deadlines and lacks motivation.,Shy and inactive,38.15,Poor
S-10096,REG-2026-1096,M,25,BS AI,5,S1,50,36,73.0,2.63,2.62,68,74,71.0,77,76,67,66.0,66,70,Needs some guidance,Good,Not Started,Good effort but needs more consistency in assignments.,Learning basics of music,68.95,Good
S-10097,REG-2026-1097,M,18,BS AI,5,S3,50,22,44.0,1.24,1.2,52,34,43.0,32,44,24,50.0,50,47,Last-minute crammer,Needs Improvement,Not Started,Irregular attendance and extremely poor focus in class.,Shy and inactive,43.3,Poor
S-10098,REG-2026-1098,M,18,BS Computer Science,8,S1,50,28,58.0,2.11,1.96,40,28,34.0,23,42,25,50.0,50,28,Rarely studies,Warning,Not Started,Lacks fundamental understanding of the subject matter.,No interest,40.7,Poor
S-10099,REG-2026-1099,M,21,BS Info Tech,6,S2,50,36,73.0,2.94,3.0,73,68,70.5,58,63,64,75.0,78,68,Needs some guidance,Good,Not Started,"Participates occasionally, can definitely do better.",Average sports player,70.8,Good
S-10100,REG-2026-1100,M,18,BS Info Tech,1,S1,50,37,75.0,2.76,3.05,73,65,69.0,74,68,70,57.0,67,56,Last-minute crammer,Warning,Ongoing,Understands the basics but struggles with complex logic.,Average sports player,65.4,Good
S-10101,REG-2026-1101,M,18,BS Info Tech,4,S2,50,37,75.0,2.95,2.91,78,77,77.5,67,69,61,67.0,66,58,Last-minute crammer,Good,Ongoing,Good effort but needs more consistency in assignments.,Learning basics of music,66.6,Good
S-10102,REG-2026-1102,M,23,BS Software Eng,6,S1,50,44,89.0,3.83,3.78,94,84,89.0,86,83,89,92.0,80,85,Very consistent,Excellent,Completed,Shows excellent leadership and analytical skills.,Outstanding performer in arts,86.2,Excellent
S-10103,REG-2026-1103,F,19,BS Info Tech,8,S2,50,42,85.0,3.52,3.56,98,80,89.0,82,94,96,96.0,94,82,Highly focused,Excellent,Completed,Outstanding performance throughout the semester.,Shows leadership in sports,91.95,Excellent
S-10104,REG-2026-1104,F,22,BS Software Eng,4,S2,50,41,82.0,3.45,3.38,58,65,61.5,71,61,67,69.0,62,62,Last-minute crammer,Good,Not Started,Average performance. Needs to focus more on lab work.,Learning basics of music,65.45,Good
S-10105,REG-2026-1105,M,24,BS AI,1,S3,50,34,68.0,3.16,3.02,66,58,62.0,59,72,70,55.0,59,55,Needs some guidance,Good,Ongoing,Understands the basics but struggles with complex logic.,Participates occasionally,61.5,Average
S-10106,REG-2026-1106,F,21,BS Info Tech,8,S1,50,38,77.0,3.42,3.53,74,56,65.0,75,73,56,66.0,61,75,Needs some guidance,Warning,Not Started,"Participates occasionally, can definitely do better.",Average sports player,65.75,Good
S-10107,REG-2026-1107,F,22,BS Info Tech,4,S3,50,37,74.0,2.77,2.58,64,58,61.0,71,74,77,72.0,64,67,Last-minute crammer,Warning,Not Started,Good effort but needs more consistency in assignments.,Participates occasionally,69.4,Good
S-10108,REG-2026-1108,F,18,BS Computer Science,7,S2,50,45,91.0,3.56,3.56,92,90,91.0,94,85,87,91.0,87,89,Regular studier,Excellent,Completed,No feedback provided,Active club president,88.75,Excellent
S-10109,REG-2026-1109,F,22,BS AI,1,S2,50,41,82.0,2.79,2.63,55,56,55.5,76,56,57,72.0,67,56,Needs some guidance,Good,Ongoing,"Participates occasionally, can definitely do better.",Learning basics of music,64.35,Average
S-10110,REG-2026-1110,F,18,BS Software Eng,6,S3,50,37,72.69,2.99,3.25,63,67,65.0,63,61,56,55.0,71,56,Last-minute crammer,Good,Not Started,Understands the basics but struggles with complex logic.,Learning basics of music,62.2,Average
S-10111,REG-2026-1111,M,21,BS Software Eng,6,S3,50,36,73.0,3.21,3.37,69,58,63.5,76,57,75,63.0,76,56,Last-minute crammer,Warning,Not Started,Average performance. Needs to focus more on lab work.,Average sports player,67.95,Good
S-10112,REG-2026-1112,F,21,BS Computer Science,6,S2,50,35,71.0,2.51,2.47,72,61,66.5,76,57,77,56.0,59,71,Needs some guidance,Good,Ongoing,Average performance. Needs to focus more on lab work.,Learning basics of music,64.3,Average
S-10113,REG-2026-1113,M,21,BS Data Science,3,S1,50,33,66.0,3.45,3.54,58,76,67.0,56,73,64,74.0,67,67,Needs some guidance,Good,Ongoing,"Participates occasionally, can definitely do better.",Average sports player,67.95,Good
S-10114,REG-2026-1114,F,23,BS AI,3,S3,50,35,71.0,2.74,2.97,57,63,60.0,58,75,78,75.0,60,59,Occasional studier,Warning,Ongoing,Good effort but needs more consistency in assignments.,Average sports player,67.55,Good
S-10115,REG-2026-1115,F,22,BS Software Eng,5,S2,50,41,82.0,2.71,2.44,55,75,65.0,59,70,71,61.0,77,78,Occasional studier,Good,Ongoing,Good effort but needs more consistency in assignments.,Participates occasionally,70.45,Good
S-10116,REG-2026-1116,F,19,BS Data Science,5,S1,50,48,97.0,3.55,3.82,95,93,94.0,82,93,91,83.0,93,97,Regular studier,Excellent,Completed,Shows excellent leadership and analytical skills.,Active club president,90.85,Excellent
S-10117,REG-2026-1117,M,22,BS Software Eng,4,S3,50,17,35.0,1.1,1.01,38,49,43.5,27,27,45,66.03,22,41,Last-minute crammer,Probation,Not Started,No feedback provided,No interest,31.3,Poor
S-10118,REG-2026-1118,M,24,BS Software Eng,7,S3,50,37,74.0,2.98,3.07,66,61,63.5,66,67,59,75.0,56,61,Last-minute crammer,Good,Ongoing,Understands the basics but struggles with complex logic.,Learning basics of music,64.0,Average
S-10119,REG-2026-1119,F,19,BS Info Tech,2,S1,50,46,92.0,3.58,3.4,93,81,87.0,81,86,90,84.0,87,84,Regular studier,Excellent,Completed,Shows excellent leadership and analytical skills.,Outstanding performer in arts,86.4,Excellent
S-10120,REG-2026-1120,M,21,BS Data Science,7,S2,50,33,66.0,2.62,2.46,69,73,71.0,77,56,68,58.0,63,78,Last-minute crammer,Good,Ongoing,"Participates occasionally, can definitely do better.",Average sports player,65.2,Good
S-10121,REG-2026-1121,F,19,BS AI,2,S1,50,47,95.0,3.63,3.44,88,88,88.0,93,92,96,84.0,91,97,Regular studier,Excellent,Completed,Shows excellent leadership and analytical skills.,Shows leadership in sports,91.05,Excellent
S-10122,REG-2026-1122,F,24,BS Software Eng,5,S1,50,26,52.0,2.1,2.35,24,47,35.5,22,22,38,35.0,39,20,Rarely studies,Needs Improvement,Not Started,"Needs urgent improvement, counseling recommended.",Shy and inactive,33.9,Poor
S-10123,REG-2026-1123,F,22,BS Data Science,4,S1,50,32,65.0,2.95,3.07,67,75,71.0,78,63,58,74.0,58,63,Occasional studier,Warning,Not Started,Good effort but needs more consistency in assignments.,Participates occasionally,64.85,Average
S-10124,REG-2026-1124,M,19,BS Info Tech,6,S2,50,45,91.0,3.95,3.71,83,89,86.0,88,96,91,80.0,82,83,Regular studier,Excellent,Completed,"Highly proactive, consistent, and quick learner.",Outstanding performer in arts,85.6,Excellent
S-10125,REG-2026-1125,M,21,BS Data Science,2,S3,50,33,67.0,3.09,3.36,66,77,71.5,62,63,70,75.0,58,61,Last-minute crammer,Good,Not Started,Understands the basics but struggles with complex logic.,Average sports player,66.0,Good
S-10126,REG-2026-1126,F,19,BS Data Science,4,S2,50,41,82.0,2.71,2.62,71,67,69.0,77,63,55,65.0,58,58,Needs some guidance,Warning,Ongoing,No feedback provided,Learning basics of music,62.7,Average
S-10127,REG-2026-1127,F,22,BS Computer Science,1,S3,50,24,48.0,1.7,1.69,36,22,29.0,42,48,41,38.0,53,48,Last-minute crammer,Warning,Not Started,"Needs urgent improvement, counseling recommended.",Shy and inactive,44.0,Poor
S-10128,REG-2026-1128,F,20,BS Computer Science,1,S1,50,35,70.0,3.38,3.38,75,78,76.5,60,58,55,67.0,74,73,Last-minute crammer,Warning,Not Started,Average performance. Needs to focus more on lab work.,Average sports player,67.4,Good
S-10129,REG-2026-1129,M,22,BS Data Science,6,S1,50,49,98.0,3.52,3.57,86,98,92.0,86,81,98,81.0,88,81,Regular studier,Excellent,Completed,Outstanding performance throughout the semester.,Shows leadership in sports,87.5,Excellent
S-10130,REG-2026-1130,M,23,BS Software Eng,5,S1,50,33,66.0,2.54,2.74,66,58,62.0,66,60,65,78.0,75,57,Needs some guidance,Good,Ongoing,"Participates occasionally, can definitely do better.",Average sports player,68.6,Good
S-10131,REG-2026-1131,F,24,BS Computer Science,4,S3,50,25,51.0,2.1,1.88,53,52,52.5,22,49,32,22.0,39,48,Rarely studies,Needs Improvement,Not Started,Irregular attendance and extremely poor focus in class.,Struggles to participate,37.55,Poor
S-10132,REG-2026-1132,M,25,BS Software Eng,2,S1,50,45,90.0,3.88,3.78,81,88,84.5,93,90,85,95.0,84,90,Highly focused,Excellent,Completed,"Highly proactive, consistent, and quick learner.",Shows leadership in sports,88.35,Excellent
S-10133,REG-2026-1133,F,22,BS Data Science,5,S2,50,34,69.0,2.67,2.88,61,66,63.5,71,78,62,55.0,76,61,Occasional studier,Good,Ongoing,Good effort but needs more consistency in assignments.,Learning basics of music,66.55,Good
S-10134,REG-2026-1134,M,24,BS Info Tech,6,S2,50,40,81.0,2.54,2.3,61,61,61.0,78,69,76,77.0,73,56,Last-minute crammer,Warning,Not Started,Understands the basics but struggles with complex logic.,Learning basics of music,71.6,Good
S-10135,REG-2026-1135,F,23,BS Computer Science,2,S3,50,46,93.0,3.85,3.97,97,91,94.0,87,98,82,90.0,88,80,Highly focused,Excellent,Completed,Brilliant understanding of core concepts. A joy to teach.,Active club president,88.5,Excellent
S-10136,REG-2026-1136,F,18,BS Data Science,8,S3,50,35,71.0,3.16,3.17,61,62,61.5,69,77,70,77.0,75,77,Needs some guidance,Warning,Ongoing,Good effort but needs more consistency in assignments.,Learning basics of music,73.2,Good
S-10137,REG-2026-1137,M,25,BS AI,6,S1,50,24,49.0,1.19,1.03,48,53,50.5,22,50,25,40.0,28,43,Rarely studies,Needs Improvement,Not Started,Irregular attendance and extremely poor focus in class.,Struggles to participate,36.65,Poor
S-10138,REG-2026-1138,F,25,BS Software Eng,5,S3,50,40,81.0,3.08,2.79,71,55,63.0,61,63,74,70.0,66,71,Occasional studier,Warning,Not Started,Average performance. Needs to focus more on lab work.,Learning basics of music,68.4,Good
S-10139,REG-2026-1139,M,19,BS Info Tech,3,S2,50,35,70.0,2.99,2.86,74,61,67.5,57,63,57,73.0,65,73,Needs some guidance,Warning,Not Started,Average performance. Needs to focus more on lab work.,Average sports player,66.1,Good
S-10140,REG-2026-1140,M,25,BS Software Eng,7,S2,50,34,69.0,3.0,3.26,64,76,70.0,71,73,62,63.0,74,63,Needs some guidance,Warning,Ongoing,Average performance. Needs to focus more on lab work.,Participates occasionally,68.0,Good
S-10141,REG-2026-1141,M,23,BS Info Tech,3,S3,50,44,88.0,3.74,3.79,93,98,95.5,89,91,86,81.0,84,96,Regular studier,Excellent,Completed,Shows excellent leadership and analytical skills.,Shows leadership in sports,87.2,Excellent
S-10142,REG-2026-1142,F,22,BS AI,1,S2,50,33,66.0,2.59,2.45,65,66,65.5,71,72,62,60.0,63,66,Needs some guidance,Good,Ongoing,No feedback provided,Average sports player,64.25,Average
S-10143,REG-2026-1143,F,18,BS Software Eng,6,S1,50,45,90.0,3.5,3.67,96,90,93.0,99,90,99,84.0,97,98,Highly focused,Excellent,Completed,Shows excellent leadership and analytical skills.,Active club president,93.45,Excellent
S-10144,REG-2026-1144,F,18,BS Software Eng,6,S3,50,45,91.0,3.85,3.98,87,82,84.5,86,92,99,88.0,86,88,Very consistent,Excellent,Completed,No feedback provided,Shows leadership in sports,89.25,Excellent
S-10145,REG-2026-1145,F,19,BS Software Eng,3,S1,50,17,34.0,2.22,1.93,53,51,52.0,48,22,52,48.0,34,44,Needs constant monitoring,Probation,Not Started,Irregular attendance and extremely poor focus in class.,Shy and inactive,41.8,Poor
S-10146,REG-2026-1146,F,19,BS Computer Science,4,S3,50,33,66.0,2.64,2.91,63,59,61.0,62,57,67,73.0,63,68,Occasional studier,Warning,Ongoing,Understands the basics but struggles with complex logic.,Average sports player,65.4,Good
S-10147,REG-2026-1147,M,18,BS Computer Science,7,S3,50,46,92.0,3.8,3.82,93,98,95.5,95,82,85,99.0,86,98,Regular studier,Excellent,Completed,Outstanding performance throughout the semester.,Shows leadership in sports,90.95,Excellent
S-10148,REG-2026-1148,M,21,BS Data Science,8,S3,50,40,80.0,2.89,2.68,71,59,65.0,61,60,69,55.0,72,69,Needs some guidance,Good,Not Started,Average performance. Needs to focus more on lab work.,Learning basics of music,65.8,Good
S-10149,REG-2026-1149,M,23,BS Data Science,6,S1,50,36,73.0,3.39,3.42,63,66,64.5,63,69,63,67.0,76,62,Last-minute crammer,Warning,Not Started,Understands the basics but struggles with complex logic.,Learning basics of music,68.2,Good
S-10150,REG-2026-1150,F,23,BS Software Eng,8,S3,50,37,75.0,2.6,2.41,70,78,74.0,77,71,69,67.0,65,62,Needs some guidance,Good,Ongoing,Understands the basics but struggles with complex logic.,Participates occasionally,68.3,Good
S-10151,REG-2026-1151,F,23,BS Data Science,8,S2,50,48,97.0,3.9,3.99,86,97,91.5,92,92,98,96.0,99,92,Very consistent,Excellent,Completed,Shows excellent leadership and analytical skills.,Outstanding performer in arts,95.65,Excellent
S-10152,REG-2026-1152,F,25,BS Info Tech,8,S3,50,33,66.0,3.28,3.32,67,67,67.0,71,56,64,63.0,72,70,Last-minute crammer,Warning,Not Started,Average performance. Needs to focus more on lab work.,Participates occasionally,66.35,Good
S-10153,REG-2026-1153,F,19,BS AI,7,S2,50,32,65.0,3.25,3.53,74,64,69.0,64,78,73,68.0,65,58,Needs some guidance,Good,Not Started,"Participates occasionally, can definitely do better.",Learning basics of music,67.75,Good
S-10154,REG-2026-1154,F,22,BS Data Science,2,S3,50,36,72.0,3.04,2.9,66,55,60.5,76,62,72,63.0,59,68,Last-minute crammer,Good,Not Started,Good effort but needs more consistency in assignments.,Learning basics of music,64.6,Average
S-10155,REG-2026-1155,F,20,BS AI,7,S2,50,35,70.0,3.37,3.1,75,55,65.0,62,58,76,65.0,60,62,Needs some guidance,Good,Not Started,"Participates occasionally, can definitely do better.",Learning basics of music,64.5,Average
S-10156,REG-2026-1156,F,25,BS Computer Science,8,S3,50,36,72.0,3.32,3.11,58,64,61.0,57,67,59,75.0,58,64,Occasional studier,Warning,Not Started,"Participates occasionally, can definitely do better.",Average sports player,64.0,Average
S-10157,REG-2026-1157,M,23,BS Software Eng,7,S2,50,37,75.0,2.57,2.8,59,61,60.0,73,57,67,66.03,78,60,Occasional studier,Warning,Ongoing,Understands the basics but struggles with complex logic.,Learning basics of music,67.85,Good
S-10158,REG-2026-1158,M,25,BS Data Science,7,S3,50,17,35.0,1.99,1.99,24,29,26.5,38,43,28,47.0,48,52,Rarely studies,Probation,Not Started,"Needs urgent improvement, counseling recommended.",Struggles to participate,41.4,Poor
S-10159,REG-2026-1159,M,23,BS Info Tech,6,S2,50,20,40.0,1.15,1.15,33,39,36.0,20,36,28,66.03,37,22,Last-minute crammer,Probation,Not Started,Frequently misses deadlines and lacks motivation.,No interest,35.45,Poor
S-10160,REG-2026-1160,M,19,BS Data Science,7,S1,50,37,74.0,3.32,3.03,64,67,65.5,58,56,75,64.0,69,58,Last-minute crammer,Good,Not Started,Average performance. Needs to focus more on lab work.,Participates occasionally,65.85,Good
S-10161,REG-2026-1161,F,18,BS Data Science,1,S2,50,38,76.0,2.95,3.12,58,64,61.0,72,77,59,78.0,72,62,Needs some guidance,Good,Ongoing,Average performance. Needs to focus more on lab work.,Learning basics of music,69.85,Good
S-10162,REG-2026-1162,F,20,BS Software Eng,6,S1,50,34,69.0,3.02,3.22,56,65,60.5,66,75,57,77.0,69,55,Last-minute crammer,Warning,Ongoing,Good effort but needs more consistency in assignments.,Learning basics of music,67.0,Good
S-10163,REG-2026-1163,M,18,BS Software Eng,6,S1,50,33,67.0,3.11,2.83,78,64,71.0,59,59,63,70.0,68,62,Needs some guidance,Good,Not Started,Good effort but needs more consistency in assignments.,Average sports player,65.95,Good
S-10164,REG-2026-1164,M,20,BS Info Tech,2,S2,50,49,99.0,3.94,3.79,97,82,89.5,88,95,99,81.0,87,84,Highly focused,Excellent,Completed,Brilliant understanding of core concepts. A joy to teach.,Outstanding performer in arts,89.0,Excellent
S-10165,REG-2026-1165,M,25,BS Info Tech,5,S1,50,35,71.0,2.72,2.42,77,63,70.0,68,57,66,77.0,66,67,Occasional studier,Warning,Ongoing,Good effort but needs more consistency in assignments.,Learning basics of music,68.15,Good
S-10166,REG-2026-1166,M,25,BS Software Eng,7,S1,50,18,36.0,1.89,1.96,36,21,28.5,35,28,46,25.0,21,50,Last-minute crammer,Needs Improvement,Not Started,Frequently misses deadlines and lacks motivation.,No interest,31.35,Poor
S-10167,REG-2026-1167,F,24,BS Computer Science,7,S2,50,38,77.0,2.51,2.26,69,75,72.0,56,71,77,55.0,59,62,Last-minute crammer,Warning,Ongoing,Average performance. Needs to focus more on lab work.,Average sports player,64.45,Average
S-10168,REG-2026-1168,F,23,BS Info Tech,5,S2,50,40,81.0,3.14,2.92,62,67,64.5,66,68,75,69.0,64,58,Last-minute crammer,Good,Not Started,"Participates occasionally, can definitely do better.",Participates occasionally,67.45,Good
S-10169,REG-2026-1169,F,20,BS AI,4,S2,50,25,51.0,1.99,2.06,47,43,45.0,29,27,53,28.0,47,33,Rarely studies,Warning,Not Started,Lacks fundamental understanding of the subject matter.,No interest,39.8,Poor
S-10170,REG-2026-1170,M,18,BS Computer Science,2,S2,50,47,94.0,3.86,3.81,92,92,92.0,96,89,90,66.03,98,80,Regular studier,Excellent,Completed,Brilliant understanding of core concepts. A joy to teach.,Outstanding performer in arts,93.2,Excellent
S-10171,REG-2026-1171,M,20,BS Computer Science,2,S3,50,47,94.0,3.78,3.92,80,91,85.5,90,81,89,87.0,96,93,Regular studier,Excellent,Completed,Brilliant understanding of core concepts. A joy to teach.,Outstanding performer in arts,89.9,Excellent
S-10172,REG-2026-1172,F,20,BS Software Eng,7,S2,50,33,66.0,2.59,2.39,63,68,65.5,55,59,64,57.0,60,56,Last-minute crammer,Good,Not Started,Average performance. Needs to focus more on lab work.,Participates occasionally,60.1,Average
S-10173,REG-2026-1173,M,19,BS Computer Science,1,S1,50,28,57.0,2.17,1.88,43,35,39.0,53,43,47,20.0,26,25,Rarely studies,Probation,Not Started,"Needs urgent improvement, counseling recommended.",Shy and inactive,33.75,Poor
S-10174,REG-2026-1174,F,25,BS Computer Science,1,S3,50,30,60.0,1.78,1.5,29,44,36.5,29,43,34,22.0,44,52,Needs constant monitoring,Warning,Not Started,"Needs urgent improvement, counseling recommended.",No interest,38.1,Poor
S-10175,REG-2026-1175,M,23,BS AI,6,S1,50,28,56.0,1.01,1.18,20,21,20.5,23,22,49,47.0,38,47,Rarely studies,Needs Improvement,Not Started,Lacks fundamental understanding of the subject matter.,Struggles to participate,39.15,Poor
S-10176,REG-2026-1176,F,24,BS AI,1,S1,50,20,41.0,1.04,1.05,23,49,36.0,38,29,43,30.0,43,21,Last-minute crammer,Warning,Not Started,Lacks fundamental understanding of the subject matter.,Shy and inactive,35.75,Poor
S-10177,REG-2026-1177,M,19,BS AI,3,S3,50,30,60.0,2.36,2.36,21,28,24.5,31,29,49,24.0,22,20,Rarely studies,Warning,Not Started,"Needs urgent improvement, counseling recommended.",No interest,29.55,Poor
S-10178,REG-2026-1178,M,24,BS Software Eng,7,S1,50,39,78.0,2.79,3.07,73,78,75.5,77,58,59,78.0,73,59,Needs some guidance,Good,Not Started,Average performance. Needs to focus more on lab work.,Learning basics of music,69.7,Good
S-10179,REG-2026-1179,F,24,BS AI,7,S1,50,29,59.0,2.18,2.23,44,34,39.0,20,42,32,28.0,42,32,Needs constant monitoring,Needs Improvement,Not Started,Lacks fundamental understanding of the subject matter.,Struggles to participate,36.15,Poor
S-10180,REG-2026-1180,F,21,BS AI,7,S2,50,35,70.0,3.27,3.1,57,58,57.5,66,74,69,57.0,75,55,Needs some guidance,Good,Ongoing,Average performance. Needs to focus more on lab work.,Learning basics of music,65.95,Good
S-10181,REG-2026-1181,M,24,BS Computer Science,7,S3,50,42,85.0,3.78,3.68,91,82,86.5,81,82,86,85.0,84,93,Very consistent,Excellent,Completed,"Highly proactive, consistent, and quick learner.",Shows leadership in sports,85.35,Excellent
S-10182,REG-2026-1182,F,19,BS Computer Science,5,S2,50,28,58.0,2.39,2.45,38,21,29.5,48,53,51,46.0,46,40,Needs constant monitoring,Needs Improvement,Not Started,Lacks fundamental understanding of the subject matter.,Shy and inactive,45.9,Poor
S-10183,REG-2026-1183,F,21,BS Info Tech,5,S2,50,49,99.0,3.81,3.8,91,84,87.5,94,87,88,95.0,99,82,Highly focused,Excellent,Completed,No feedback provided,Shows leadership in sports,92.25,Excellent
S-10184,REG-2026-1184,F,23,BS Computer Science,7,S1,50,43,87.0,3.52,3.75,88,96,92.0,85,90,82,83.0,84,94,Very consistent,Excellent,Completed,"Highly proactive, consistent, and quick learner.",Active club president,86.1,Excellent
S-10185,REG-2026-1185,M,20,BS AI,7,S1,50,42,85.0,3.57,3.75,93,96,94.5,80,83,96,98.0,94,88,Very consistent,Excellent,Completed,Outstanding performance throughout the semester.,Outstanding performer in arts,92.3,Excellent
S-10186,REG-2026-1186,F,21,BS Info Tech,8,S1,50,24,48.0,1.26,1.24,51,20,35.5,24,53,20,41.0,27,45,Rarely studies,Probation,Not Started,Frequently misses deadlines and lacks motivation.,No interest,34.9,Poor
S-10187,REG-2026-1187,F,20,BS Info Tech,4,S2,50,32,65.0,2.91,3.15,66,77,71.5,69,58,58,62.0,72,60,Needs some guidance,Warning,Not Started,"Participates occasionally, can definitely do better.",Average sports player,64.75,Average
S-10188,REG-2026-1188,F,19,BS Software Eng,3,S3,50,38,77.0,2.83,2.83,57,62,59.5,56,68,72,59.0,73,68,Occasional studier,Warning,Not Started,Good effort but needs more consistency in assignments.,Learning basics of music,67.05,Good
S-10189,REG-2026-1189,M,20,BS AI,7,S1,50,34,68.0,2.57,2.39,73,73,73.0,68,70,65,72.0,61,70,Needs some guidance,Good,Not Started,Good effort but needs more consistency in assignments.,Learning basics of music,67.5,Good
S-10190,REG-2026-1190,F,20,BS Data Science,8,S1,50,34,69.0,2.53,2.6,55,61,58.0,72,77,72,69.0,56,57,Occasional studier,Good,Ongoing,Good effort but needs more consistency in assignments.,Participates occasionally,64.85,Average
S-10191,REG-2026-1191,F,25,BS Data Science,4,S3,50,49,98.0,3.77,3.52,88,97,92.5,81,91,83,96.0,88,91,Regular studier,Excellent,Completed,"Highly proactive, consistent, and quick learner.",Shows leadership in sports,90.05,Excellent
S-10192,REG-2026-1192,M,25,BS Computer Science,3,S1,50,40,80.0,2.7,2.69,55,65,60.0,59,66,74,63.0,59,67,Needs some guidance,Good,Ongoing,Understands the basics but struggles with complex logic.,Learning basics of music,64.7,Average
S-10193,REG-2026-1193,M,22,BS Data Science,1,S3,50,36,73.0,3.37,3.66,72,58,65.0,66,65,74,67.0,61,78,Last-minute crammer,Good,Not Started,Understands the basics but struggles with complex logic.,Average sports player,67.5,Good
S-10194,REG-2026-1194,M,25,BS Data Science,7,S3,50,34,68.0,2.93,2.73,62,71,66.5,71,62,65,66.03,55,77,Occasional studier,Good,Ongoing,Average performance. Needs to focus more on lab work.,Learning basics of music,62.6,Average
S-10195,REG-2026-1195,F,24,BS Computer Science,4,S2,50,37,74.0,2.54,2.49,69,63,66.0,72,62,60,61.0,73,61,Occasional studier,Warning,Not Started,Average performance. Needs to focus more on lab work.,Learning basics of music,65.65,Good
S-10196,REG-2026-1196,M,21,BS Data Science,6,S1,50,17,34.0,2.1,2.14,45,21,33.0,46,24,50,36.0,21,25,Needs constant monitoring,Warning,Not Started,"Needs urgent improvement, counseling recommended.",Struggles to participate,32.15,Poor
S-10197,REG-2026-1197,M,19,BS Data Science,6,S2,50,39,78.0,2.6,2.48,56,74,65.0,62,59,69,57.0,63,69,Occasional studier,Good,Ongoing,"Participates occasionally, can definitely do better.",Participates occasionally,63.8,Average
S-10198,REG-2026-1198,F,25,BS AI,2,S2,50,39,78.0,2.7,2.97,74,78,76.0,77,78,64,66.0,61,70,Needs some guidance,Good,Not Started,Good effort but needs more consistency in assignments.,Average sports player,68.2,Good
S-10199,REG-2026-1199,M,21,BS Data Science,8,S1,50,48,96.0,3.7,3.79,93,84,88.5,80,93,91,96.0,97,99,Highly focused,Excellent,Completed,Outstanding performance throughout the semester.,Shows leadership in sports,93.95,Excellent
S-10200,REG-2026-1200,M,24,BS Data Science,7,S1,50,15,30.0,1.4,1.67,52,21,36.5,28,50,21,45.0,31,45,Last-minute crammer,Probation,Not Started,Irregular attendance and extremely poor focus in class.,Shy and inactive,35.95,Poor
S-10201,REG-2026-1201,F,19,BS Data Science,7,S2,50,42,72.69,3.87,3.61,88,87,87.5,90,82,85,94.0,80,91,Regular studier,Excellent,Completed,Outstanding performance throughout the semester.,Outstanding performer in arts,86.35,Excellent
S-10202,REG-2026-1202,F,22,BS Info Tech,3,S3,50,40,81.0,2.81,2.86,64,73,68.5,55,67,68,63.0,58,74,Needs some guidance,Good,Not Started,Average performance. Needs to focus more on lab work.,Participates occasionally,65.05,Good
S-10203,REG-2026-1203,F,22,BS AI,8,S3,50,43,87.0,3.5,3.59,96,85,90.5,87,82,88,85.0,80,83,Highly focused,Excellent,Completed,Outstanding performance throughout the semester.,Active club president,84.45,Excellent
S-10204,REG-2026-1204,F,22,BS AI,2,S1,50,33,66.0,3.01,3.27,66,69,67.5,60,63,78,74.0,60,59,Last-minute crammer,Good,Ongoing,Understands the basics but struggles with complex logic.,Average sports player,66.75,Good
S-10205,REG-2026-1205,M,23,BS Data Science,1,S3,50,38,76.0,3.1,3.35,62,55,58.5,70,69,61,72.0,73,58,Last-minute crammer,Warning,Not Started,Good effort but needs more consistency in assignments.,Participates occasionally,67.65,Good
S-10206,REG-2026-1206,F,18,BS Software Eng,4,S2,50,34,69.0,3.19,3.0,75,70,72.5,62,71,70,64.0,60,67,Last-minute crammer,Warning,Not Started,Average performance. Needs to focus more on lab work.,Participates occasionally,65.9,Good
S-10207,REG-2026-1207,F,20,BS Data Science,3,S2,50,33,67.0,3.13,3.36,63,69,66.0,68,67,65,62.0,70,61,Occasional studier,Warning,Not Started,Understands the basics but struggles with complex logic.,Average sports player,65.8,Good
S-10208,REG-2026-1208,M,20,BS AI,6,S1,50,22,45.0,1.24,1.04,27,21,24.0,30,22,21,31.0,23,47,Last-minute crammer,Warning,Not Started,Lacks fundamental understanding of the subject matter.,Shy and inactive,28.15,Poor
S-10209,REG-2026-1209,M,21,BS Info Tech,5,S3,50,37,74.0,2.89,2.87,70,69,69.5,68,61,55,70.0,65,55,Last-minute crammer,Good,Ongoing,"Participates occasionally, can definitely do better.",Average sports player,64.15,Average
S-10210,REG-2026-1210,F,21,BS Info Tech,8,S3,50,37,74.0,2.57,2.79,77,56,66.5,68,69,70,59.0,70,67,Last-minute crammer,Warning,Ongoing,Understands the basics but struggles with complex logic.,Learning basics of music,67.15,Good
S-10211,REG-2026-1211,M,22,BS Data Science,4,S2,50,40,80.0,3.29,2.91,59,55,57.0,56,71,72,76.0,74,57,Occasional studier,Good,Ongoing,Understands the basics but struggles with complex logic.,Participates occasionally,69.8,Good
S-10212,REG-2026-1212,M,23,BS Computer Science,2,S2,50,40,80.0,3.1,3.07,60,74,67.0,57,66,58,61.0,61,72,Needs some guidance,Good,Ongoing,Good effort but needs more consistency in assignments.,Learning basics of music,63.5,Average
S-10213,REG-2026-1213,M,19,BS AI,8,S2,50,17,35.0,1.06,1.34,20,45,32.5,45,30,45,22.0,24,35,Last-minute crammer,Warning,Not Started,Irregular attendance and extremely poor focus in class.,No interest,30.9,Poor
S-10214,REG-2026-1214,M,24,BS Computer Science,1,S3,50,36,72.0,3.25,3.22,59,60,59.5,64,55,74,57.0,59,76,Needs some guidance,Warning,Ongoing,Good effort but needs more consistency in assignments.,Average sports player,63.1,Average
S-10215,REG-2026-1215,F,22,BS Computer Science,8,S3,50,25,50.0,1.4,1.4,46,31,38.5,42,25,30,47.0,20,31,Needs constant monitoring,Warning,Not Started,"Needs urgent improvement, counseling recommended.",Shy and inactive,32.95,Poor
S-10216,REG-2026-1216,F,20,BS Software Eng,8,S3,50,34,69.0,2.89,3.0,62,76,69.0,59,69,72,70.0,60,73,Needs some guidance,Good,Ongoing,Understands the basics but struggles with complex logic.,Average sports player,67.3,Good
S-10217,REG-2026-1217,F,18,BS AI,4,S1,50,34,68.0,3.24,3.51,60,68,64.0,77,62,62,65.0,58,61,Needs some guidance,Warning,Not Started,"Participates occasionally, can definitely do better.",Average sports player,62.75,Average
S-10218,REG-2026-1218,F,19,BS AI,5,S2,50,19,39.0,2.38,2.49,35,29,32.0,39,34,44,52.0,51,30,Last-minute crammer,Needs Improvement,Not Started,Lacks fundamental understanding of the subject matter.,Shy and inactive,43.25,Poor
S-10219,REG-2026-1219,M,23,BS Software Eng,5,S2,50,37,74.0,2.88,2.8,70,75,72.5,57,61,71,55.0,65,72,Last-minute crammer,Good,Not Started,Understands the basics but struggles with complex logic.,Participates occasionally,65.0,Good
S-10220,REG-2026-1220,F,25,BS Data Science,5,S3,50,32,65.0,2.72,2.88,56,66,61.0,60,72,60,65.0,61,56,Occasional studier,Warning,Not Started,No feedback provided,Average sports player,62.4,Average
S-10221,REG-2026-1221,M,23,BS Data Science,3,S1,50,42,85.0,3.76,3.88,84,95,89.5,95,82,81,96.0,93,91,Very consistent,Excellent,Completed,"Highly proactive, consistent, and quick learner.",Active club president,89.85,Excellent
S-10222,REG-2026-1222,M,21,BS Info Tech,1,S1,50,39,78.0,2.71,2.51,59,62,60.5,62,71,58,73.0,67,71,Last-minute crammer,Good,Ongoing,Good effort but needs more consistency in assignments.,Learning basics of music,67.3,Good
S-10223,REG-2026-1223,F,24,BS AI,4,S3,50,38,77.0,3.49,3.64,69,70,69.5,68,65,76,68.0,56,76,Occasional studier,Warning,Ongoing,Average performance. Needs to focus more on lab work.,Participates occasionally,67.3,Good
S-10224,REG-2026-1224,F,22,BS Info Tech,5,S2,50,37,75.0,3.46,3.73,59,61,60.0,77,70,55,59.0,69,55,Occasional studier,Good,Not Started,No feedback provided,Participates occasionally,63.4,Average
S-10225,REG-2026-1225,F,20,BS Software Eng,6,S3,50,37,74.0,2.6,2.59,73,63,68.0,68,63,64,68.0,57,71,Occasional studier,Good,Ongoing,Understands the basics but struggles with complex logic.,Participates occasionally,64.75,Average
S-10226,REG-2026-1226,M,19,BS Data Science,3,S1,50,32,65.0,3.23,2.96,66,78,72.0,66,72,74,64.0,56,71,Needs some guidance,Good,Ongoing,"Participates occasionally, can definitely do better.",Learning basics of music,65.95,Good
S-10227,REG-2026-1227,F,22,BS Info Tech,3,S1,50,38,77.0,2.89,2.92,64,57,60.5,69,67,69,78.0,62,60,Needs some guidance,Warning,Not Started,Understands the basics but struggles with complex logic.,Participates occasionally,67.5,Good
S-10228,REG-2026-1228,F,20,BS Data Science,1,S1,50,22,45.0,1.98,1.9,31,43,37.0,25,27,37,48.0,25,31,Last-minute crammer,Warning,Not Started,Lacks fundamental understanding of the subject matter.,Shy and inactive,34.4,Poor
S-10229,REG-2026-1229,F,24,BS AI,2,S1,50,17,35.0,2.4,2.18,50,35,42.5,24,36,33,33.0,40,41,Rarely studies,Needs Improvement,Not Started,Lacks fundamental understanding of the subject matter.,No interest,36.45,Poor
S-10230,REG-2026-1230,F,18,BS Data Science,6,S1,50,41,83.0,2.77,2.81,72,59,65.5,74,55,70,62.0,76,61,Occasional studier,Warning,Not Started,Good effort but needs more consistency in assignments.,Participates occasionally,67.9,Good
S-10231,REG-2026-1231,M,24,BS Info Tech,6,S1,50,33,72.69,2.73,2.96,65,73,69.0,60,78,62,55.0,57,68,Last-minute crammer,Warning,Ongoing,"Participates occasionally, can definitely do better.",Participates occasionally,62.35,Average
S-10232,REG-2026-1232,M,22,BS Info Tech,1,S3,50,25,50.0,1.98,2.91,33,47,40.0,42,24,53,51.0,53,35,Rarely studies,Warning,Not Started,Frequently misses deadlines and lacks motivation.,Struggles to participate,45.9,Poor
S-10233,REG-2026-1233,F,18,BS AI,2,S3,50,41,83.0,3.0,3.0,70,77,73.5,70,59,59,78.0,68,61,Last-minute crammer,Good,Ongoing,"Participates occasionally, can definitely do better.",Participates occasionally,68.45,Good
S-10234,REG-2026-1234,M,25,BS Info Tech,5,S3,50,37,75.0,2.89,2.98,60,63,61.5,60,66,56,72.0,59,77,Occasional studier,Warning,Not Started,Average performance. Needs to focus more on lab work.,Average sports player,64.75,Average
S-10235,REG-2026-1235,F,21,BS Computer Science,4,S2,50,42,85.0,3.89,3.81,94,87,90.5,81,90,86,89.0,80,80,Highly focused,Excellent,Completed,Outstanding performance throughout the semester.,Outstanding performer in arts,85.05,Excellent
S-10236,REG-2026-1236,F,23,BS Info Tech,3,S2,50,15,31.0,1.64,1.88,40,49,44.5,47,41,23,23.0,49,27,Needs constant monitoring,Probation,Not Started,Frequently misses deadlines and lacks motivation.,No interest,35.45,Poor
S-10237,REG-2026-1237,F,20,BS Software Eng,7,S3,50,38,76.0,2.81,2.72,59,67,63.0,75,68,73,67.0,74,65,Occasional studier,Warning,Ongoing,"Participates occasionally, can definitely do better.",Average sports player,70.0,Good
S-10238,REG-2026-1238,F,22,BS Software Eng,8,S2,50,18,37.0,1.88,1.95,49,43,46.0,35,46,49,32.0,51,40,Last-minute crammer,Warning,Not Started,"Needs urgent improvement, counseling recommended.",Struggles to participate,43.3,Poor
S-10239,REG-2026-1239,F,22,BS Data Science,3,S1,50,35,70.0,3.37,3.12,60,65,62.5,70,55,61,63.0,61,73,Needs some guidance,Warning,Not Started,Understands the basics but struggles with complex logic.,Learning basics of music,63.05,Average
S-10240,REG-2026-1240,F,22,BS Computer Science,8,S1,50,41,83.0,2.93,2.91,76,76,76.0,61,60,57,60.0,72,60,Needs some guidance,Good,Ongoing,Average performance. Needs to focus more on lab work.,Learning basics of music,65.35,Good
S-10241,REG-2026-1241,F,22,BS Info Tech,6,S1,50,37,75.0,3.22,3.49,76,62,69.0,57,77,55,72.0,56,74,Needs some guidance,Good,Ongoing,"Participates occasionally, can definitely do better.",Participates occasionally,65.25,Good
S-10242,REG-2026-1242,F,19,BS Software Eng,3,S1,50,40,81.0,3.27,3.24,57,70,63.5,64,59,65,76.0,78,72,Needs some guidance,Warning,Not Started,No feedback provided,Participates occasionally,71.15,Good
S-10243,REG-2026-1243,F,19,BS Computer Science,4,S3,50,16,32.0,1.87,1.85,36,47,41.5,37,44,48,35.0,41,39,Needs constant monitoring,Warning,Not Started,Frequently misses deadlines and lacks motivation.,Struggles to participate,40.35,Poor
S-10244,REG-2026-1244,F,18,BS Software Eng,7,S1,50,25,51.0,1.3,1.51,25,48,36.5,25,28,31,40.0,22,53,Last-minute crammer,Needs Improvement,Not Started,"Needs urgent improvement, counseling recommended.",Shy and inactive,33.7,Poor
S-10245,REG-2026-1245,M,25,BS AI,3,S2,50,48,97.0,3.94,3.83,95,98,96.5,99,88,92,66.03,82,87,Highly focused,Excellent,Completed,Brilliant understanding of core concepts. A joy to teach.,Active club president,87.25,Excellent
S-10246,REG-2026-1246,M,24,BS Info Tech,8,S2,50,39,72.69,2.72,3.0,75,62,68.5,64,75,55,74.0,70,65,Last-minute crammer,Good,Not Started,Understands the basics but struggles with complex logic.,Average sports player,68.5,Good
S-10247,REG-2026-1247,F,23,BS Software Eng,2,S1,50,34,68.0,2.64,2.69,66,69,67.5,56,71,72,57.0,76,55,Needs some guidance,Good,Not Started,Average performance. Needs to focus more on lab work.,Average sports player,66.75,Good
S-10248,REG-2026-1248,F,18,BS Software Eng,2,S1,50,34,69.0,3.09,3.03,75,73,74.0,64,78,59,62.0,76,74,Occasional studier,Warning,Ongoing,Good effort but needs more consistency in assignments.,Learning basics of music,69.5,Good
S-10249,REG-2026-1249,M,25,BS Info Tech,8,S2,50,26,52.0,2.17,1.9,31,28,29.5,22,43,45,24.0,33,32,Needs constant monitoring,Probation,Not Started,Irregular attendance and extremely poor focus in class.,No interest,33.95,Poor
S-10250,REG-2026-1250,F,23,BS Computer Science,2,S3,50,34,68.0,3.4,3.58,62,66,64.0,70,66,75,60.0,68,78,Last-minute crammer,Good,Ongoing,Understands the basics but struggles with complex logic.,Average sports player,67.95,Good
S-10251,REG-2026-1251,F,22,BS Data Science,2,S2,50,36,73.0,2.64,2.93,66,61,63.5,69,73,76,60.0,76,65,Needs some guidance,Warning,Not Started,Understands the basics but struggles with complex logic.,Average sports player,69.65,Good
S-10252,REG-2026-1252,M,19,BS Computer Science,7,S2,50,39,78.0,2.53,2.59,70,77,73.5,68,69,71,69.0,65,67,Occasional studier,Warning,Not Started,"Participates occasionally, can definitely do better.",Average sports player,68.95,Good
S-10253,REG-2026-1253,M,23,BS Info Tech,8,S1,50,37,75.0,2.78,2.48,62,78,70.0,57,57,77,66.0,56,60,Needs some guidance,Warning,Ongoing,Good effort but needs more consistency in assignments.,Learning basics of music,64.05,Average
S-10254,REG-2026-1254,F,24,BS Software Eng,5,S3,50,40,80.0,2.65,2.51,63,76,69.5,76,61,69,62.0,68,74,Needs some guidance,Good,Not Started,Average performance. Needs to focus more on lab work.,Average sports player,68.0,Good
S-10255,REG-2026-1255,F,23,BS Data Science,8,S1,50,45,91.0,3.81,3.56,91,83,87.0,90,88,90,92.0,95,95,Regular studier,Excellent,Completed,"Highly proactive, consistent, and quick learner.",Outstanding performer in arts,91.7,Excellent
S-10256,REG-2026-1256,F,24,BS Software Eng,7,S3,50,18,36.0,1.63,1.51,38,34,36.0,53,22,44,25.0,42,32,Rarely studies,Probation,Not Started,Lacks fundamental understanding of the subject matter.,Shy and inactive,35.55,Poor
S-10257,REG-2026-1257,M,22,BS Software Eng,3,S2,50,36,72.0,2.55,2.82,68,78,73.0,75,73,73,66.0,62,60,Needs some guidance,Warning,Not Started,Average performance. Needs to focus more on lab work.,Average sports player,67.6,Good
S-10258,REG-2026-1258,M,23,BS AI,2,S1,50,44,89.0,3.99,3.99,93,97,95.0,91,97,81,92.0,93,92,Regular studier,Excellent,Completed,Brilliant understanding of core concepts. A joy to teach.,Outstanding performer in arts,91.2,Excellent
S-10259,REG-2026-1259,F,19,BS AI,5,S1,50,46,92.0,3.8,3.57,98,87,92.5,80,90,85,88.0,96,81,Very consistent,Excellent,Completed,"Highly proactive, consistent, and quick learner.",Shows leadership in sports,89.3,Excellent
S-10260,REG-2026-1260,M,25,BS Computer Science,2,S3,50,40,81.0,2.68,2.83,57,76,66.5,59,67,63,62.0,60,58,Last-minute crammer,Good,Not Started,"Participates occasionally, can definitely do better.",Learning basics of music,63.0,Average
S-10261,REG-2026-1261,F,19,BS Computer Science,8,S1,50,39,78.0,3.34,3.3,55,56,55.5,77,55,69,57.0,67,72,Needs some guidance,Good,Ongoing,Understands the basics but struggles with complex logic.,Participates occasionally,64.5,Average
S-10262,REG-2026-1262,F,19,BS Info Tech,7,S3,50,33,67.0,2.61,2.88,59,59,59.0,63,78,62,69.0,73,72,Occasional studier,Good,Ongoing,Understands the basics but struggles with complex logic.,Average sports player,68.75,Good
S-10263,REG-2026-1263,M,19,BS Computer Science,2,S3,50,42,85.0,3.68,3.46,88,95,91.5,85,86,85,91.0,94,94,Highly focused,Excellent,Completed,Outstanding performance throughout the semester.,Active club president,90.1,Excellent
S-10264,REG-2026-1264,F,24,BS Software Eng,2,S2,50,43,72.69,3.56,3.51,91,86,88.5,91,97,97,83.0,95,85,Very consistent,Excellent,Completed,Outstanding performance throughout the semester.,Outstanding performer in arts,90.8,Excellent
S-10265,REG-2026-1265,F,24,BS Data Science,6,S2,50,39,78.0,2.81,3.05,72,60,66.0,68,70,56,55.0,60,72,Occasional studier,Warning,Not Started,Good effort but needs more consistency in assignments.,Learning basics of music,62.5,Average
S-10266,REG-2026-1266,F,25,BS Data Science,1,S3,50,44,88.0,3.96,3.71,95,96,95.5,88,90,86,86.0,99,99,Highly focused,Excellent,Completed,Brilliant understanding of core concepts. A joy to teach.,Shows leadership in sports,92.1,Excellent
S-10267,REG-2026-1267,F,21,BS Software Eng,5,S1,50,35,70.0,2.65,2.81,67,78,72.5,68,56,74,66.03,63,63,Last-minute crammer,Good,Ongoing,Understands the basics but struggles with complex logic.,Learning basics of music,66.3,Good
S-10268,REG-2026-1268,F,23,BS Computer Science,5,S1,50,41,82.0,3.21,3.48,74,78,76.0,56,64,72,55.0,72,73,Last-minute crammer,Warning,Not Started,"Participates occasionally, can definitely do better.",Average sports player,68.0,Good
S-10269,REG-2026-1269,F,23,BS Software Eng,2,S3,50,47,94.0,3.72,3.6,83,80,81.5,83,84,84,83.0,95,98,Regular studier,Excellent,Completed,Brilliant understanding of core concepts. A joy to teach.,Outstanding performer in arts,88.15,Excellent
S-10270,REG-2026-1270,F,20,BS Computer Science,2,S2,50,33,67.0,3.19,3.32,72,76,74.0,60,55,73,70.0,74,63,Needs some guidance,Good,Ongoing,Average performance. Needs to focus more on lab work.,Average sports player,69.0,Good
S-10271,REG-2026-1271,F,20,BS Info Tech,8,S2,50,28,72.69,2.11,1.94,45,31,38.0,32,36,26,52.0,20,33,Last-minute crammer,Needs Improvement,Not Started,"Needs urgent improvement, counseling recommended.",Struggles to participate,34.5,Poor
S-10272,REG-2026-1272,F,18,BS Software Eng,4,S1,50,38,77.0,3.21,3.41,69,73,71.0,56,61,62,59.0,65,76,Last-minute crammer,Warning,Not Started,Understands the basics but struggles with complex logic.,Learning basics of music,64.8,Average
S-10273,REG-2026-1273,F,19,BS Info Tech,6,S1,50,41,82.0,2.76,2.84,60,73,66.5,72,55,74,60.0,77,64,Last-minute crammer,Warning,Not Started,Average performance. Needs to focus more on lab work.,Participates occasionally,68.6,Good
S-10274,REG-2026-1274,M,20,BS Info Tech,4,S3,50,29,59.0,1.63,1.63,20,27,23.5,43,46,45,20.0,46,36,Rarely studies,Warning,Not Started,Irregular attendance and extremely poor focus in class.,Shy and inactive,37.9,Poor
S-10275,REG-2026-1275,F,23,BS AI,6,S2,50,40,80.0,2.53,2.59,78,55,66.5,70,58,65,71.0,60,72,Last-minute crammer,Good,Ongoing,Average performance. Needs to focus more on lab work.,Learning basics of music,66.1,Good
S-10276,REG-2026-1276,F,18,BS Software Eng,7,S2,50,16,32.0,2.21,2.17,47,26,36.5,22,43,38,50.0,26,47,Needs constant monitoring,Probation,Not Started,No feedback provided,Struggles to participate,37.55,Poor
S-10277,REG-2026-1277,M,24,BS Data Science,2,S2,50,37,75.0,2.68,2.48,78,62,70.0,70,60,58,62.0,77,73,Last-minute crammer,Warning,Not Started,"Participates occasionally, can definitely do better.",Participates occasionally,67.9,Good
S-10278,REG-2026-1278,F,18,BS Info Tech,3,S1,50,36,73.0,3.24,3.26,68,56,62.0,57,64,60,56.0,78,60,Occasional studier,Warning,Ongoing,Understands the basics but struggles with complex logic.,Participates occasionally,64.8,Average
S-10279,REG-2026-1279,M,22,BS Data Science,6,S2,50,36,72.0,3.08,3.16,77,70,73.5,66,60,57,63.0,67,74,Occasional studier,Good,Not Started,"Participates occasionally, can definitely do better.",Participates occasionally,65.55,Good
S-10280,REG-2026-1280,F,21,BS Data Science,3,S1,50,41,82.0,3.14,3.21,57,63,60.0,59,58,66,68.0,66,64,Needs some guidance,Good,Ongoing,Good effort but needs more consistency in assignments.,Average sports player,65.25,Good
S-10281,REG-2026-1281,M,22,BS Info Tech,5,S3,50,39,79.0,2.81,3.02,67,68,67.5,67,65,56,78.0,68,68,Needs some guidance,Warning,Ongoing,"Participates occasionally, can definitely do better.",Learning basics of music,68.35,Good
S-10282,REG-2026-1282,M,23,BS AI,5,S2,50,36,73.0,2.88,2.79,68,56,62.0,70,64,61,71.0,65,59,Needs some guidance,Warning,Ongoing,Good effort but needs more consistency in assignments.,Average sports player,65.25,Good
S-10283,REG-2026-1283,F,19,BS Computer Science,7,S1,50,38,77.0,2.7,2.82,77,72,74.5,75,71,70,75.0,56,56,Occasional studier,Warning,Ongoing,Understands the basics but struggles with complex logic.,Participates occasionally,67.25,Good
S-10284,REG-2026-1284,F,20,BS Computer Science,3,S3,50,16,32.0,2.05,1.96,42,35,38.5,37,40,38,66.03,48,46,Needs constant monitoring,Probation,Not Started,Irregular attendance and extremely poor focus in class.,No interest,38.0,Poor
S-10285,REG-2026-1285,M,18,BS Computer Science,5,S3,50,40,80.0,2.7,2.49,61,58,59.5,57,76,76,73.0,58,75,Needs some guidance,Good,Ongoing,"Participates occasionally, can definitely do better.",Average sports player,68.4,Good
S-10286,REG-2026-1286,M,21,BS AI,6,S1,50,46,93.0,3.68,3.97,85,88,86.5,96,87,91,93.0,85,80,Very consistent,Excellent,Completed,"Highly proactive, consistent, and quick learner.",Active club president,88.3,Excellent
S-10287,REG-2026-1287,M,18,BS Info Tech,3,S1,50,36,72.0,3.05,2.84,56,77,66.5,74,75,65,66.0,57,76,Last-minute crammer,Warning,Ongoing,No feedback provided,Participates occasionally,66.25,Good
S-10288,REG-2026-1288,F,24,BS Data Science,7,S3,50,26,52.0,1.39,1.34,45,51,48.0,25,25,20,40.0,42,25,Rarely studies,Probation,Not Started,Lacks fundamental understanding of the subject matter.,Struggles to participate,35.15,Poor
S-10289,REG-2026-1289,F,20,BS Computer Science,7,S2,50,40,81.0,3.09,3.1,55,60,57.5,56,77,74,76.0,77,70,Last-minute crammer,Warning,Not Started,"Participates occasionally, can definitely do better.",Learning basics of music,72.85,Good
S-10290,REG-2026-1290,F,24,BS Data Science,6,S2,50,24,49.0,2.02,1.8,22,37,29.5,48,47,53,27.0,35,39,Needs constant monitoring,Needs Improvement,Not Started,"Needs urgent improvement, counseling recommended.",Struggles to participate,38.5,Poor
S-10291,REG-2026-1291,M,23,BS AI,5,S1,50,23,46.0,1.72,1.91,25,45,35.0,44,32,48,66.03,39,23,Rarely studies,Probation,Not Started,Lacks fundamental understanding of the subject matter.,No interest,39.85,Poor
S-10292,REG-2026-1292,F,21,BS Info Tech,8,S2,50,35,70.0,3.39,3.59,73,77,75.0,62,67,67,61.0,71,73,Occasional studier,Good,Not Started,Good effort but needs more consistency in assignments.,Average sports player,68.1,Good
S-10293,REG-2026-1293,F,21,BS Data Science,7,S1,50,38,77.0,3.0,3.13,77,71,74.0,57,70,74,55.0,57,76,Occasional studier,Warning,Not Started,Good effort but needs more consistency in assignments.,Participates occasionally,65.05,Good
S-10294,REG-2026-1294,F,18,BS Software Eng,4,S3,50,41,83.0,3.32,3.08,64,69,66.5,59,65,61,76.0,55,63,Last-minute crammer,Good,Not Started,Average performance. Needs to focus more on lab work.,Average sports player,64.65,Average
S-10295,REG-2026-1295,M,24,BS Data Science,5,S1,50,17,34.0,1.31,1.55,49,26,37.5,25,53,52,32.0,29,22,Last-minute crammer,Probation,Not Started,Frequently misses deadlines and lacks motivation.,Struggles to participate,35.65,Poor
S-10296,REG-2026-1296,F,23,BS AI,1,S2,50,34,68.0,3.35,3.07,76,64,70.0,63,63,58,75.0,59,67,Needs some guidance,Warning,Ongoing,"Participates occasionally, can definitely do better.",Average sports player,65.0,Good
S-10297,REG-2026-1297,F,25,BS AI,2,S2,50,30,60.0,1.18,1.18,36,40,38.0,32,46,33,43.0,34,44,Needs constant monitoring,Needs Improvement,Not Started,Lacks fundamental understanding of the subject matter.,Shy and inactive,39.45,Poor
S-10298,REG-2026-1298,M,22,BS Computer Science,8,S1,50,20,41.0,2.02,2.14,53,39,46.0,45,31,52,40.0,31,23,Last-minute crammer,Warning,Not Started,Irregular attendance and extremely poor focus in class.,Shy and inactive,37.85,Poor
S-10299,REG-2026-1299,M,18,BS Data Science,8,S3,50,38,77.0,2.64,2.77,76,64,70.0,77,75,74,61.0,74,75,Needs some guidance,Good,Ongoing,Average performance. Needs to focus more on lab work.,Learning basics of music,71.5,Good
S-10300,REG-2026-1300,F,21,BS Data Science,3,S3,50,48,97.0,3.7,3.6,93,83,88.0,94,99,96,95.0,80,96,Regular studier,Excellent,Completed,Shows excellent leadership and analytical skills.,Active club president,91.25,Excellent
S-10301,REG-2026-1301,F,23,BS Computer Science,8,S2,50,43,86.0,3.94,3.97,91,81,86.0,96,99,81,92.0,99,83,Very consistent,Excellent,Completed,Outstanding performance throughout the semester.,Shows leadership in sports,91.2,Excellent
S-10302,REG-2026-1302,F,20,BS Computer Science,1,S1,50,34,68.0,3.48,3.4,57,77,67.0,64,62,69,56.0,72,68,Last-minute crammer,Good,Not Started,"Participates occasionally, can definitely do better.",Learning basics of music,65.85,Good
S-10303,REG-2026-1303,F,20,BS Computer Science,5,S3,50,33,67.0,2.63,2.55,62,60,61.0,74,60,58,76.0,61,74,Last-minute crammer,Warning,Not Started,No feedback provided,Participates occasionally,65.7,Good
S-10304,REG-2026-1304,M,18,BS Computer Science,4,S1,50,37,75.0,3.16,3.43,68,60,64.0,56,56,67,58.0,62,59,Occasional studier,Good,Not Started,Good effort but needs more consistency in assignments.,Participates occasionally,61.6,Average
S-10305,REG-2026-1305,F,22,BS Computer Science,1,S3,50,40,80.0,3.43,3.64,64,58,61.0,61,57,62,68.0,72,72,Last-minute crammer,Warning,Not Started,Average performance. Needs to focus more on lab work.,Participates occasionally,66.95,Good
S-10306,REG-2026-1306,F,24,BS Software Eng,8,S1,50,42,85.0,3.96,3.85,97,96,96.5,84,92,85,99.0,85,83,Highly focused,Excellent,Completed,"Highly proactive, consistent, and quick learner.",Shows leadership in sports,89.4,Excellent
S-10307,REG-2026-1307,M,24,BS Info Tech,6,S1,50,27,55.0,1.06,1.15,25,42,33.5,28,42,30,20.0,35,27,Rarely studies,Warning,Not Started,Irregular attendance and extremely poor focus in class.,Struggles to participate,31.65,Poor
S-10308,REG-2026-1308,F,23,BS Info Tech,3,S3,50,34,69.0,2.95,2.79,71,65,68.0,55,57,64,56.0,59,72,Occasional studier,Good,Ongoing,No feedback provided,Average sports player,61.45,Average
S-10309,REG-2026-1309,M,23,BS AI,7,S1,50,30,60.0,2.14,1.87,37,27,32.0,35,21,42,41.0,20,53,Last-minute crammer,Warning,Not Started,Irregular attendance and extremely poor focus in class.,Shy and inactive,34.85,Poor
S-10310,REG-2026-1310,F,25,BS Computer Science,3,S1,50,32,65.0,2.9,2.96,64,73,68.5,64,62,72,73.0,55,60,Last-minute crammer,Good,Not Started,Understands the basics but struggles with complex logic.,Average sports player,64.65,Average
S-10311,REG-2026-1311,F,18,BS Data Science,6,S3,50,33,66.0,3.18,3.45,63,57,60.0,56,76,64,76.0,71,69,Needs some guidance,Warning,Ongoing,Good effort but needs more consistency in assignments.,Participates occasionally,69.15,Good
S-10312,REG-2026-1312,F,22,BS Computer Science,4,S1,50,44,88.0,3.69,3.74,85,88,86.5,86,87,80,82.0,80,96,Highly focused,Excellent,Completed,"Highly proactive, consistent, and quick learner.",Shows leadership in sports,84.05,Excellent
S-10313,REG-2026-1313,M,20,BS Data Science,8,S3,50,37,75.0,2.69,2.47,75,68,71.5,64,67,65,76.0,67,66,Last-minute crammer,Good,Ongoing,Average performance. Needs to focus more on lab work.,Participates occasionally,69.1,Good
S-10314,REG-2026-1314,F,24,BS Info Tech,3,S2,50,49,99.0,3.99,3.82,99,97,98.0,84,83,88,96.0,88,90,Very consistent,Excellent,Completed,Brilliant understanding of core concepts. A joy to teach.,Active club president,90.65,Excellent
S-10315,REG-2026-1315,F,25,BS Computer Science,3,S2,50,28,56.0,1.84,1.67,23,51,37.0,40,52,37,33.0,31,50,Needs constant monitoring,Probation,Not Started,Irregular attendance and extremely poor focus in class.,Struggles to participate,38.6,Poor
S-10316,REG-2026-1316,M,25,BS Info Tech,5,S1,50,44,88.0,3.64,3.84,92,84,88.0,88,92,99,91.0,92,87,Regular studier,Excellent,Completed,No feedback provided,Shows leadership in sports,91.55,Excellent
S-10317,REG-2026-1317,F,25,BS Computer Science,2,S2,50,45,91.0,3.62,3.4,80,94,87.0,95,93,81,82.0,85,82,Highly focused,Excellent,Completed,Shows excellent leadership and analytical skills.,Shows leadership in sports,85.3,Excellent
S-10318,REG-2026-1318,M,25,BS Software Eng,4,S2,50,40,81.0,2.65,2.47,77,74,75.5,66,70,70,55.0,75,58,Last-minute crammer,Good,Ongoing,Average performance. Needs to focus more on lab work.,Learning basics of music,67.95,Good
S-10319,REG-2026-1319,M,18,BS AI,2,S1,50,16,32.0,2.37,2.64,20,28,24.0,29,52,47,43.0,32,25,Needs constant monitoring,Needs Improvement,Not Started,Frequently misses deadlines and lacks motivation.,Shy and inactive,36.8,Poor
S-10320,REG-2026-1320,M,24,BS Data Science,3,S2,50,46,93.0,3.79,2.91,93,84,88.5,96,87,97,90.0,82,90,Highly focused,Excellent,Completed,Shows excellent leadership and analytical skills.,Outstanding performer in arts,89.05,Excellent
S-10321,REG-2026-1321,F,22,BS Info Tech,2,S2,50,43,86.0,3.51,3.44,94,82,88.0,89,85,93,86.0,94,82,Highly focused,Excellent,Completed,Shows excellent leadership and analytical skills.,Active club president,88.9,Excellent
S-10322,REG-2026-1322,F,22,BS AI,4,S1,50,36,73.0,2.59,2.51,60,64,62.0,57,56,73,56.0,62,71,Occasional studier,Warning,Not Started,Average performance. Needs to focus more on lab work.,Average sports player,63.05,Average
S-10323,REG-2026-1323,M,18,BS Info Tech,5,S2,50,34,68.0,2.91,2.73,57,64,60.5,65,59,64,68.0,64,64,Last-minute crammer,Warning,Ongoing,Good effort but needs more consistency in assignments.,Average sports player,64.2,Average
S-10324,REG-2026-1324,M,23,BS Data Science,3,S1,50,40,81.0,2.66,2.61,64,69,66.5,73,59,64,72.0,55,67,Occasional studier,Warning,Not Started,"Participates occasionally, can definitely do better.",Participates occasionally,64.7,Average
S-10325,REG-2026-1325,F,25,BS AI,7,S1,50,42,85.0,3.82,3.67,93,93,93.0,96,92,82,85.0,81,97,Regular studier,Excellent,Completed,Brilliant understanding of core concepts. A joy to teach.,Shows leadership in sports,86.8,Excellent
S-10326,REG-2026-1326,F,18,BS Computer Science,1,S3,50,40,81.0,3.0,3.27,65,63,64.0,62,69,71,58.0,66,78,Needs some guidance,Warning,Ongoing,Average performance. Needs to focus more on lab work.,Learning basics of music,67.0,Good
S-10327,REG-2026-1327,M,18,BS Info Tech,3,S1,50,41,83.0,3.28,3.04,78,72,75.0,73,73,59,78.0,76,74,Last-minute crammer,Warning,Ongoing,Understands the basics but struggles with complex logic.,Participates occasionally,73.45,Good
S-10328,REG-2026-1328,F,22,BS Computer Science,5,S1,50,30,60.0,1.52,1.71,37,30,33.5,23,52,34,21.0,43,36,Rarely studies,Probation,Not Started,Frequently misses deadlines and lacks motivation.,Struggles to participate,36.35,Poor
S-10329,REG-2026-1329,F,21,BS Info Tech,2,S2,50,44,88.0,3.91,3.77,98,80,89.0,92,93,98,86.0,82,90,Regular studier,Excellent,Completed,Shows excellent leadership and analytical skills.,Shows leadership in sports,88.6,Excellent
S-10330,REG-2026-1330,F,24,BS Data Science,2,S3,50,33,66.0,3.03,3.17,67,63,65.0,60,77,68,66.0,68,64,Last-minute crammer,Good,Not Started,Good effort but needs more consistency in assignments.,Average sports player,67.3,Good
S-10331,REG-2026-1331,M,20,BS Software Eng,8,S1,50,38,76.0,2.64,2.42,61,67,64.0,64,76,63,68.0,70,70,Last-minute crammer,Good,Ongoing,Understands the basics but struggles with complex logic.,Participates occasionally,68.55,Good
S-10332,REG-2026-1332,F,25,BS AI,3,S1,50,28,56.0,1.43,1.21,24,32,28.0,48,48,44,45.0,22,28,Rarely studies,Needs Improvement,Not Started,Irregular attendance and extremely poor focus in class.,No interest,36.7,Poor
S-10333,REG-2026-1333,M,24,BS AI,1,S1,50,33,66.0,2.76,2.8,62,73,67.5,63,63,66,69.0,75,60,Last-minute crammer,Warning,Not Started,Understands the basics but struggles with complex logic.,Average sports player,67.95,Good
S-10334,REG-2026-1334,F,19,BS Software Eng,7,S2,50,44,89.0,3.68,3.6,85,95,90.0,90,93,94,84.0,83,96,Very consistent,Excellent,Completed,Brilliant understanding of core concepts. A joy to teach.,Active club president,88.5,Excellent
S-10335,REG-2026-1335,F,23,BS Computer Science,7,S2,50,35,70.0,3.22,3.31,69,62,65.5,72,66,66,63.0,72,55,Occasional studier,Warning,Ongoing,Understands the basics but struggles with complex logic.,Participates occasionally,66.25,Good
S-10336,REG-2026-1336,M,24,BS Info Tech,2,S1,50,41,83.0,3.05,2.82,61,70,65.5,55,78,76,59.0,60,55,Occasional studier,Good,Ongoing,Average performance. Needs to focus more on lab work.,Average sports player,64.95,Average
S-10337,REG-2026-1337,M,21,BS Data Science,5,S2,50,44,89.0,3.62,3.34,91,93,92.0,96,83,93,66.03,81,87,Regular studier,Excellent,Completed,Shows excellent leadership and analytical skills.,Outstanding performer in arts,87.65,Excellent
S-10338,REG-2026-1338,M,20,BS AI,6,S2,50,45,91.0,3.99,3.77,93,83,88.0,93,91,97,90.0,92,91,Regular studier,Excellent,Completed,Shows excellent leadership and analytical skills.,Active club president,91.75,Excellent
S-10339,REG-2026-1339,F,22,BS AI,4,S2,50,22,44.0,1.84,1.91,28,52,40.0,32,44,40,39.0,24,38,Last-minute crammer,Needs Improvement,Not Started,Lacks fundamental understanding of the subject matter.,Struggles to participate,35.8,Poor
S-10340,REG-2026-1340,F,19,BS AI,5,S2,50,20,40.0,2.37,2.39,53,51,52.0,43,35,22,30.0,49,31,Rarely studies,Needs Improvement,Not Started,Irregular attendance and extremely poor focus in class.,No interest,37.5,Poor
S-10341,REG-2026-1341,F,21,BS Computer Science,6,S2,50,32,65.0,3.06,2.91,75,78,76.5,60,58,61,60.0,75,72,Occasional studier,Warning,Not Started,Average performance. Needs to focus more on lab work.,Participates occasionally,66.8,Good
S-10342,REG-2026-1342,M,25,BS Data Science,3,S2,50,27,54.0,2.4,2.49,47,21,34.0,21,25,28,35.0,41,20,Needs constant monitoring,Probation,Not Started,Irregular attendance and extremely poor focus in class.,Struggles to participate,33.1,Poor
S-10343,REG-2026-1343,F,21,BS Software Eng,5,S1,50,36,73.0,3.19,3.34,57,63,60.0,68,69,71,78.0,59,60,Needs some guidance,Warning,Not Started,"Participates occasionally, can definitely do better.",Average sports player,66.95,Good
S-10344,REG-2026-1344,M,21,BS Computer Science,2,S1,50,39,79.0,3.21,3.07,60,60,60.0,56,68,58,64.0,68,55,Last-minute crammer,Warning,Not Started,Average performance. Needs to focus more on lab work.,Participates occasionally,63.55,Average
S-10345,REG-2026-1345,F,18,BS Computer Science,1,S3,50,30,61.0,1.78,2.03,50,50,50.0,48,36,32,33.0,46,26,Rarely studies,Probation,Not Started,Irregular attendance and extremely poor focus in class.,Struggles to participate,39.55,Poor
S-10346,REG-2026-1346,F,23,BS Software Eng,2,S3,50,42,85.0,3.71,3.45,87,95,91.0,81,93,85,80.0,82,86,Very consistent,Excellent,Completed,Shows excellent leadership and analytical skills.,Active club president,84.55,Excellent
S-10347,REG-2026-1347,F,22,BS Info Tech,5,S3,50,39,78.0,3.33,3.14,55,63,59.0,65,57,62,58.0,60,76,Needs some guidance,Good,Ongoing,Good effort but needs more consistency in assignments.,Learning basics of music,62.25,Average
S-10348,REG-2026-1348,F,24,BS AI,6,S3,50,43,86.0,3.9,3.68,96,94,95.0,83,92,97,93.0,82,87,Very consistent,Excellent,Completed,Outstanding performance throughout the semester.,Outstanding performer in arts,89.5,Excellent
S-10349,REG-2026-1349,F,20,BS Data Science,1,S1,50,23,46.0,2.01,2.18,27,35,31.0,26,43,26,43.0,37,35,Last-minute crammer,Warning,Not Started,Lacks fundamental understanding of the subject matter.,No interest,36.25,Poor
S-10350,REG-2026-1350,M,21,BS Data Science,2,S1,50,25,50.0,1.4,1.27,52,27,39.5,53,46,26,21.0,38,22,Rarely studies,Probation,Not Started,"Needs urgent improvement, counseling recommended.",Shy and inactive,33.5,Poor
S-10351,REG-2026-1351,M,18,BS Computer Science,8,S3,50,40,81.0,3.06,3.29,65,60,62.5,67,72,73,66.0,61,75,Last-minute crammer,Warning,Ongoing,Average performance. Needs to focus more on lab work.,Average sports player,67.75,Good
S-10352,REG-2026-1352,F,23,BS Data Science,3,S3,50,42,85.0,3.51,3.45,96,88,92.0,86,86,93,84.0,81,83,Highly focused,Excellent,Completed,Brilliant understanding of core concepts. A joy to teach.,Outstanding performer in arts,85.65,Excellent
S-10353,REG-2026-1353,M,18,BS Software Eng,5,S2,50,38,77.0,2.73,3.01,73,69,71.0,70,59,56,64.0,68,69,Last-minute crammer,Warning,Ongoing,Good effort but needs more consistency in assignments.,Learning basics of music,65.45,Good
S-10354,REG-2026-1354,M,24,BS AI,6,S1,50,32,65.0,2.96,2.81,56,67,61.5,62,77,68,69.0,68,59,Needs some guidance,Good,Not Started,Good effort but needs more consistency in assignments.,Learning basics of music,67.1,Good
S-10355,REG-2026-1355,F,23,BS Info Tech,7,S1,50,46,93.0,3.54,2.91,91,95,93.0,98,99,89,81.0,84,81,Regular studier,Excellent,Completed,Outstanding performance throughout the semester.,Shows leadership in sports,87.4,Excellent
S-10356,REG-2026-1356,M,24,BS Computer Science,1,S1,50,32,65.0,3.32,3.14,61,56,58.5,70,74,57,57.0,55,60,Last-minute crammer,Good,Not Started,Average performance. Needs to focus more on lab work.,Average sports player,59.7,Average
S-10357,REG-2026-1357,M,23,BS Data Science,4,S3,50,33,67.0,3.4,3.67,73,55,64.0,71,56,65,59.0,73,74,Needs some guidance,Good,Ongoing,"Participates occasionally, can definitely do better.",Learning basics of music,66.1,Good
S-10358,REG-2026-1358,F,21,BS Computer Science,3,S3,50,37,75.0,3.4,3.4,76,64,70.0,69,69,71,60.0,62,61,Last-minute crammer,Warning,Not Started,Average performance. Needs to focus more on lab work.,Learning basics of music,65.35,Good
S-10359,REG-2026-1359,F,23,BS Computer Science,5,S3,50,46,92.0,3.64,3.92,87,89,88.0,99,95,80,92.0,97,94,Highly focused,Excellent,Completed,Outstanding performance throughout the semester.,Active club president,91.9,Excellent
S-10360,REG-2026-1360,M,21,BS Software Eng,1,S2,50,37,75.0,2.74,2.66,59,59,59.0,78,59,67,64.0,59,60,Needs some guidance,Good,Ongoing,Understands the basics but struggles with complex logic.,Average sports player,63.05,Average
S-10361,REG-2026-1361,F,20,BS Info Tech,2,S1,50,26,53.0,1.86,2.01,34,21,27.5,27,49,39,52.0,23,48,Rarely studies,Warning,Not Started,Frequently misses deadlines and lacks motivation.,No interest,38.45,Poor
S-10362,REG-2026-1362,F,19,BS AI,6,S3,50,31,62.0,1.64,1.65,39,50,44.5,34,45,37,66.03,40,22,Last-minute crammer,Needs Improvement,Not Started,Frequently misses deadlines and lacks motivation.,No interest,36.1,Poor
S-10363,REG-2026-1363,F,23,BS Computer Science,1,S2,50,33,66.0,3.4,3.11,59,55,57.0,64,70,70,57.0,72,60,Last-minute crammer,Warning,Ongoing,Good effort but needs more consistency in assignments.,Average sports player,65.1,Good
S-10364,REG-2026-1364,F,21,BS Computer Science,4,S2,50,40,81.0,3.2,3.38,69,62,65.5,61,63,56,58.0,76,66,Needs some guidance,Warning,Not Started,Good effort but needs more consistency in assignments.,Participates occasionally,65.55,Good
S-10365,REG-2026-1365,M,22,BS Info Tech,4,S1,50,41,83.0,3.03,2.99,71,66,68.5,67,67,64,60.0,57,55,Last-minute crammer,Good,Ongoing,Understands the basics but struggles with complex logic.,Learning basics of music,62.4,Average
S-10366,REG-2026-1366,F,25,BS Data Science,6,S2,50,49,99.0,3.56,3.45,90,98,94.0,82,87,87,82.0,93,99,Highly focused,Excellent,Completed,Shows excellent leadership and analytical skills.,Active club president,89.75,Excellent
S-10367,REG-2026-1367,F,19,BS AI,6,S2,50,16,32.0,2.46,2.25,27,20,23.5,33,47,46,40.0,32,50,Needs constant monitoring,Probation,Not Started,Frequently misses deadlines and lacks motivation.,Shy and inactive,38.2,Poor
S-10368,REG-2026-1368,F,18,BS AI,8,S2,50,32,65.0,2.57,2.64,65,75,70.0,55,75,71,57.0,57,70,Occasional studier,Good,Not Started,Understands the basics but struggles with complex logic.,Average sports player,63.8,Average
S-10369,REG-2026-1369,M,18,BS Computer Science,7,S1,50,33,67.0,2.89,2.72,57,58,57.5,59,66,75,70.0,64,62,Occasional studier,Good,Ongoing,Good effort but needs more consistency in assignments.,Participates occasionally,66.1,Good
S-10370,REG-2026-1370,M,25,BS Info Tech,7,S3,50,33,67.0,3.23,3.15,63,64,63.5,75,61,65,60.0,55,66,Needs some guidance,Good,Not Started,Good effort but needs more consistency in assignments.,Average sports player,61.65,Average
S-10371,REG-2026-1371,F,23,BS Computer Science,8,S1,50,49,98.0,3.73,3.74,83,93,88.0,85,96,93,91.0,94,88,Very consistent,Excellent,Completed,Brilliant understanding of core concepts. A joy to teach.,Shows leadership in sports,92.0,Excellent
S-10372,REG-2026-1372,M,24,BS Software Eng,7,S1,50,44,72.69,3.71,3.46,81,92,86.5,87,98,84,97.0,95,89,Regular studier,Excellent,Completed,"Highly proactive, consistent, and quick learner.",Shows leadership in sports,91.85,Excellent
S-10373,REG-2026-1373,F,21,BS Software Eng,6,S1,50,41,83.0,3.19,3.42,66,64,65.0,74,67,59,60.0,58,63,Needs some guidance,Good,Ongoing,"Participates occasionally, can definitely do better.",Average sports player,62.7,Average
S-10374,REG-2026-1374,M,20,BS Data Science,1,S2,50,34,69.0,3.18,3.19,65,73,69.0,75,68,76,68.0,56,69,Occasional studier,Warning,Ongoing,Good effort but needs more consistency in assignments.,Participates occasionally,66.8,Good
S-10375,REG-2026-1375,F,25,BS Computer Science,2,S2,50,37,74.0,3.11,2.88,66,75,70.5,65,61,67,70.0,73,76,Needs some guidance,Warning,Not Started,Average performance. Needs to focus more on lab work.,Learning basics of music,70.0,Good
S-10376,REG-2026-1376,F,23,BS AI,7,S2,50,34,69.0,2.51,2.49,68,59,63.5,58,57,75,78.0,75,73,Last-minute crammer,Warning,Not Started,Understands the basics but struggles with complex logic.,Learning basics of music,71.3,Good
S-10377,REG-2026-1377,F,20,BS Computer Science,2,S1,50,44,88.0,3.8,3.88,97,93,95.0,86,91,83,82.0,90,98,Highly focused,Excellent,Completed,Brilliant understanding of core concepts. A joy to teach.,Outstanding performer in arts,88.45,Excellent
S-10378,REG-2026-1378,F,19,BS Info Tech,4,S1,50,36,72.0,2.63,2.65,77,68,72.5,64,76,55,71.0,56,59,Needs some guidance,Warning,Ongoing,Average performance. Needs to focus more on lab work.,Average sports player,64.0,Average
S-10379,REG-2026-1379,F,19,BS Computer Science,8,S2,50,33,66.0,2.78,3.06,70,76,73.0,55,69,76,77.0,76,71,Needs some guidance,Good,Ongoing,Understands the basics but struggles with complex logic.,Participates occasionally,73.15,Good
S-10380,REG-2026-1380,M,19,BS Info Tech,5,S3,50,41,82.0,2.51,2.68,66,72,69.0,73,58,61,73.0,70,66,Occasional studier,Warning,Not Started,"Participates occasionally, can definitely do better.",Participates occasionally,68.3,Good
S-10381,REG-2026-1381,M,20,BS Data Science,7,S1,50,35,70.0,2.92,3.07,70,61,65.5,66,68,71,69.0,55,56,Last-minute crammer,Good,Ongoing,Good effort but needs more consistency in assignments.,Average sports player,63.95,Average
S-10382,REG-2026-1382,F,22,BS AI,5,S3,50,49,99.0,3.96,3.8,91,98,94.5,80,81,99,85.0,94,83,Very consistent,Excellent,Completed,"Highly proactive, consistent, and quick learner.",Active club president,90.15,Excellent
S-10383,REG-2026-1383,M,21,BS Info Tech,3,S1,50,34,68.0,2.92,2.66,77,73,75.0,65,75,73,67.0,61,74,Last-minute crammer,Good,Not Started,Understands the basics but struggles with complex logic.,Participates occasionally,68.65,Good
S-10384,REG-2026-1384,F,18,BS AI,2,S3,50,21,42.0,2.34,2.26,33,26,29.5,46,36,53,49.0,44,40,Last-minute crammer,Probation,Not Started,Irregular attendance and extremely poor focus in class.,Struggles to participate,43.7,Poor
S-10385,REG-2026-1385,F,18,BS Computer Science,3,S3,50,49,98.0,3.58,3.65,95,86,90.5,90,84,89,92.0,85,90,Very consistent,Excellent,Completed,"Highly proactive, consistent, and quick learner.",Active club president,88.85,Excellent
S-10386,REG-2026-1386,M,18,BS Computer Science,6,S2,50,36,73.0,2.51,2.63,64,57,60.5,63,62,64,58.0,65,70,Occasional studier,Good,Ongoing,Understands the basics but struggles with complex logic.,Average sports player,63.5,Average
S-10387,REG-2026-1387,M,21,BS Data Science,4,S3,50,47,94.0,3.76,3.99,80,93,86.5,89,86,94,88.0,97,92,Very consistent,Excellent,Completed,Shows excellent leadership and analytical skills.,Shows leadership in sports,91.55,Excellent
S-10388,REG-2026-1388,F,22,BS AI,2,S3,50,39,79.0,2.5,2.62,60,70,65.0,58,64,58,62.0,71,77,Needs some guidance,Good,Not Started,"Participates occasionally, can definitely do better.",Learning basics of music,66.3,Good
S-10389,REG-2026-1389,F,18,BS Software Eng,2,S3,50,15,31.0,1.72,1.46,45,45,45.0,47,31,46,34.0,33,52,Needs constant monitoring,Probation,Not Started,Frequently misses deadlines and lacks motivation.,Struggles to participate,38.65,Poor
S-10390,REG-2026-1390,M,20,BS Software Eng,6,S1,50,46,92.0,3.58,3.82,87,81,84.0,86,94,84,84.0,86,89,Very consistent,Excellent,Completed,Outstanding performance throughout the semester.,Outstanding performer in arts,86.5,Excellent
S-10391,REG-2026-1391,F,20,BS AI,1,S2,50,42,85.0,3.88,3.8,81,83,82.0,98,97,82,86.0,86,81,Very consistent,Excellent,Completed,"Highly proactive, consistent, and quick learner.",Active club president,86.15,Excellent
S-10392,REG-2026-1392,M,23,BS Software Eng,3,S3,50,19,38.0,1.8,1.91,33,53,43.0,30,34,42,46.0,46,21,Needs constant monitoring,Warning,Not Started,"Needs urgent improvement, counseling recommended.",Shy and inactive,40.2,Poor
S-10393,REG-2026-1393,F,18,BS Software Eng,8,S1,50,36,72.69,3.14,3.07,71,56,63.5,69,70,75,68.0,64,61,Occasional studier,Warning,Not Started,Average performance. Needs to focus more on lab work.,Participates occasionally,67.4,Good
S-10394,REG-2026-1394,M,18,BS Data Science,1,S2,50,18,37.0,1.48,1.42,32,47,39.5,40,47,45,66.03,38,44,Needs constant monitoring,Warning,Not Started,Lacks fundamental understanding of the subject matter.,No interest,42.55,Poor
S-10395,REG-2026-1395,M,22,BS Computer Science,1,S3,50,27,54.0,1.16,1.11,41,28,34.5,37,37,32,28.0,24,52,Needs constant monitoring,Probation,Not Started,Irregular attendance and extremely poor focus in class.,No interest,33.3,Poor
S-10396,REG-2026-1396,F,19,BS Data Science,3,S3,50,33,66.0,2.7,2.71,72,68,70.0,56,65,59,59.0,74,77,Last-minute crammer,Good,Not Started,"Participates occasionally, can definitely do better.",Learning basics of music,66.45,Good
S-10397,REG-2026-1397,M,24,BS Computer Science,3,S3,50,43,87.0,3.72,3.61,93,94,93.5,81,90,97,92.0,97,87,Highly focused,Excellent,Completed,Brilliant understanding of core concepts. A joy to teach.,Shows leadership in sports,92.65,Excellent
S-10398,REG-2026-1398,F,18,BS Computer Science,2,S3,50,35,70.0,2.99,2.75,56,65,60.5,57,61,70,77.0,78,75,Needs some guidance,Good,Not Started,Average performance. Needs to focus more on lab work.,Participates occasionally,71.4,Good
S-10399,REG-2026-1399,F,19,BS Computer Science,3,S1,50,37,75.0,2.92,2.73,74,76,75.0,66,63,76,78.0,73,74,Occasional studier,Good,Ongoing,Good effort but needs more consistency in assignments.,Participates occasionally,73.5,Good
S-10400,REG-2026-1400,F,22,BS Data Science,8,S1,50,49,98.0,4.0,3.84,92,94,93.0,95,86,97,86.0,86,98,Regular studier,Excellent,Completed,Shows excellent leadership and analytical skills.,Active club president,90.6,Excellent
S-10401,REG-2026-1401,F,25,BS Computer Science,7,S2,50,37,75.0,3.13,3.15,55,61,58.0,55,68,58,75.0,67,75,Last-minute crammer,Warning,Not Started,Good effort but needs more consistency in assignments.,Participates occasionally,67.05,Good
S-10402,REG-2026-1402,M,24,BS Software Eng,8,S1,50,41,83.0,3.24,3.27,62,78,70.0,60,55,73,61.0,58,58,Needs some guidance,Warning,Not Started,Good effort but needs more consistency in assignments.,Learning basics of music,63.1,Average
S-10403,REG-2026-1403,M,23,BS Software Eng,2,S1,50,25,50.0,1.77,1.94,37,50,43.5,49,51,49,40.0,48,31,Rarely studies,Warning,Not Started,No feedback provided,No interest,44.85,Poor
S-10404,REG-2026-1404,M,19,BS Data Science,5,S3,50,37,75.0,2.76,2.7,56,60,58.0,71,75,70,65.0,57,75,Needs some guidance,Warning,Ongoing,Understands the basics but struggles with complex logic.,Learning basics of music,65.85,Good
S-10405,REG-2026-1405,M,20,BS Info Tech,6,S2,50,45,91.0,3.88,3.84,96,84,90.0,85,92,99,93.0,97,86,Highly focused,Excellent,Completed,"Highly proactive, consistent, and quick learner.",Outstanding performer in arts,93.3,Excellent
S-10406,REG-2026-1406,M,24,BS Data Science,4,S3,50,46,92.0,3.74,3.47,98,80,89.0,86,89,93,89.0,86,94,Regular studier,Excellent,Completed,Outstanding performance throughout the semester.,Outstanding performer in arts,89.35,Excellent
S-10407,REG-2026-1407,F,22,BS Software Eng,5,S1,50,41,82.0,2.9,2.91,59,69,64.0,67,78,70,57.0,68,55,Needs some guidance,Warning,Not Started,Understands the basics but struggles with complex logic.,Average sports player,66.05,Good
S-10408,REG-2026-1408,M,21,BS AI,8,S2,50,30,60.0,1.18,1.42,20,44,32.0,52,41,20,48.0,38,51,Needs constant monitoring,Warning,Not Started,Lacks fundamental understanding of the subject matter.,Struggles to participate,40.1,Poor
S-10409,REG-2026-1409,M,19,BS Info Tech,6,S3,50,30,60.0,1.77,1.69,27,27,27.0,23,25,48,24.0,37,21,Last-minute crammer,Warning,Not Started,"Needs urgent improvement, counseling recommended.",No interest,32.7,Poor
S-10410,REG-2026-1410,M,20,BS Info Tech,1,S1,50,33,66.0,3.4,3.42,60,74,67.0,55,74,67,75.0,57,62,Needs some guidance,Good,Ongoing,"Participates occasionally, can definitely do better.",Participates occasionally,65.65,Good
S-10411,REG-2026-1411,M,21,BS Computer Science,6,S3,50,25,50.0,1.96,1.82,25,23,24.0,25,49,33,52.0,34,33,Rarely studies,Probation,Not Started,Irregular attendance and extremely poor focus in class.,No interest,38.2,Poor
S-10412,REG-2026-1412,F,21,BS Info Tech,2,S1,50,36,73.0,3.14,2.88,56,55,55.5,67,68,60,72.0,67,74,Needs some guidance,Good,Ongoing,Understands the basics but struggles with complex logic.,Participates occasionally,66.9,Good
S-10413,REG-2026-1413,F,24,BS AI,2,S1,50,35,71.0,3.1,3.37,56,60,58.0,59,64,70,60.0,68,74,Occasional studier,Good,Not Started,No feedback provided,Learning basics of music,65.6,Good
S-10414,REG-2026-1414,F,23,BS Software Eng,7,S2,50,34,69.0,3.42,3.32,75,78,76.5,69,69,76,77.0,58,59,Last-minute crammer,Good,Not Started,Average performance. Needs to focus more on lab work.,Average sports player,68.65,Good
S-10415,REG-2026-1415,F,21,BS Info Tech,2,S2,50,48,97.0,3.65,3.72,86,93,89.5,85,82,94,88.0,80,85,Highly focused,Excellent,Completed,Brilliant understanding of core concepts. A joy to teach.,Outstanding performer in arts,86.45,Excellent
S-10416,REG-2026-1416,M,21,BS Software Eng,4,S2,50,46,93.0,3.61,3.66,95,88,91.5,91,93,99,91.0,93,81,Regular studier,Excellent,Completed,Outstanding performance throughout the semester.,Shows leadership in sports,92.05,Excellent
S-10417,REG-2026-1417,M,25,BS Data Science,1,S3,50,39,78.0,2.81,2.53,65,77,71.0,67,69,70,63.0,77,70,Needs some guidance,Good,Not Started,Average performance. Needs to focus more on lab work.,Participates occasionally,70.6,Good
S-10418,REG-2026-1418,M,25,BS AI,5,S3,50,39,79.0,2.63,2.51,63,70,66.5,55,67,71,73.0,62,71,Last-minute crammer,Good,Ongoing,Understands the basics but struggles with complex logic.,Participates occasionally,67.9,Good
S-10419,REG-2026-1419,F,22,BS AI,6,S1,50,43,86.0,3.88,3.61,95,92,93.5,84,90,84,94.0,81,97,Very consistent,Excellent,Completed,Shows excellent leadership and analytical skills.,Shows leadership in sports,88.2,Excellent
S-10420,REG-2026-1420,F,21,BS AI,4,S1,50,37,74.0,2.59,2.69,60,64,62.0,60,65,60,78.0,58,77,Needs some guidance,Warning,Ongoing,Good effort but needs more consistency in assignments.,Participates occasionally,66.2,Good
S-10421,REG-2026-1421,F,20,BS Software Eng,1,S1,50,37,74.0,3.39,3.54,65,57,61.0,73,75,78,67.0,62,68,Occasional studier,Good,Not Started,Good effort but needs more consistency in assignments.,Learning basics of music,68.35,Good
S-10422,REG-2026-1422,F,25,BS Data Science,5,S3,50,39,78.0,2.7,2.54,68,77,72.5,71,76,77,77.0,70,57,Occasional studier,Warning,Not Started,Understands the basics but struggles with complex logic.,Average sports player,72.45,Good
S-10423,REG-2026-1423,F,22,BS Info Tech,1,S1,50,28,58.0,1.17,1.43,20,24,22.0,37,41,21,42.0,43,51,Needs constant monitoring,Warning,Not Started,No feedback provided,No interest,38.45,Poor
S-10424,REG-2026-1424,M,25,BS Software Eng,4,S2,50,35,72.69,2.94,2.89,70,77,73.5,78,72,61,59.0,68,61,Occasional studier,Good,Not Started,"Participates occasionally, can definitely do better.",Learning basics of music,66.05,Good
S-10425,REG-2026-1425,M,20,BS AI,1,S3,50,36,72.0,3.37,3.17,60,55,57.5,74,63,55,74.0,73,58,Last-minute crammer,Warning,Not Started,Average performance. Needs to focus more on lab work.,Learning basics of music,66.45,Good
S-10426,REG-2026-1426,M,18,BS Computer Science,7,S1,50,48,97.0,3.85,3.89,90,94,92.0,89,91,95,87.0,97,98,Highly focused,Excellent,Completed,Brilliant understanding of core concepts. A joy to teach.,Shows leadership in sports,93.3,Excellent
S-10427,REG-2026-1427,F,24,BS Data Science,3,S1,50,36,73.0,3.1,3.14,72,75,73.5,74,73,76,57.0,64,70,Last-minute crammer,Warning,Not Started,Understands the basics but struggles with complex logic.,Participates occasionally,67.8,Good
S-10428,REG-2026-1428,M,25,BS Computer Science,8,S2,50,31,62.0,1.58,1.62,32,38,35.0,53,42,29,46.0,24,36,Last-minute crammer,Warning,Not Started,Irregular attendance and extremely poor focus in class.,No interest,36.6,Poor
S-10429,REG-2026-1429,F,21,BS Software Eng,5,S3,50,41,83.0,2.57,2.33,74,64,69.0,71,55,62,57.0,74,73,Needs some guidance,Warning,Ongoing,Understands the basics but struggles with complex logic.,Average sports player,66.6,Good
S-10430,REG-2026-1430,F,18,BS Data Science,4,S1,50,35,70.0,2.87,2.63,56,70,63.0,61,69,70,55.0,73,59,Last-minute crammer,Warning,Ongoing,Average performance. Needs to focus more on lab work.,Learning basics of music,65.4,Good
S-10431,REG-2026-1431,F,25,BS Data Science,1,S2,50,34,68.0,3.15,2.99,66,75,70.5,78,70,73,64.0,70,76,Needs some guidance,Good,Ongoing,Understands the basics but struggles with complex logic.,Participates occasionally,70.2,Good
S-10432,REG-2026-1432,M,18,BS Computer Science,3,S3,50,30,61.0,1.02,1.12,48,20,34.0,51,22,22,43.0,29,37,Last-minute crammer,Warning,Not Started,Lacks fundamental understanding of the subject matter.,No interest,34.05,Poor
S-10433,REG-2026-1433,M,23,BS Info Tech,8,S2,50,33,67.0,2.52,2.44,73,57,65.0,65,62,69,62.0,74,55,Last-minute crammer,Good,Not Started,"Participates occasionally, can definitely do better.",Participates occasionally,66.05,Good
S-10434,REG-2026-1434,M,20,BS Data Science,6,S2,50,18,37.0,1.39,1.51,35,31,33.0,24,29,27,39.0,41,46,Last-minute crammer,Warning,Not Started,Frequently misses deadlines and lacks motivation.,No interest,35.95,Poor
S-10435,REG-2026-1435,M,22,BS Info Tech,2,S2,50,38,76.0,3.07,3.19,78,64,71.0,63,65,66,63.0,76,78,Needs some guidance,Warning,Ongoing,"Participates occasionally, can definitely do better.",Average sports player,69.85,Good
S-10436,REG-2026-1436,M,22,BS Info Tech,2,S1,50,26,53.0,1.5,1.34,20,32,26.0,22,47,48,31.0,27,23,Last-minute crammer,Probation,Not Started,Frequently misses deadlines and lacks motivation.,Struggles to participate,33.5,Poor
S-10437,REG-2026-1437,M,22,BS Software Eng,2,S3,50,27,54.0,1.07,1.14,42,47,44.5,41,21,28,32.0,45,36,Last-minute crammer,Warning,Not Started,Irregular attendance and extremely poor focus in class.,Shy and inactive,36.75,Poor
S-10438,REG-2026-1438,F,18,BS Data Science,3,S2,50,49,98.0,3.54,3.65,87,95,91.0,88,98,88,99.0,81,85,Highly focused,Excellent,Completed,Shows excellent leadership and analytical skills.,Shows leadership in sports,89.95,Excellent
S-10439,REG-2026-1439,M,23,BS Data Science,5,S3,50,35,71.0,3.03,3.33,61,69,65.0,61,65,69,74.0,56,67,Last-minute crammer,Warning,Ongoing,Average performance. Needs to focus more on lab work.,Learning basics of music,65.45,Good
S-10440,REG-2026-1440,M,24,BS Computer Science,2,S1,50,35,70.0,3.44,3.18,63,57,60.0,75,71,64,75.0,69,69,Needs some guidance,Good,Ongoing,Understands the basics but struggles with complex logic.,Average sports player,69.1,Good
S-10441,REG-2026-1441,M,21,BS Data Science,6,S3,50,17,35.0,1.36,1.44,48,48,48.0,21,50,49,27.0,44,23,Needs constant monitoring,Warning,Not Started,Frequently misses deadlines and lacks motivation.,Shy and inactive,38.65,Poor
S-10442,REG-2026-1442,F,23,BS AI,7,S3,50,39,79.0,2.83,3.12,57,66,61.5,60,74,64,57.0,65,60,Needs some guidance,Good,Not Started,Understands the basics but struggles with complex logic.,Participates occasionally,63.75,Average
S-10443,REG-2026-1443,M,25,BS AI,8,S2,50,45,91.0,3.61,3.77,83,93,88.0,84,94,97,87.0,80,84,Regular studier,Excellent,Completed,Outstanding performance throughout the semester.,Outstanding performer in arts,87.3,Excellent
S-10444,REG-2026-1444,F,24,BS Data Science,3,S2,50,33,66.0,2.8,2.57,55,74,64.5,58,74,64,72.0,70,61,Occasional studier,Warning,Ongoing,Average performance. Needs to focus more on lab work.,Average sports player,67.65,Good
S-10445,REG-2026-1445,F,19,BS Data Science,4,S1,50,36,72.0,3.19,3.03,63,73,68.0,69,73,68,70.0,74,71,Occasional studier,Warning,Ongoing,Average performance. Needs to focus more on lab work.,Learning basics of music,70.95,Good
S-10446,REG-2026-1446,M,25,BS Computer Science,7,S3,50,40,80.0,3.06,3.18,78,71,74.5,65,61,78,56.0,62,74,Needs some guidance,Warning,Not Started,Average performance. Needs to focus more on lab work.,Participates occasionally,66.6,Good
S-10447,REG-2026-1447,M,22,BS Data Science,6,S3,50,34,69.0,3.11,3.04,78,72,75.0,64,78,74,76.0,71,58,Needs some guidance,Good,Ongoing,Average performance. Needs to focus more on lab work.,Average sports player,71.8,Good
S-10448,REG-2026-1448,M,22,BS AI,2,S2,50,47,95.0,3.67,3.63,89,93,91.0,87,98,92,85.0,85,82,Very consistent,Excellent,Completed,Brilliant understanding of core concepts. A joy to teach.,Active club president,88.25,Excellent
S-10449,REG-2026-1449,F,19,BS Software Eng,3,S2,50,46,92.0,3.5,3.44,93,89,91.0,88,89,90,99.0,86,81,Very consistent,Excellent,Completed,Shows excellent leadership and analytical skills.,Active club president,89.9,Excellent
S-10450,REG-2026-1450,M,18,BS Software Eng,8,S3,50,32,65.0,2.65,2.48,65,55,60.0,74,75,64,72.0,56,73,Last-minute crammer,Warning,Not Started,Good effort but needs more consistency in assignments.,Average sports player,65.75,Good
S-10451,REG-2026-1451,M,22,BS AI,1,S1,50,38,76.0,2.84,2.91,75,57,66.0,64,66,72,61.0,57,77,Last-minute crammer,Warning,Not Started,Good effort but needs more consistency in assignments.,Average sports player,65.15,Good
S-10452,REG-2026-1452,M,24,BS Software Eng,1,S1,50,17,35.0,2.01,2.04,22,42,32.0,45,37,30,30.0,20,24,Rarely studies,Warning,Not Started,Irregular attendance and extremely poor focus in class.,Shy and inactive,28.8,Poor
S-10453,REG-2026-1453,M,20,BS Software Eng,5,S1,50,42,85.0,3.83,3.91,86,87,86.5,88,86,83,98.0,83,88,Highly focused,Excellent,Completed,"Highly proactive, consistent, and quick learner.",Outstanding performer in arts,87.5,Excellent
S-10454,REG-2026-1454,M,22,BS AI,6,S3,50,25,51.0,2.32,2.25,24,51,37.5,23,42,24,20.0,44,25,Needs constant monitoring,Needs Improvement,Not Started,Irregular attendance and extremely poor focus in class.,Struggles to participate,32.75,Poor
S-10455,REG-2026-1455,F,23,BS Data Science,8,S1,50,35,70.0,2.53,2.37,73,76,74.5,62,58,74,65.0,56,76,Last-minute crammer,Warning,Ongoing,Understands the basics but struggles with complex logic.,Learning basics of music,65.55,Good
S-10456,REG-2026-1456,M,18,BS Info Tech,5,S1,50,41,83.0,2.75,2.91,61,68,64.5,77,56,58,78.0,73,64,Occasional studier,Good,Not Started,Understands the basics but struggles with complex logic.,Average sports player,69.0,Good
S-10457,REG-2026-1457,M,22,BS Info Tech,7,S1,50,23,47.0,2.47,2.52,25,41,33.0,27,50,42,66.03,52,22,Rarely studies,Needs Improvement,Not Started,Irregular attendance and extremely poor focus in class.,Struggles to participate,38.5,Poor
S-10458,REG-2026-1458,F,24,BS Info Tech,4,S3,50,36,72.0,2.68,2.87,71,58,64.5,63,68,62,74.0,57,57,Last-minute crammer,Good,Ongoing,"Participates occasionally, can definitely do better.",Participates occasionally,64.05,Average
S-10459,REG-2026-1459,M,21,BS Computer Science,1,S2,50,33,66.0,3.29,3.51,63,75,69.0,65,76,75,63.0,62,63,Last-minute crammer,Good,Ongoing,"Participates occasionally, can definitely do better.",Learning basics of music,66.7,Good
S-10460,REG-2026-1460,M,19,BS Info Tech,2,S2,50,44,89.0,3.77,3.89,99,85,92.0,95,98,98,88.0,95,83,Regular studier,Excellent,Completed,"Highly proactive, consistent, and quick learner.",Outstanding performer in arts,92.55,Excellent
S-10461,REG-2026-1461,M,23,BS Software Eng,4,S1,50,47,94.0,3.68,3.76,96,91,93.5,80,80,93,81.0,91,92,Highly focused,Excellent,Completed,Outstanding performance throughout the semester.,Active club president,88.15,Excellent
S-10462,REG-2026-1462,M,21,BS Computer Science,7,S1,50,44,88.0,3.87,3.94,83,90,86.5,81,91,99,84.0,81,89,Highly focused,Excellent,Completed,Shows excellent leadership and analytical skills.,Active club president,87.0,Excellent
S-10463,REG-2026-1463,F,23,BS Data Science,4,S1,50,37,75.0,2.66,2.38,75,69,72.0,62,68,75,59.0,77,59,Needs some guidance,Good,Not Started,Average performance. Needs to focus more on lab work.,Participates occasionally,69.05,Good
S-10464,REG-2026-1464,F,19,BS Data Science,3,S2,50,36,72.0,2.54,2.39,73,72,72.5,59,67,66,76.0,70,55,Needs some guidance,Good,Ongoing,Understands the basics but struggles with complex logic.,Average sports player,68.6,Good
S-10465,REG-2026-1465,M,25,BS AI,1,S1,50,23,46.0,2.44,2.15,41,45,43.0,44,34,24,25.0,38,26,Rarely studies,Needs Improvement,Not Started,Lacks fundamental understanding of the subject matter.,Shy and inactive,32.9,Poor
S-10466,REG-2026-1466,M,24,BS Computer Science,6,S3,50,49,98.0,3.89,3.67,88,89,88.5,94,82,82,86.0,84,87,Very consistent,Excellent,Completed,Brilliant understanding of core concepts. A joy to teach.,Active club president,85.85,Excellent
S-10467,REG-2026-1467,F,24,BS Computer Science,7,S1,50,38,76.0,3.35,3.25,75,64,69.5,59,66,67,65.0,59,59,Needs some guidance,Good,Not Started,Good effort but needs more consistency in assignments.,Learning basics of music,64.0,Average
S-10468,REG-2026-1468,F,18,BS Data Science,5,S3,50,39,78.0,3.33,3.04,70,78,74.0,69,63,61,64.0,64,74,Last-minute crammer,Good,Ongoing,"Participates occasionally, can definitely do better.",Average sports player,66.4,Good
S-10469,REG-2026-1469,M,24,BS Computer Science,7,S2,50,33,66.0,2.9,3.01,69,70,69.5,77,68,61,59.0,66,68,Occasional studier,Good,Ongoing,Average performance. Needs to focus more on lab work.,Average sports player,65.15,Good
S-10470,REG-2026-1470,M,19,BS AI,6,S3,50,37,75.0,3.01,2.78,65,61,63.0,63,67,72,75.0,57,72,Occasional studier,Warning,Ongoing,"Participates occasionally, can definitely do better.",Average sports player,67.15,Good
S-10471,REG-2026-1471,F,18,BS AI,3,S3,50,45,91.0,3.88,3.93,83,92,87.5,95,87,83,92.0,96,95,Highly focused,Excellent,Completed,No feedback provided,Outstanding performer in arts,91.1,Excellent
S-10472,REG-2026-1472,F,24,BS Data Science,1,S3,50,43,86.0,3.57,2.91,98,86,92.0,98,92,98,90.0,99,82,Very consistent,Excellent,Completed,Outstanding performance throughout the semester.,Shows leadership in sports,93.25,Excellent
S-10473,REG-2026-1473,M,19,BS Data Science,6,S2,50,37,75.0,3.01,2.78,55,65,60.0,67,77,55,65.0,58,63,Occasional studier,Warning,Ongoing,Average performance. Needs to focus more on lab work.,Learning basics of music,62.85,Average
S-10474,REG-2026-1474,M,25,BS Info Tech,5,S3,50,34,69.0,3.33,3.22,77,58,67.5,69,67,60,70.0,55,55,Needs some guidance,Good,Not Started,Understands the basics but struggles with complex logic.,Average sports player,62.6,Average
S-10475,REG-2026-1475,M,19,BS AI,7,S2,50,41,83.0,2.63,2.93,63,72,67.5,74,63,60,75.0,59,63,Occasional studier,Good,Not Started,Understands the basics but struggles with complex logic.,Average sports player,65.95,Good
S-10476,REG-2026-1476,M,18,BS Computer Science,6,S3,50,37,75.0,3.38,3.62,68,65,66.5,58,75,61,64.0,71,56,Last-minute crammer,Warning,Ongoing,"Participates occasionally, can definitely do better.",Learning basics of music,66.1,Good
S-10477,REG-2026-1477,F,19,BS Computer Science,8,S2,50,38,76.0,3.22,3.04,59,73,66.0,67,69,67,67.0,70,74,Needs some guidance,Good,Not Started,Understands the basics but struggles with complex logic.,Participates occasionally,69.0,Good
S-10478,REG-2026-1478,F,23,BS AI,6,S3,50,35,71.0,2.76,2.74,77,65,71.0,71,57,75,59.0,73,60,Last-minute crammer,Good,Not Started,"Participates occasionally, can definitely do better.",Learning basics of music,67.2,Good
S-10479,REG-2026-1479,M,21,BS Data Science,1,S1,50,36,73.0,3.13,3.41,67,70,68.5,68,55,68,61.0,72,72,Occasional studier,Good,Not Started,"Participates occasionally, can definitely do better.",Average sports player,67.0,Good
S-10480,REG-2026-1480,F,19,BS Software Eng,2,S2,50,28,57.0,2.38,2.61,53,52,52.5,52,40,32,35.0,51,31,Last-minute crammer,Probation,Not Started,"Needs urgent improvement, counseling recommended.",Struggles to participate,42.35,Poor
S-10481,REG-2026-1481,M,18,BS Data Science,7,S2,50,38,77.0,2.93,2.69,61,63,62.0,72,59,55,72.0,77,70,Occasional studier,Good,Ongoing,Good effort but needs more consistency in assignments.,Learning basics of music,68.45,Good
S-10482,REG-2026-1482,F,21,BS Software Eng,7,S3,50,48,96.0,3.86,3.66,99,83,91.0,80,80,91,93.0,83,86,Regular studier,Excellent,Completed,"Highly proactive, consistent, and quick learner.",Shows leadership in sports,87.5,Excellent
S-10483,REG-2026-1483,M,21,BS Data Science,4,S3,50,37,75.0,3.39,3.46,77,70,73.5,57,61,77,69.0,78,76,Needs some guidance,Good,Not Started,Understands the basics but struggles with complex logic.,Learning basics of music,72.5,Good
S-10484,REG-2026-1484,F,22,BS AI,8,S1,50,37,74.0,3.24,2.99,77,62,69.5,78,67,64,60.0,60,64,Occasional studier,Good,Ongoing,Good effort but needs more consistency in assignments.,Average sports player,64.25,Average
S-10485,REG-2026-1485,F,19,BS Computer Science,8,S1,50,42,85.0,3.63,3.38,99,98,98.5,96,86,88,88.0,92,81,Highly focused,Excellent,Completed,Outstanding performance throughout the semester.,Shows leadership in sports,89.4,Excellent
S-10486,REG-2026-1486,F,23,BS Data Science,7,S3,50,48,97.0,3.83,3.76,96,88,92.0,94,80,96,90.0,93,87,Very consistent,Excellent,Completed,"Highly proactive, consistent, and quick learner.",Active club president,91.1,Excellent
S-10487,REG-2026-1487,F,23,BS Data Science,7,S1,50,33,67.0,2.99,3.2,72,60,66.0,63,60,70,64.0,59,58,Needs some guidance,Warning,Ongoing,"Participates occasionally, can definitely do better.",Learning basics of music,62.95,Average
S-10488,REG-2026-1488,F,22,BS AI,1,S1,50,32,65.0,2.78,2.9,75,62,68.5,65,70,75,68.0,61,75,Last-minute crammer,Good,Ongoing,Average performance. Needs to focus more on lab work.,Average sports player,67.95,Good
S-10489,REG-2026-1489,M,22,BS Info Tech,2,S1,50,34,69.0,2.94,2.91,64,68,66.0,62,71,72,68.0,55,72,Last-minute crammer,Good,Not Started,"Participates occasionally, can definitely do better.",Average sports player,65.6,Good
S-10490,REG-2026-1490,F,23,BS Computer Science,2,S1,50,41,82.0,3.04,2.84,70,76,73.0,70,71,56,73.0,69,64,Occasional studier,Good,Ongoing,Understands the basics but struggles with complex logic.,Average sports player,68.65,Good
S-10491,REG-2026-1491,M,19,BS Software Eng,4,S3,50,27,54.0,1.17,1.35,26,35,30.5,41,38,43,43.0,28,52,Rarely studies,Warning,Not Started,Irregular attendance and extremely poor focus in class.,Struggles to participate,38.85,Poor
S-10492,REG-2026-1492,F,24,BS Info Tech,2,S2,50,16,32.0,1.01,1.06,48,41,44.5,35,23,34,30.0,42,48,Rarely studies,Warning,Not Started,Frequently misses deadlines and lacks motivation.,Shy and inactive,36.5,Poor
S-10493,REG-2026-1493,M,21,BS AI,2,S2,50,35,70.0,2.91,3.08,72,78,75.0,62,78,62,57.0,75,65,Occasional studier,Warning,Not Started,Average performance. Needs to focus more on lab work.,Average sports player,67.85,Good
S-10494,REG-2026-1494,M,25,BS Software Eng,5,S2,50,48,96.0,3.52,3.43,80,97,88.5,92,88,94,82.0,99,88,Highly focused,Excellent,Completed,"Highly proactive, consistent, and quick learner.",Outstanding performer in arts,91.1,Excellent
S-10495,REG-2026-1495,M,25,BS AI,5,S3,50,34,69.0,2.54,2.56,63,68,65.5,74,71,63,76.0,75,69,Needs some guidance,Good,Not Started,Average performance. Needs to focus more on lab work.,Learning basics of music,71.1,Good
S-10496,REG-2026-1496,M,24,BS AI,7,S2,50,35,70.0,3.22,3.05,69,60,64.5,67,57,69,64.0,71,55,Occasional studier,Warning,Not Started,Understands the basics but struggles with complex logic.,Learning basics of music,65.4,Good
S-10497,REG-2026-1497,F,19,BS Computer Science,1,S2,50,38,77.0,3.27,3.48,78,76,77.0,63,59,57,65.0,78,63,Needs some guidance,Warning,Ongoing,"Participates occasionally, can definitely do better.",Average sports player,67.95,Good
S-10498,REG-2026-1498,M,19,BS Computer Science,6,S1,50,41,83.0,3.41,3.43,65,57,61.0,59,76,64,76.0,66,68,Needs some guidance,Good,Ongoing,"Participates occasionally, can definitely do better.",Average sports player,68.9,Good
S-10499,REG-2026-1499,F,21,BS Software Eng,2,S3,50,42,85.0,3.84,3.93,89,87,88.0,92,85,89,93.0,95,96,Regular studier,Excellent,Completed,Brilliant understanding of core concepts. A joy to teach.,Outstanding performer in arts,91.45,Excellent
S-10500,REG-2026-1500,M,19,BS Software Eng,2,S1,50,36,73.0,2.85,2.96,74,76,75.0,61,76,66,71.0,76,69,Needs some guidance,Good,Not Started,Average performance. Needs to focus more on lab work.,Participates occasionally,71.8,Good
S-10501,REG-2026-1501,F,19,BS Info Tech,2,S2,50,48,96.0,3.52,3.51,93,86,89.5,93,96,91,91.0,97,87,Highly focused,Excellent,Completed,Shows excellent leadership and analytical skills.,Outstanding performer in arts,92.8,Excellent
S-10502,REG-2026-1502,F,23,BS Computer Science,8,S1,50,47,94.0,3.8,3.67,82,95,88.5,87,88,98,99.0,87,97,Highly focused,Excellent,Completed,"Highly proactive, consistent, and quick learner.",Active club president,92.65,Excellent
S-10503,REG-2026-1503,F,20,BS Software Eng,5,S3,50,46,92.0,3.66,3.95,84,81,82.5,92,82,93,83.0,87,83,Regular studier,Excellent,Completed,Brilliant understanding of core concepts. A joy to teach.,Active club president,86.25,Excellent
S-10504,REG-2026-1504,M,23,BS Info Tech,2,S3,50,42,85.0,3.55,3.36,83,81,82.0,93,90,98,99.0,93,99,Very consistent,Excellent,Completed,Outstanding performance throughout the semester.,Outstanding performer in arts,93.75,Excellent
S-10505,REG-2026-1505,F,23,BS Info Tech,7,S3,50,48,96.0,3.62,3.86,88,82,85.0,88,82,91,91.0,80,81,Highly focused,Excellent,Completed,Outstanding performance throughout the semester.,Shows leadership in sports,85.85,Excellent
S-10506,REG-2026-1506,M,20,BS Computer Science,8,S2,50,36,72.0,2.68,2.85,69,72,70.5,68,56,66,60.0,74,77,Needs some guidance,Good,Not Started,Average performance. Needs to focus more on lab work.,Participates occasionally,67.75,Good
S-10507,REG-2026-1507,F,22,BS Software Eng,4,S1,50,34,68.0,2.77,2.62,71,78,74.5,56,55,55,63.0,76,64,Occasional studier,Good,Ongoing,Good effort but needs more consistency in assignments.,Average sports player,65.4,Good
S-10508,REG-2026-1508,M,20,BS Software Eng,3,S1,50,28,58.0,2.19,2.08,30,48,39.0,36,49,52,20.0,32,50,Needs constant monitoring,Warning,Not Started,Frequently misses deadlines and lacks motivation.,No interest,38.3,Poor
S-10509,REG-2026-1509,F,24,BS Data Science,8,S2,50,45,91.0,3.76,3.72,89,99,94.0,92,86,84,85.0,88,86,Highly focused,Excellent,Completed,"Highly proactive, consistent, and quick learner.",Shows leadership in sports,87.35,Excellent
S-10510,REG-2026-1510,M,21,BS Software Eng,7,S2,50,35,70.0,3.1,3.08,65,70,67.5,75,67,55,78.0,67,71,Occasional studier,Warning,Ongoing,Good effort but needs more consistency in assignments.,Average sports player,68.4,Good
S-10511,REG-2026-1511,F,23,BS Info Tech,3,S1,50,35,70.0,2.68,2.58,74,56,65.0,55,58,64,67.0,57,61,Occasional studier,Good,Ongoing,Good effort but needs more consistency in assignments.,Average sports player,61.9,Average
S-10512,REG-2026-1512,M,20,BS Computer Science,3,S3,50,45,90.0,3.86,3.68,84,95,89.5,81,84,86,87.0,97,95,Very consistent,Excellent,Completed,Outstanding performance throughout the semester.,Outstanding performer in arts,89.95,Excellent
S-10513,REG-2026-1513,M,24,BS Data Science,3,S2,50,20,41.0,1.43,1.56,23,40,31.5,21,49,49,26.0,35,27,Last-minute crammer,Probation,Not Started,Lacks fundamental understanding of the subject matter.,No interest,35.15,Poor
S-10514,REG-2026-1514,F,22,BS Software Eng,7,S2,50,47,95.0,3.68,3.43,87,88,87.5,87,83,97,89.0,90,85,Highly focused,Excellent,Completed,"Highly proactive, consistent, and quick learner.",Active club president,89.5,Excellent
S-10515,REG-2026-1515,F,18,BS Info Tech,8,S3,50,37,74.0,3.25,3.47,61,68,64.5,60,65,72,56.0,60,67,Last-minute crammer,Good,Ongoing,Good effort but needs more consistency in assignments.,Participates occasionally,63.35,Average
S-10516,REG-2026-1516,F,25,BS Software Eng,8,S3,50,21,42.0,1.94,1.97,24,38,31.0,36,31,53,42.0,30,32,Last-minute crammer,Warning,Not Started,"Needs urgent improvement, counseling recommended.",Shy and inactive,37.15,Poor
S-10517,REG-2026-1517,M,23,BS Computer Science,3,S3,50,28,56.0,1.83,2.02,24,40,32.0,23,33,21,33.0,29,49,Needs constant monitoring,Needs Improvement,Not Started,Lacks fundamental understanding of the subject matter.,Shy and inactive,32.35,Poor
S-10518,REG-2026-1518,M,19,BS Software Eng,7,S3,50,30,61.0,1.92,1.74,39,41,40.0,41,21,20,20.0,34,34,Needs constant monitoring,Warning,Not Started,Lacks fundamental understanding of the subject matter.,Struggles to participate,30.1,Poor
S-10519,REG-2026-1519,F,24,BS AI,3,S3,50,39,79.0,2.53,2.45,57,71,64.0,77,77,67,60.0,68,64,Last-minute crammer,Good,Not Started,Understands the basics but struggles with complex logic.,Average sports player,67.35,Good
S-10520,REG-2026-1520,M,21,BS AI,4,S1,50,21,42.0,2.07,2.31,34,36,35.0,42,44,50,28.0,27,51,Rarely studies,Probation,Not Started,Frequently misses deadlines and lacks motivation.,Shy and inactive,37.05,Poor
S-10521,REG-2026-1521,F,18,BS Software Eng,7,S1,50,42,85.0,3.55,3.81,93,95,94.0,93,82,82,95.0,82,88,Very consistent,Excellent,Completed,"Highly proactive, consistent, and quick learner.",Active club president,87.1,Excellent
S-10522,REG-2026-1522,M,19,BS Data Science,3,S1,50,19,38.0,1.97,1.84,30,46,38.0,27,48,24,52.0,51,34,Needs constant monitoring,Warning,Not Started,Frequently misses deadlines and lacks motivation.,Shy and inactive,42.0,Poor
S-10523,REG-2026-1523,F,20,BS Software Eng,8,S1,50,24,48.0,1.94,1.93,43,31,37.0,32,40,29,20.0,40,21,Rarely studies,Probation,Not Started,Irregular attendance and extremely poor focus in class.,No interest,32.15,Poor
S-10524,REG-2026-1524,F,23,BS Info Tech,6,S1,50,38,77.0,2.66,2.43,68,59,63.5,68,65,58,60.0,77,74,Occasional studier,Warning,Ongoing,No feedback provided,Participates occasionally,67.45,Good
S-10525,REG-2026-1525,F,20,BS Computer Science,3,S1,50,40,81.0,3.01,3.18,69,55,62.0,67,76,57,67.0,66,73,Needs some guidance,Good,Not Started,"Participates occasionally, can definitely do better.",Average sports player,66.95,Good
S-10526,REG-2026-1526,M,22,BS Info Tech,5,S2,50,34,69.0,2.9,2.77,71,65,68.0,55,69,63,64.0,76,69,Occasional studier,Good,Not Started,Understands the basics but struggles with complex logic.,Average sports player,68.05,Good
S-10527,REG-2026-1527,F,18,BS Software Eng,7,S1,50,48,96.0,4.0,3.82,86,85,85.5,93,91,94,98.0,89,89,Regular studier,Excellent,Completed,Outstanding performance throughout the semester.,Active club president,91.95,Excellent
S-10528,REG-2026-1528,F,24,BS Data Science,8,S3,50,22,45.0,1.27,1.36,28,41,34.5,45,45,44,44.0,47,40,Needs constant monitoring,Warning,Not Started,"Needs urgent improvement, counseling recommended.",Shy and inactive,43.6,Poor
S-10529,REG-2026-1529,M,19,BS Data Science,2,S1,50,38,76.0,3.37,3.58,68,62,65.0,75,64,68,62.0,68,68,Last-minute crammer,Warning,Not Started,No feedback provided,Learning basics of music,66.85,Good
S-10530,REG-2026-1530,M,23,BS AI,1,S2,50,41,83.0,3.45,3.27,78,74,76.0,55,69,71,71.0,76,77,Last-minute crammer,Warning,Ongoing,"Participates occasionally, can definitely do better.",Participates occasionally,72.95,Good
S-10531,REG-2026-1531,F,21,BS Computer Science,8,S1,50,44,88.0,3.73,3.72,91,85,88.0,95,82,91,88.0,95,94,Highly focused,Excellent,Completed,Shows excellent leadership and analytical skills.,Active club president,90.55,Excellent
S-10532,REG-2026-1532,M,21,BS Info Tech,1,S3,50,37,74.0,2.76,2.57,69,62,65.5,55,74,64,76.0,75,55,Last-minute crammer,Warning,Not Started,"Participates occasionally, can definitely do better.",Participates occasionally,69.45,Good
S-10533,REG-2026-1533,F,20,BS Info Tech,4,S2,50,44,88.0,3.64,3.54,99,84,91.5,84,90,84,89.0,82,92,Very consistent,Excellent,Completed,"Highly proactive, consistent, and quick learner.",Shows leadership in sports,86.85,Excellent
S-10534,REG-2026-1534,M,20,BS Data Science,4,S2,50,48,96.0,3.55,3.3,90,93,91.5,96,86,88,66.03,82,86,Highly focused,Excellent,Completed,No feedback provided,Outstanding performer in arts,85.85,Excellent
S-10535,REG-2026-1535,F,19,BS Data Science,5,S3,50,35,70.0,3.09,3.01,68,77,72.5,59,67,72,57.0,55,61,Occasional studier,Good,Ongoing,Average performance. Needs to focus more on lab work.,Participates occasionally,62.45,Average
S-10536,REG-2026-1536,F,20,BS Computer Science,6,S1,50,27,55.0,1.85,1.6,26,47,36.5,25,47,40,31.0,47,47,Last-minute crammer,Probation,Not Started,Frequently misses deadlines and lacks motivation.,Shy and inactive,41.0,Poor
S-10537,REG-2026-1537,F,25,BS Info Tech,4,S3,50,37,74.0,2.52,2.58,59,57,58.0,72,65,66,57.0,57,72,Needs some guidance,Good,Ongoing,Understands the basics but struggles with complex logic.,Participates occasionally,62.35,Average
S-10538,REG-2026-1538,M,25,BS Info Tech,6,S2,50,45,91.0,3.73,3.78,87,95,91.0,83,92,90,88.0,97,93,Highly focused,Excellent,Completed,"Highly proactive, consistent, and quick learner.",Active club president,91.65,Excellent
S-10539,REG-2026-1539,M,22,BS AI,4,S1,50,32,65.0,2.82,2.54,70,55,62.5,57,77,70,61.0,75,58,Occasional studier,Good,Not Started,"Participates occasionally, can definitely do better.",Average sports player,67.3,Good
S-10540,REG-2026-1540,M,25,BS AI,6,S3,50,45,90.0,3.53,3.82,92,93,92.5,95,90,83,93.0,83,93,Very consistent,Excellent,Completed,Shows excellent leadership and analytical skills.,Outstanding performer in arts,88.6,Excellent
S-10541,REG-2026-1541,F,23,BS Computer Science,8,S3,50,30,61.0,1.54,1.75,31,43,37.0,20,21,44,33.0,47,22,Last-minute crammer,Needs Improvement,Not Started,Lacks fundamental understanding of the subject matter.,Shy and inactive,37.0,Poor
S-10542,REG-2026-1542,F,19,BS Computer Science,3,S1,50,41,82.0,2.86,2.69,78,56,67.0,58,64,57,74.0,78,62,Last-minute crammer,Good,Not Started,Understands the basics but struggles with complex logic.,Learning basics of music,69.15,Good
S-10543,REG-2026-1543,F,20,BS Computer Science,7,S3,50,28,56.0,1.84,1.56,48,38,43.0,39,49,33,36.0,32,34,Last-minute crammer,Warning,Not Started,Frequently misses deadlines and lacks motivation.,No interest,37.5,Poor
S-10544,REG-2026-1544,M,23,BS AI,3,S2,50,20,41.0,1.91,1.62,23,46,34.5,52,41,52,50.0,41,24,Rarely studies,Warning,Not Started,Lacks fundamental understanding of the subject matter.,Shy and inactive,42.65,Poor
S-10545,REG-2026-1545,M,18,BS Software Eng,8,S2,50,48,97.0,3.65,2.91,82,88,85.0,85,93,80,99.0,90,96,Regular studier,Excellent,Completed,Outstanding performance throughout the semester.,Outstanding performer in arts,90.8,Excellent
S-10546,REG-2026-1546,F,21,BS Computer Science,3,S1,50,36,73.0,2.54,2.35,77,66,71.5,57,66,61,56.0,56,55,Needs some guidance,Good,Not Started,"Participates occasionally, can definitely do better.",Average sports player,60.1,Average
S-10547,REG-2026-1547,F,18,BS Computer Science,3,S3,50,31,62.0,1.72,1.52,37,48,42.5,52,40,22,24.0,53,53,Last-minute crammer,Warning,Not Started,Frequently misses deadlines and lacks motivation.,No interest,40.6,Poor
S-10548,REG-2026-1548,F,21,BS Data Science,5,S2,50,47,94.0,3.85,3.96,83,92,87.5,88,94,82,81.0,83,86,Highly focused,Excellent,Completed,Shows excellent leadership and analytical skills.,Active club president,85.1,Excellent
S-10549,REG-2026-1549,M,20,BS Data Science,1,S3,50,15,31.0,1.72,1.88,35,42,38.5,45,29,33,36.0,35,44,Needs constant monitoring,Warning,Not Started,"Needs urgent improvement, counseling recommended.",No interest,35.85,Poor
S-10550,REG-2026-1550,F,20,BS AI,8,S1,50,41,82.0,3.37,3.45,58,57,57.5,57,72,59,66.0,63,73,Last-minute crammer,Warning,Ongoing,Good effort but needs more consistency in assignments.,Participates occasionally,65.0,Good
S-10551,REG-2026-1551,F,23,BS Info Tech,5,S1,50,33,67.0,2.96,3.0,64,58,61.0,72,64,55,59.0,57,56,Occasional studier,Warning,Not Started,Understands the basics but struggles with complex logic.,Average sports player,59.35,Average
S-10552,REG-2026-1552,M,22,BS Info Tech,7,S2,50,38,76.0,2.66,2.39,77,78,77.5,60,74,77,75.0,75,78,Last-minute crammer,Warning,Not Started,Understands the basics but struggles with complex logic.,Participates occasionally,75.05,Good
S-10553,REG-2026-1553,M,18,BS Info Tech,8,S1,50,20,41.0,2.47,2.63,23,33,28.0,43,49,37,39.0,43,20,Needs constant monitoring,Warning,Not Started,"Needs urgent improvement, counseling recommended.",Struggles to participate,38.0,Poor
S-10554,REG-2026-1554,F,19,BS Info Tech,3,S3,50,34,68.0,2.89,2.62,55,64,59.5,72,78,78,73.0,59,62,Needs some guidance,Warning,Not Started,"Participates occasionally, can definitely do better.",Learning basics of music,68.0,Good
S-10555,REG-2026-1555,F,21,BS Computer Science,7,S2,50,41,83.0,3.06,3.14,69,55,62.0,56,56,67,69.0,73,62,Needs some guidance,Good,Ongoing,No feedback provided,Learning basics of music,67.05,Good
S-10556,REG-2026-1556,F,21,BS Data Science,3,S3,50,29,59.0,1.39,1.12,25,48,36.5,29,33,43,41.0,29,47,Rarely studies,Needs Improvement,Not Started,Irregular attendance and extremely poor focus in class.,Shy and inactive,37.95,Poor
S-10557,REG-2026-1557,M,20,BS AI,7,S2,50,44,89.0,3.63,3.41,91,80,85.5,90,95,86,84.0,99,85,Regular studier,Excellent,Completed,"Highly proactive, consistent, and quick learner.",Outstanding performer in arts,89.95,Excellent
S-10558,REG-2026-1558,F,21,BS AI,7,S2,50,36,73.0,3.05,3.05,55,55,55.0,66,68,69,71.0,68,59,Last-minute crammer,Warning,Ongoing,Understands the basics but struggles with complex logic.,Learning basics of music,66.7,Good
S-10559,REG-2026-1559,M,22,BS Software Eng,4,S3,50,35,71.0,2.58,2.29,55,62,58.5,65,59,59,75.0,66,72,Occasional studier,Warning,Ongoing,Understands the basics but struggles with complex logic.,Average sports player,66.1,Good
S-10560,REG-2026-1560,F,19,BS AI,5,S2,50,17,35.0,1.25,1.52,46,45,45.5,22,25,45,28.0,24,42,Last-minute crammer,Probation,Not Started,Irregular attendance and extremely poor focus in class.,No interest,32.45,Poor
S-10561,REG-2026-1561,M,19,BS Computer Science,8,S1,50,33,66.0,2.73,2.48,76,72,74.0,71,60,65,58.0,64,71,Occasional studier,Warning,Not Started,Average performance. Needs to focus more on lab work.,Average sports player,64.7,Average
S-10562,REG-2026-1562,F,22,BS Software Eng,1,S3,50,39,78.0,2.5,2.61,74,66,70.0,73,58,62,66.03,70,55,Last-minute crammer,Good,Ongoing,Good effort but needs more consistency in assignments.,Average sports player,64.65,Average
S-10563,REG-2026-1563,F,21,BS Info Tech,5,S1,50,44,89.0,3.61,3.57,93,98,95.5,91,96,83,98.0,91,91,Very consistent,Excellent,Completed,Outstanding performance throughout the semester.,Outstanding performer in arts,92.05,Excellent
S-10564,REG-2026-1564,F,21,BS Software Eng,5,S3,50,35,70.0,3.04,3.01,76,61,68.5,66,59,56,78.0,70,61,Needs some guidance,Warning,Not Started,"Participates occasionally, can definitely do better.",Learning basics of music,67.15,Good
S-10565,REG-2026-1565,F,25,BS AI,4,S1,50,23,46.0,2.1,2.06,53,35,44.0,41,48,29,23.0,46,41,Needs constant monitoring,Warning,Not Started,Irregular attendance and extremely poor focus in class.,Struggles to participate,38.1,Poor
S-10566,REG-2026-1566,M,23,BS AI,4,S1,50,47,94.0,3.85,3.56,83,94,88.5,97,97,89,96.0,93,91,Very consistent,Excellent,Completed,Brilliant understanding of core concepts. A joy to teach.,Outstanding performer in arts,93.0,Excellent
S-10567,REG-2026-1567,M,25,BS AI,3,S3,50,32,65.0,2.98,3.02,66,62,64.0,61,65,68,63.0,61,75,Last-minute crammer,Warning,Not Started,No feedback provided,Learning basics of music,64.75,Average
S-10568,REG-2026-1568,F,18,BS Software Eng,5,S3,50,35,71.0,2.72,2.97,75,56,65.5,65,74,70,77.0,57,58,Last-minute crammer,Warning,Ongoing,Average performance. Needs to focus more on lab work.,Participates occasionally,66.7,Good
S-10569,REG-2026-1569,F,18,BS Info Tech,6,S2,50,39,78.0,3.32,3.26,61,56,58.5,74,60,59,61.0,78,74,Needs some guidance,Warning,Ongoing,Understands the basics but struggles with complex logic.,Learning basics of music,67.4,Good
S-10570,REG-2026-1570,F,25,BS Info Tech,5,S1,50,27,55.0,1.23,1.11,44,42,43.0,50,41,26,44.0,24,40,Rarely studies,Probation,Not Started,Lacks fundamental understanding of the subject matter.,No interest,36.35,Poor
S-10571,REG-2026-1571,F,18,BS Computer Science,2,S2,50,33,66.0,2.61,2.82,57,61,59.0,75,63,73,77.0,70,55,Needs some guidance,Warning,Not Started,Understands the basics but struggles with complex logic.,Learning basics of music,68.6,Good
S-10572,REG-2026-1572,M,19,BS Data Science,1,S1,50,43,86.0,3.78,3.5,81,93,87.0,99,89,82,86.0,98,90,Regular studier,Excellent,Completed,"Highly proactive, consistent, and quick learner.",Outstanding performer in arts,89.85,Excellent
S-10573,REG-2026-1573,F,19,BS Software Eng,3,S2,50,41,82.0,3.14,3.34,78,72,75.0,55,66,76,76.0,66,68,Needs some guidance,Good,Ongoing,Average performance. Needs to focus more on lab work.,Participates occasionally,70.85,Good
S-10574,REG-2026-1574,F,18,BS Computer Science,1,S1,50,33,66.0,3.19,3.4,58,66,62.0,64,60,62,66.03,58,66,Occasional studier,Warning,Not Started,"Participates occasionally, can definitely do better.",Average sports player,61.9,Average
S-10575,REG-2026-1575,F,24,BS AI,2,S1,50,41,83.0,2.91,2.61,73,77,75.0,75,60,62,57.0,60,65,Needs some guidance,Good,Not Started,Good effort but needs more consistency in assignments.,Participates occasionally,63.6,Average
S-10576,REG-2026-1576,F,21,BS Software Eng,1,S2,50,40,81.0,3.37,3.62,70,70,70.0,58,60,55,64.0,69,62,Last-minute crammer,Warning,Ongoing,"Participates occasionally, can definitely do better.",Learning basics of music,64.45,Average
S-10577,REG-2026-1577,F,24,BS Data Science,6,S2,50,37,74.0,3.16,3.29,69,60,64.5,65,58,73,62.0,61,69,Needs some guidance,Good,Ongoing,Good effort but needs more consistency in assignments.,Learning basics of music,64.7,Average
S-10578,REG-2026-1578,F,22,BS Data Science,4,S3,50,47,95.0,3.87,3.75,88,98,93.0,92,80,91,91.0,82,99,Highly focused,Excellent,Completed,Shows excellent leadership and analytical skills.,Active club president,88.9,Excellent
S-10579,REG-2026-1579,M,23,BS Software Eng,1,S1,50,41,82.0,3.25,3.19,73,67,70.0,78,62,68,67.0,67,74,Needs some guidance,Warning,Not Started,Good effort but needs more consistency in assignments.,Learning basics of music,68.95,Good
S-10580,REG-2026-1580,M,23,BS Software Eng,3,S3,50,44,89.0,3.89,3.91,95,94,94.5,80,89,81,94.0,80,96,Regular studier,Excellent,Completed,Shows excellent leadership and analytical skills.,Outstanding performer in arts,87.35,Excellent
S-10581,REG-2026-1581,F,20,BS AI,6,S1,50,16,32.0,2.08,2.09,25,21,23.0,46,36,48,49.0,31,46,Needs constant monitoring,Probation,Not Started,"Needs urgent improvement, counseling recommended.",Struggles to participate,39.15,Poor
S-10582,REG-2026-1582,M,20,BS Info Tech,8,S3,50,17,35.0,2.06,2.22,35,35,35.0,25,41,26,49.0,50,46,Rarely studies,Probation,Not Started,Frequently misses deadlines and lacks motivation.,Shy and inactive,41.4,Poor
S-10583,REG-2026-1583,M,19,BS Computer Science,7,S3,50,36,73.0,2.74,2.46,70,76,73.0,68,72,75,64.0,57,58,Needs some guidance,Warning,Not Started,Good effort but needs more consistency in assignments.,Average sports player,65.65,Good
S-10584,REG-2026-1584,M,20,BS Info Tech,8,S2,50,41,83.0,2.66,2.56,77,75,76.0,73,75,78,66.0,75,57,Needs some guidance,Good,Not Started,Good effort but needs more consistency in assignments.,Participates occasionally,72.25,Good
S-10585,REG-2026-1585,F,21,BS AI,6,S3,50,39,79.0,3.37,3.62,62,75,68.5,61,61,65,73.0,74,57,Needs some guidance,Warning,Not Started,Understands the basics but struggles with complex logic.,Participates occasionally,68.5,Good
S-10586,REG-2026-1586,M,23,BS Info Tech,5,S3,50,28,56.0,2.42,2.91,49,40,44.5,37,44,21,34.0,21,30,Last-minute crammer,Probation,Not Started,Frequently misses deadlines and lacks motivation.,No interest,31.7,Poor
S-10587,REG-2026-1587,M,18,BS Computer Science,6,S3,50,48,97.0,3.61,3.37,84,92,88.0,95,91,86,89.0,94,95,Highly focused,Excellent,Completed,Outstanding performance throughout the semester.,Active club president,91.2,Excellent
S-10588,REG-2026-1588,F,25,BS AI,2,S1,50,33,67.0,2.84,3.0,66,60,63.0,61,73,69,70.0,72,61,Needs some guidance,Warning,Ongoing,Average performance. Needs to focus more on lab work.,Average sports player,68.45,Good
S-10589,REG-2026-1589,M,21,BS Computer Science,6,S3,50,47,95.0,3.71,3.87,86,91,88.5,86,87,86,81.0,80,82,Very consistent,Excellent,Completed,Outstanding performance throughout the semester.,Outstanding performer in arts,83.9,Excellent
S-10590,REG-2026-1590,F,20,BS Data Science,1,S1,50,23,47.0,1.82,1.97,44,35,39.5,30,52,32,51.0,39,25,Last-minute crammer,Needs Improvement,Not Started,Irregular attendance and extremely poor focus in class.,Struggles to participate,40.25,Poor
S-10591,REG-2026-1591,F,24,BS Software Eng,4,S2,50,41,82.0,2.69,2.95,64,70,67.0,78,63,77,68.0,74,61,Occasional studier,Warning,Not Started,"Participates occasionally, can definitely do better.",Learning basics of music,70.75,Good
S-10592,REG-2026-1592,M,25,BS Data Science,6,S3,50,25,51.0,1.75,1.6,43,41,42.0,52,50,34,20.0,51,23,Rarely studies,Needs Improvement,Not Started,Irregular attendance and extremely poor focus in class.,No interest,38.5,Poor
S-10593,REG-2026-1593,F,23,BS Computer Science,2,S2,50,18,37.0,2.34,2.21,28,29,28.5,36,48,34,66.03,20,27,Needs constant monitoring,Probation,Not Started,Frequently misses deadlines and lacks motivation.,No interest,31.7,Poor
S-10594,REG-2026-1594,F,24,BS Info Tech,7,S3,50,37,74.0,3.05,3.11,55,76,65.5,57,78,67,65.0,76,57,Needs some guidance,Warning,Ongoing,Average performance. Needs to focus more on lab work.,Learning basics of music,68.65,Good
S-10595,REG-2026-1595,F,24,BS Data Science,4,S1,50,28,57.0,1.45,1.35,50,24,37.0,27,45,50,48.0,39,45,Last-minute crammer,Needs Improvement,Not Started,Irregular attendance and extremely poor focus in class.,Struggles to participate,43.75,Poor
S-10596,REG-2026-1596,F,25,BS Data Science,7,S1,50,23,46.0,1.19,2.91,36,49,42.5,53,41,39,42.0,36,47,Last-minute crammer,Needs Improvement,Not Started,Frequently misses deadlines and lacks motivation.,No interest,41.25,Poor
S-10597,REG-2026-1597,M,18,BS Info Tech,1,S2,50,23,46.0,2.27,2.08,31,22,26.5,29,50,29,43.0,28,34,Last-minute crammer,Needs Improvement,Not Started,Irregular attendance and extremely poor focus in class.,Struggles to participate,34.75,Poor
S-10598,REG-2026-1598,M,23,BS AI,3,S1,50,34,69.0,3.4,3.39,63,64,63.5,55,76,64,56.0,71,64,Needs some guidance,Warning,Not Started,Average performance. Needs to focus more on lab work.,Participates occasionally,65.1,Good
S-10599,REG-2026-1599,F,19,BS Software Eng,7,S2,50,48,97.0,3.55,3.3,98,86,92.0,83,93,85,84.0,94,98,Very consistent,Excellent,Completed,Brilliant understanding of core concepts. A joy to teach.,Shows leadership in sports,90.35,Excellent
S-10600,REG-2026-1600,M,18,BS Info Tech,1,S1,50,21,42.0,1.67,1.58,30,43,36.5,49,21,29,42.0,24,48,Rarely studies,Warning,Not Started,"Needs urgent improvement, counseling recommended.",Struggles to participate,33.85,Poor
S-10601,REG-2026-1601,F,20,BS Data Science,7,S1,50,21,43.0,1.4,2.91,21,48,34.5,37,42,26,21.0,51,23,Needs constant monitoring,Warning,Not Started,Irregular attendance and extremely poor focus in class.,No interest,34.8,Poor
S-10602,REG-2026-1602,M,25,BS Computer Science,6,S2,50,41,83.0,2.68,2.67,57,75,66.0,72,61,74,64.0,75,75,Last-minute crammer,Good,Not Started,No feedback provided,Participates occasionally,70.6,Good
S-10603,REG-2026-1603,M,21,BS Computer Science,1,S1,50,45,90.0,3.66,3.7,81,97,89.0,84,91,91,94.0,83,94,Very consistent,Excellent,Completed,"Highly proactive, consistent, and quick learner.",Active club president,89.3,Excellent
S-10604,REG-2026-1604,F,20,BS Data Science,8,S1,50,41,82.0,2.88,3.03,67,72,69.5,68,55,59,74.0,58,78,Last-minute crammer,Warning,Ongoing,Understands the basics but struggles with complex logic.,Learning basics of music,65.9,Good
S-10605,REG-2026-1605,F,22,BS Software Eng,6,S2,50,36,73.0,3.28,3.35,61,55,58.0,74,60,60,77.0,67,74,Occasional studier,Warning,Not Started,Good effort but needs more consistency in assignments.,Participates occasionally,67.7,Good
S-10606,REG-2026-1606,F,22,BS Info Tech,3,S3,50,36,73.0,3.12,2.99,65,59,62.0,76,62,62,71.0,67,65,Last-minute crammer,Good,Not Started,Good effort but needs more consistency in assignments.,Participates occasionally,66.6,Good
S-10607,REG-2026-1607,M,25,BS AI,6,S2,50,37,74.0,2.63,2.88,76,75,75.5,77,75,76,75.0,63,65,Last-minute crammer,Warning,Not Started,Good effort but needs more consistency in assignments.,Participates occasionally,71.25,Good
S-10608,REG-2026-1608,F,24,BS Software Eng,7,S1,50,28,56.0,1.39,1.62,29,46,37.5,48,49,40,35.0,48,52,Last-minute crammer,Probation,Not Started,Lacks fundamental understanding of the subject matter.,Shy and inactive,44.05,Poor
S-10609,REG-2026-1609,M,19,BS Computer Science,4,S1,50,18,36.0,1.54,1.41,31,34,32.5,52,25,41,39.0,46,23,Needs constant monitoring,Needs Improvement,Not Started,Lacks fundamental understanding of the subject matter.,Struggles to participate,37.9,Poor
S-10610,REG-2026-1610,M,22,BS Software Eng,2,S1,50,47,95.0,3.58,3.59,98,87,92.5,97,98,81,98.0,86,80,Very consistent,Excellent,Completed,Outstanding performance throughout the semester.,Active club president,89.9,Excellent
S-10611,REG-2026-1611,M,18,BS Info Tech,7,S3,50,36,72.69,3.0,3.19,72,57,64.5,70,66,69,56.0,55,68,Needs some guidance,Warning,Not Started,Good effort but needs more consistency in assignments.,Participates occasionally,62.3,Average
S-10612,REG-2026-1612,M,21,BS Software Eng,4,S1,50,39,79.0,3.16,3.3,74,66,70.0,69,57,72,67.0,66,75,Occasional studier,Warning,Not Started,"Participates occasionally, can definitely do better.",Learning basics of music,68.3,Good
S-10613,REG-2026-1613,F,20,BS Info Tech,2,S1,50,23,46.0,2.46,2.18,27,38,32.5,35,34,28,21.0,22,29,Rarely studies,Probation,Not Started,"Needs urgent improvement, counseling recommended.",Shy and inactive,27.5,Poor
S-10614,REG-2026-1614,F,21,BS AI,1,S1,50,38,77.0,3.23,3.51,56,65,60.5,59,58,72,71.0,57,65,Last-minute crammer,Good,Ongoing,Average performance. Needs to focus more on lab work.,Participates occasionally,64.4,Average
S-10615,REG-2026-1615,M,25,BS Data Science,1,S2,50,33,66.0,2.52,2.26,57,76,66.5,65,69,71,70.0,63,59,Needs some guidance,Warning,Ongoing,Good effort but needs more consistency in assignments.,Average sports player,66.4,Good
S-10616,REG-2026-1616,F,21,BS Info Tech,6,S2,50,23,46.0,1.06,1.14,20,49,34.5,50,20,26,51.0,22,27,Needs constant monitoring,Probation,Not Started,Frequently misses deadlines and lacks motivation.,No interest,32.55,Poor
S-10617,REG-2026-1617,F,24,BS Info Tech,8,S1,50,23,46.0,2.37,2.09,42,36,39.0,42,21,49,66.03,33,52,Needs constant monitoring,Warning,Not Started,Irregular attendance and extremely poor focus in class.,Shy and inactive,36.6,Poor
S-10618,REG-2026-1618,F,18,BS AI,1,S3,50,25,50.0,1.41,2.91,43,32,37.5,36,26,20,22.0,41,46,Last-minute crammer,Probation,Not Started,"Needs urgent improvement, counseling recommended.",Shy and inactive,32.9,Poor
S-10619,REG-2026-1619,M,21,BS Data Science,2,S3,50,21,43.0,1.45,1.55,40,37,38.5,46,48,48,32.0,46,32,Last-minute crammer,Probation,Not Started,Lacks fundamental understanding of the subject matter.,Shy and inactive,41.4,Poor
S-10620,REG-2026-1620,M,21,BS Data Science,2,S1,50,36,72.69,2.98,3.23,58,58,58.0,69,75,69,78.0,63,56,Occasional studier,Good,Not Started,Good effort but needs more consistency in assignments.,Participates occasionally,67.7,Good
S-10621,REG-2026-1621,F,19,BS Info Tech,6,S1,50,37,74.0,3.19,3.35,72,69,70.5,69,72,61,59.0,67,62,Needs some guidance,Warning,Not Started,No feedback provided,Average sports player,65.3,Good
S-10622,REG-2026-1622,M,19,BS Data Science,8,S1,50,16,32.0,1.38,1.65,41,25,33.0,42,33,38,25.0,37,23,Last-minute crammer,Probation,Not Started,Irregular attendance and extremely poor focus in class.,Shy and inactive,32.55,Poor
S-10623,REG-2026-1623,F,22,BS Data Science,8,S2,50,25,51.0,1.98,1.78,52,33,42.5,33,48,33,42.0,49,44,Needs constant monitoring,Probation,Not Started,Irregular attendance and extremely poor focus in class.,Shy and inactive,43.25,Poor
S-10624,REG-2026-1624,F,21,BS Software Eng,7,S2,50,44,88.0,3.55,3.39,86,94,90.0,94,86,80,93.0,91,90,Very consistent,Excellent,Completed,Shows excellent leadership and analytical skills.,Shows leadership in sports,89.05,Excellent
S-10625,REG-2026-1625,F,23,BS AI,5,S2,50,26,52.0,1.18,1.1,23,40,31.5,26,41,38,24.0,50,29,Needs constant monitoring,Probation,Not Started,Frequently misses deadlines and lacks motivation.,Shy and inactive,37.05,Poor
S-10626,REG-2026-1626,M,23,BS Data Science,3,S1,50,38,77.0,2.92,3.08,60,71,65.5,75,78,61,68.0,76,76,Last-minute crammer,Warning,Not Started,"Participates occasionally, can definitely do better.",Participates occasionally,71.3,Good
S-10627,REG-2026-1627,M,21,BS AI,5,S1,50,16,32.0,2.25,2.38,52,40,46.0,42,20,21,35.0,52,26,Rarely studies,Warning,Not Started,Irregular attendance and extremely poor focus in class.,Shy and inactive,36.05,Poor
S-10628,REG-2026-1628,F,23,BS AI,4,S3,50,43,86.0,3.6,3.77,97,81,89.0,86,97,84,98.0,91,99,Highly focused,Excellent,Completed,Shows excellent leadership and analytical skills.,Outstanding performer in arts,92.05,Excellent
S-10629,REG-2026-1629,F,24,BS Data Science,6,S1,50,32,65.0,2.93,2.94,73,65,69.0,62,55,67,66.0,78,59,Occasional studier,Good,Ongoing,Average performance. Needs to focus more on lab work.,Learning basics of music,67.4,Good
S-10630,REG-2026-1630,M,24,BS Computer Science,5,S3,50,34,69.0,2.57,2.38,60,59,59.5,63,74,56,64.0,58,75,Last-minute crammer,Good,Not Started,Understands the basics but struggles with complex logic.,Average sports player,63.15,Average
S-10631,REG-2026-1631,M,25,BS Computer Science,3,S2,50,39,79.0,2.56,2.27,70,75,72.5,73,61,71,58.0,77,68,Occasional studier,Warning,Not Started,Understands the basics but struggles with complex logic.,Participates occasionally,69.25,Good
S-10632,REG-2026-1632,F,23,BS Data Science,8,S2,50,47,94.0,3.93,3.91,99,89,94.0,80,89,93,86.0,94,98,Regular studier,Excellent,Completed,"Highly proactive, consistent, and quick learner.",Active club president,91.45,Excellent
S-10633,REG-2026-1633,F,24,BS Computer Science,8,S3,50,34,68.0,3.4,3.39,59,55,57.0,69,59,68,57.0,70,65,Occasional studier,Good,Ongoing,Average performance. Needs to focus more on lab work.,Participates occasionally,64.05,Average
S-10634,REG-2026-1634,F,25,BS Software Eng,3,S3,50,22,45.0,2.0,2.91,20,29,24.5,28,29,42,45.0,27,27,Needs constant monitoring,Needs Improvement,Not Started,No feedback provided,Struggles to participate,33.75,Poor
S-10635,REG-2026-1635,M,25,BS AI,8,S3,50,40,80.0,2.81,2.63,77,70,73.5,59,64,76,76.0,55,59,Occasional studier,Warning,Ongoing,"Participates occasionally, can definitely do better.",Average sports player,66.95,Good
S-10636,REG-2026-1636,F,18,BS Data Science,5,S3,50,33,66.0,3.06,2.94,62,70,66.0,61,62,59,58.0,77,55,Occasional studier,Warning,Not Started,"Participates occasionally, can definitely do better.",Participates occasionally,64.35,Average
S-10637,REG-2026-1637,F,24,BS AI,8,S3,50,24,49.0,2.32,2.18,47,22,34.5,46,24,33,25.0,45,36,Last-minute crammer,Warning,Not Started,Irregular attendance and extremely poor focus in class.,No interest,35.4,Poor
S-10638,REG-2026-1638,M,22,BS Info Tech,3,S2,50,28,56.0,1.28,1.18,45,23,34.0,28,48,43,22.0,40,50,Rarely studies,Needs Improvement,Not Started,Irregular attendance and extremely poor focus in class.,Shy and inactive,38.25,Poor
S-10639,REG-2026-1639,F,22,BS Data Science,7,S1,50,38,76.0,3.45,3.2,69,78,73.5,56,77,72,69.0,57,74,Last-minute crammer,Warning,Ongoing,"Participates occasionally, can definitely do better.",Average sports player,67.9,Good
S-10640,REG-2026-1640,M,18,BS Computer Science,1,S1,50,49,99.0,3.69,3.5,91,87,89.0,88,96,91,84.0,99,84,Regular studier,Excellent,Completed,Shows excellent leadership and analytical skills.,Active club president,91.45,Excellent
S-10641,REG-2026-1641,F,22,BS Software Eng,5,S3,50,41,83.0,3.43,3.27,60,75,67.5,64,78,66,76.0,73,74,Needs some guidance,Good,Ongoing,Average performance. Needs to focus more on lab work.,Learning basics of music,72.65,Good
S-10642,REG-2026-1642,M,18,BS Data Science,1,S2,50,43,86.0,3.81,3.76,89,84,86.5,93,89,96,95.0,99,95,Highly focused,Excellent,Completed,No feedback provided,Outstanding performer in arts,94.15,Excellent
S-10643,REG-2026-1643,M,22,BS Software Eng,6,S1,50,44,88.0,3.57,3.48,96,87,91.5,85,90,96,82.0,92,94,Regular studier,Excellent,Completed,Outstanding performance throughout the semester.,Shows leadership in sports,90.0,Excellent
S-10644,REG-2026-1644,M,23,BS Info Tech,4,S1,50,47,95.0,3.86,3.81,95,92,93.5,88,92,93,98.0,88,85,Regular studier,Excellent,Completed,Outstanding performance throughout the semester.,Outstanding performer in arts,91.75,Excellent
S-10645,REG-2026-1645,F,20,BS Software Eng,5,S1,50,41,83.0,3.48,3.49,74,69,71.5,75,63,64,61.0,60,78,Needs some guidance,Good,Ongoing,"Participates occasionally, can definitely do better.",Average sports player,65.95,Good
S-10646,REG-2026-1646,M,20,BS Computer Science,5,S2,50,36,73.0,2.73,2.9,59,55,57.0,74,57,73,63.0,57,59,Occasional studier,Warning,Ongoing,Good effort but needs more consistency in assignments.,Learning basics of music,62.45,Average
S-10647,REG-2026-1647,F,24,BS Software Eng,6,S1,50,22,45.0,1.63,1.42,22,36,29.0,44,51,27,48.0,22,26,Needs constant monitoring,Probation,Not Started,"Needs urgent improvement, counseling recommended.",Struggles to participate,34.2,Poor
S-10648,REG-2026-1648,M,21,BS Computer Science,8,S2,50,46,92.0,3.73,3.66,82,97,89.5,83,95,92,82.0,90,96,Highly focused,Excellent,Completed,Outstanding performance throughout the semester.,Active club president,89.5,Excellent
S-10649,REG-2026-1649,F,23,BS Data Science,8,S3,50,21,42.0,1.83,1.78,23,30,26.5,20,48,30,30.0,37,26,Rarely studies,Warning,Not Started,Irregular attendance and extremely poor focus in class.,Struggles to participate,32.9,Poor
S-10650,REG-2026-1650,M,24,BS Software Eng,5,S1,50,40,80.0,3.15,3.3,69,56,62.5,57,59,78,73.0,59,72,Last-minute crammer,Good,Not Started,"Participates occasionally, can definitely do better.",Learning basics of music,67.25,Good
S-10651,REG-2026-1651,F,25,BS AI,5,S3,50,33,66.0,3.02,3.04,72,62,67.0,59,71,57,78.0,72,64,Last-minute crammer,Good,Not Started,Average performance. Needs to focus more on lab work.,Participates occasionally,68.6,Good
S-10652,REG-2026-1652,F,23,BS AI,3,S1,50,33,66.0,2.86,2.71,60,65,62.5,73,69,65,61.0,75,55,Needs some guidance,Good,Ongoing,Understands the basics but struggles with complex logic.,Participates occasionally,66.3,Good
S-10653,REG-2026-1653,F,21,BS AI,4,S1,50,35,71.0,2.68,2.52,65,74,69.5,64,76,57,63.0,73,76,Needs some guidance,Warning,Not Started,Average performance. Needs to focus more on lab work.,Average sports player,68.3,Good
S-10654,REG-2026-1654,F,24,BS Info Tech,2,S1,50,23,46.0,1.38,1.12,37,40,38.5,23,38,29,26.0,22,37,Needs constant monitoring,Warning,Not Started,Lacks fundamental understanding of the subject matter.,Shy and inactive,29.85,Poor
S-10655,REG-2026-1655,F,18,BS Data Science,1,S1,50,38,76.0,2.73,2.91,55,64,59.5,77,55,65,62.0,70,69,Needs some guidance,Good,Not Started,"Participates occasionally, can definitely do better.",Learning basics of music,65.65,Good
S-10656,REG-2026-1656,F,22,BS Info Tech,2,S2,50,34,69.0,2.92,2.97,67,56,61.5,77,57,77,64.0,57,56,Last-minute crammer,Warning,Ongoing,Average performance. Needs to focus more on lab work.,Participates occasionally,63.35,Average
S-10657,REG-2026-1657,M,20,BS Software Eng,1,S1,50,41,83.0,3.42,3.2,66,58,62.0,67,73,57,67.0,67,74,Occasional studier,Good,Ongoing,No feedback provided,Learning basics of music,67.1,Good
S-10658,REG-2026-1658,F,18,BS Computer Science,8,S3,50,42,85.0,3.86,3.75,81,89,85.0,93,98,97,84.0,92,91,Very consistent,Excellent,Completed,Brilliant understanding of core concepts. A joy to teach.,Outstanding performer in arts,90.65,Excellent
S-10659,REG-2026-1659,M,18,BS Data Science,8,S3,50,36,72.0,3.05,3.07,72,78,75.0,68,73,72,78.0,77,75,Needs some guidance,Warning,Ongoing,Good effort but needs more consistency in assignments.,Average sports player,74.95,Good
S-10660,REG-2026-1660,F,23,BS AI,5,S3,50,24,48.0,1.47,1.26,33,44,38.5,52,50,30,46.0,30,46,Rarely studies,Needs Improvement,Not Started,Irregular attendance and extremely poor focus in class.,No interest,39.65,Poor
S-10661,REG-2026-1661,F,20,BS Data Science,5,S1,50,19,39.0,1.68,1.48,38,49,43.5,52,31,33,21.0,37,28,Last-minute crammer,Warning,Not Started,Lacks fundamental understanding of the subject matter.,No interest,33.2,Poor
S-10662,REG-2026-1662,M,21,BS AI,8,S3,50,32,65.0,2.66,2.82,61,57,59.0,74,76,71,72.0,72,58,Last-minute crammer,Warning,Ongoing,Average performance. Needs to focus more on lab work.,Average sports player,69.3,Good
S-10663,REG-2026-1663,F,23,BS Data Science,1,S1,50,49,99.0,3.83,3.8,91,90,90.5,93,84,99,90.0,83,92,Highly focused,Excellent,Completed,"Highly proactive, consistent, and quick learner.",Shows leadership in sports,89.85,Excellent
S-10664,REG-2026-1664,M,19,BS Software Eng,2,S2,50,46,92.0,3.67,3.83,95,84,89.5,85,81,83,66.03,98,90,Highly focused,Excellent,Completed,Shows excellent leadership and analytical skills.,Active club president,90.65,Excellent
S-10665,REG-2026-1665,F,21,BS Software Eng,2,S2,50,28,57.0,2.48,2.33,32,22,27.0,46,20,25,44.0,29,20,Needs constant monitoring,Needs Improvement,Not Started,"Needs urgent improvement, counseling recommended.",No interest,31.65,Poor
S-10666,REG-2026-1666,M,25,BS Software Eng,3,S3,50,38,76.0,3.14,2.98,77,60,68.5,76,73,71,67.0,74,72,Occasional studier,Good,Not Started,Good effort but needs more consistency in assignments.,Participates occasionally,71.5,Good
S-10667,REG-2026-1667,M,25,BS Computer Science,8,S3,50,34,68.0,3.44,3.21,55,63,59.0,60,56,61,68.0,73,73,Occasional studier,Warning,Not Started,Understands the basics but struggles with complex logic.,Learning basics of music,66.2,Good
S-10668,REG-2026-1668,F,18,BS Computer Science,2,S3,50,40,80.0,3.02,3.17,76,60,68.0,66,72,60,66.0,62,66,Last-minute crammer,Good,Not Started,Good effort but needs more consistency in assignments.,Participates occasionally,65.6,Good
S-10669,REG-2026-1669,F,25,BS Info Tech,8,S2,50,39,79.0,3.3,3.53,57,75,66.0,56,72,70,74.0,76,71,Needs some guidance,Good,Ongoing,Understands the basics but struggles with complex logic.,Average sports player,71.95,Good
S-10670,REG-2026-1670,M,22,BS Data Science,2,S2,50,33,66.0,3.37,3.29,72,70,71.0,67,77,70,60.0,55,76,Needs some guidance,Warning,Not Started,"Participates occasionally, can definitely do better.",Participates occasionally,65.3,Good
S-10671,REG-2026-1671,M,21,BS Software Eng,7,S3,50,41,83.0,3.09,2.87,61,57,59.0,68,67,60,66.0,56,60,Last-minute crammer,Warning,Not Started,"Participates occasionally, can definitely do better.",Learning basics of music,62.35,Average
S-10672,REG-2026-1672,M,21,BS Info Tech,1,S2,50,48,97.0,3.77,3.51,88,98,93.0,88,87,98,97.0,83,87,Regular studier,Excellent,Completed,"Highly proactive, consistent, and quick learner.",Outstanding performer in arts,90.8,Excellent
S-10673,REG-2026-1673,F,22,BS Computer Science,3,S3,50,32,65.0,2.7,2.78,59,66,62.5,58,78,76,74.0,73,71,Last-minute crammer,Good,Ongoing,Understands the basics but struggles with complex logic.,Participates occasionally,71.75,Good
S-10674,REG-2026-1674,M,19,BS Info Tech,6,S2,50,16,32.0,1.09,1.05,44,25,34.5,25,50,24,53.0,24,31,Rarely studies,Needs Improvement,Not Started,Lacks fundamental understanding of the subject matter.,Struggles to participate,34.6,Poor
S-10675,REG-2026-1675,M,24,BS AI,5,S1,50,26,53.0,2.39,2.17,29,28,28.5,29,49,50,26.0,23,53,Rarely studies,Needs Improvement,Not Started,Lacks fundamental understanding of the subject matter.,Shy and inactive,35.6,Poor
S-10676,REG-2026-1676,F,24,BS Computer Science,3,S3,50,41,82.0,3.47,3.18,71,77,74.0,61,55,71,74.0,55,61,Last-minute crammer,Warning,Ongoing,Average performance. Needs to focus more on lab work.,Learning basics of music,65.35,Good
S-10677,REG-2026-1677,F,19,BS Software Eng,8,S2,50,36,72.0,3.35,3.09,70,64,67.0,71,64,59,68.0,62,73,Last-minute crammer,Warning,Not Started,Average performance. Needs to focus more on lab work.,Average sports player,65.5,Good
S-10678,REG-2026-1678,F,20,BS Info Tech,4,S3,50,48,96.0,3.57,3.7,97,99,98.0,89,88,92,85.0,81,87,Regular studier,Excellent,Completed,Brilliant understanding of core concepts. A joy to teach.,Shows leadership in sports,87.6,Excellent
S-10679,REG-2026-1679,M,19,BS AI,5,S3,50,16,32.0,1.85,2.13,21,51,36.0,21,42,48,47.0,28,43,Rarely studies,Needs Improvement,Not Started,Irregular attendance and extremely poor focus in class.,Struggles to participate,38.35,Poor
S-10680,REG-2026-1680,F,21,BS Data Science,1,S1,50,40,81.0,3.41,3.69,77,75,76.0,68,57,64,77.0,78,67,Occasional studier,Good,Not Started,Good effort but needs more consistency in assignments.,Learning basics of music,71.95,Good
S-10681,REG-2026-1681,M,19,BS Info Tech,2,S2,50,45,90.0,3.79,3.91,85,87,86.0,84,81,92,94.0,82,87,Very consistent,Excellent,Completed,"Highly proactive, consistent, and quick learner.",Outstanding performer in arts,87.2,Excellent
S-10682,REG-2026-1682,M,23,BS Software Eng,4,S3,50,35,71.0,2.55,2.31,71,58,64.5,59,72,70,72.0,63,60,Needs some guidance,Warning,Ongoing,Good effort but needs more consistency in assignments.,Learning basics of music,66.8,Good
S-10683,REG-2026-1683,F,18,BS Computer Science,4,S3,50,37,75.0,3.44,3.65,65,69,67.0,57,70,62,64.0,65,61,Last-minute crammer,Good,Not Started,Average performance. Needs to focus more on lab work.,Participates occasionally,64.75,Average
S-10684,REG-2026-1684,M,23,BS Info Tech,5,S3,50,35,71.0,3.4,3.19,72,68,70.0,70,60,76,56.0,74,61,Occasional studier,Warning,Not Started,Good effort but needs more consistency in assignments.,Average sports player,67.25,Good
S-10685,REG-2026-1685,M,18,BS Info Tech,1,S1,50,41,83.0,3.42,3.4,78,62,70.0,58,77,55,72.0,71,62,Last-minute crammer,Warning,Ongoing,Good effort but needs more consistency in assignments.,Average sports player,68.35,Good
S-10686,REG-2026-1686,F,18,BS Info Tech,7,S2,50,39,79.0,3.03,2.9,57,64,60.5,58,66,78,69.0,71,66,Needs some guidance,Good,Ongoing,Understands the basics but struggles with complex logic.,Average sports player,69.35,Good
S-10687,REG-2026-1687,M,21,BS AI,6,S1,50,39,79.0,2.74,2.57,78,77,77.5,73,64,78,66.0,77,56,Occasional studier,Warning,Ongoing,Average performance. Needs to focus more on lab work.,Learning basics of music,71.5,Good
S-10688,REG-2026-1688,M,22,BS Data Science,6,S1,50,38,76.0,3.46,3.27,69,69,69.0,78,68,64,71.0,61,69,Occasional studier,Good,Ongoing,Average performance. Needs to focus more on lab work.,Average sports player,67.35,Good
S-10689,REG-2026-1689,F,25,BS AI,4,S2,50,15,31.0,2.23,1.96,25,45,35.0,53,44,47,42.0,50,50,Last-minute crammer,Needs Improvement,Not Started,Frequently misses deadlines and lacks motivation.,Shy and inactive,45.05,Poor
S-10690,REG-2026-1690,M,24,BS Software Eng,5,S1,50,38,77.0,2.7,2.48,72,76,74.0,63,70,58,70.0,64,71,Needs some guidance,Good,Ongoing,"Participates occasionally, can definitely do better.",Average sports player,67.2,Good
S-10691,REG-2026-1691,M,23,BS Info Tech,8,S3,50,35,70.0,2.73,2.7,75,59,67.0,60,58,74,78.0,75,59,Occasional studier,Warning,Ongoing,Understands the basics but struggles with complex logic.,Participates occasionally,70.35,Good
S-10692,REG-2026-1692,F,22,BS Software Eng,3,S2,50,49,98.0,3.93,3.73,83,91,87.0,98,90,93,97.0,81,89,Highly focused,Excellent,Completed,Outstanding performance throughout the semester.,Active club president,90.0,Excellent
S-10693,REG-2026-1693,M,24,BS AI,1,S3,50,36,72.0,3.28,3.31,65,72,68.5,68,69,66,61.0,62,59,Last-minute crammer,Warning,Not Started,"Participates occasionally, can definitely do better.",Participates occasionally,64.25,Average
S-10694,REG-2026-1694,M,19,BS Info Tech,2,S2,50,40,80.0,2.61,2.42,58,70,64.0,62,71,74,56.0,69,77,Last-minute crammer,Good,Ongoing,Good effort but needs more consistency in assignments.,Average sports player,67.85,Good
S-10695,REG-2026-1695,M,23,BS Data Science,5,S3,50,30,61.0,1.36,1.26,50,37,43.5,44,38,46,49.0,52,23,Last-minute crammer,Warning,Not Started,Irregular attendance and extremely poor focus in class.,Shy and inactive,45.4,Poor
S-10696,REG-2026-1696,F,18,BS AI,7,S1,50,41,82.0,3.41,3.6,77,63,70.0,71,68,63,69.0,62,59,Needs some guidance,Warning,Ongoing,"Participates occasionally, can definitely do better.",Average sports player,66.1,Good
S-10697,REG-2026-1697,M,25,BS Computer Science,7,S3,50,39,78.0,3.21,3.26,60,65,62.5,63,55,68,59.0,57,75,Needs some guidance,Warning,Ongoing,Average performance. Needs to focus more on lab work.,Average sports player,62.55,Average
S-10698,REG-2026-1698,M,20,BS Computer Science,7,S2,50,43,87.0,3.92,3.71,88,88,88.0,84,96,87,99.0,88,88,Highly focused,Excellent,Completed,"Highly proactive, consistent, and quick learner.",Shows leadership in sports,90.6,Excellent
S-10699,REG-2026-1699,F,24,BS AI,7,S2,50,34,69.0,2.71,2.61,76,78,77.0,78,64,72,76.0,64,59,Needs some guidance,Good,Ongoing,Understands the basics but struggles with complex logic.,Learning basics of music,69.35,Good
S-10700,REG-2026-1700,M,25,BS Computer Science,6,S3,50,46,93.0,3.91,3.93,99,96,97.5,87,94,94,90.0,81,95,Highly focused,Excellent,Completed,Brilliant understanding of core concepts. A joy to teach.,Shows leadership in sports,90.0,Excellent
S-10701,REG-2026-1701,M,20,BS AI,8,S2,50,38,76.0,2.9,3.17,66,72,69.0,75,70,70,62.0,67,68,Occasional studier,Warning,Not Started,"Participates occasionally, can definitely do better.",Average sports player,67.9,Good
S-10702,REG-2026-1702,F,18,BS Info Tech,4,S1,50,17,34.0,1.66,1.52,45,48,46.5,42,25,33,49.0,27,32,Rarely studies,Needs Improvement,Not Started,Irregular attendance and extremely poor focus in class.,No interest,35.65,Poor
S-10703,REG-2026-1703,M,18,BS AI,4,S2,50,40,81.0,2.74,2.44,61,70,65.5,78,71,77,68.0,71,78,Last-minute crammer,Warning,Ongoing,"Participates occasionally, can definitely do better.",Average sports player,72.3,Good
S-10704,REG-2026-1704,F,20,BS AI,8,S1,50,41,82.0,3.33,3.35,57,63,60.0,76,55,65,76.0,66,69,Occasional studier,Warning,Not Started,Understands the basics but struggles with complex logic.,Learning basics of music,67.75,Good
S-10705,REG-2026-1705,M,25,BS Data Science,2,S2,50,36,73.0,2.8,2.76,75,67,71.0,72,76,78,68.0,70,75,Occasional studier,Warning,Ongoing,Average performance. Needs to focus more on lab work.,Learning basics of music,72.25,Good
S-10706,REG-2026-1706,F,21,BS Software Eng,4,S3,50,34,68.0,2.52,2.67,62,75,68.5,73,77,73,78.0,60,75,Needs some guidance,Good,Not Started,Average performance. Needs to focus more on lab work.,Participates occasionally,70.65,Good
S-10707,REG-2026-1707,F,19,BS AI,6,S2,50,16,32.0,2.24,2.36,30,44,37.0,38,43,49,24.0,36,40,Last-minute crammer,Warning,Not Started,Frequently misses deadlines and lacks motivation.,No interest,36.65,Poor
S-10708,REG-2026-1708,M,23,BS Computer Science,5,S3,50,43,87.0,3.69,3.76,81,81,81.0,81,95,85,92.0,93,98,Very consistent,Excellent,Completed,Brilliant understanding of core concepts. A joy to teach.,Shows leadership in sports,90.2,Excellent
S-10709,REG-2026-1709,F,23,BS AI,2,S1,50,45,90.0,3.73,3.64,99,94,96.5,95,86,87,85.0,84,80,Regular studier,Excellent,Completed,Outstanding performance throughout the semester.,Active club president,86.55,Excellent
S-10710,REG-2026-1710,F,21,BS Computer Science,8,S1,50,39,79.0,2.74,2.9,64,73,68.5,77,59,55,75.0,56,56,Last-minute crammer,Good,Not Started,Good effort but needs more consistency in assignments.,Learning basics of music,63.4,Average
S-10711,REG-2026-1711,M,19,BS Computer Science,2,S3,50,35,71.0,2.85,2.83,68,65,66.5,75,64,69,64.0,70,73,Last-minute crammer,Warning,Not Started,Average performance. Needs to focus more on lab work.,Participates occasionally,68.3,Good
S-10712,REG-2026-1712,M,22,BS AI,3,S2,50,24,48.0,1.37,1.42,32,23,27.5,26,22,22,20.0,23,32,Rarely studies,Needs Improvement,Not Started,Frequently misses deadlines and lacks motivation.,No interest,24.9,Poor
S-10713,REG-2026-1713,F,21,BS Computer Science,5,S3,50,40,81.0,2.59,2.7,61,72,66.5,68,58,59,55.0,72,66,Last-minute crammer,Warning,Not Started,"Participates occasionally, can definitely do better.",Learning basics of music,64.35,Average
S-10714,REG-2026-1714,M,20,BS Software Eng,2,S1,50,36,72.0,3.47,3.18,71,68,69.5,56,70,65,62.0,58,76,Occasional studier,Good,Ongoing,"Participates occasionally, can definitely do better.",Average sports player,64.6,Average
S-10715,REG-2026-1715,F,21,BS AI,1,S3,50,40,81.0,3.03,2.9,58,63,60.5,75,70,71,77.0,59,59,Occasional studier,Good,Not Started,Good effort but needs more consistency in assignments.,Learning basics of music,67.55,Good
S-10716,REG-2026-1716,F,21,BS Info Tech,7,S3,50,49,98.0,3.78,3.79,94,96,95.0,91,89,94,99.0,86,95,Regular studier,Excellent,Completed,Brilliant understanding of core concepts. A joy to teach.,Outstanding performer in arts,92.75,Excellent
S-10717,REG-2026-1717,F,20,BS Data Science,5,S2,50,33,66.0,2.54,2.91,60,60,60.0,64,78,76,64.0,62,70,Needs some guidance,Warning,Ongoing,Good effort but needs more consistency in assignments.,Learning basics of music,67.0,Good
S-10718,REG-2026-1718,M,25,BS Info Tech,7,S1,50,37,75.0,2.91,3.08,59,65,62.0,71,71,57,62.0,57,60,Needs some guidance,Warning,Ongoing,Average performance. Needs to focus more on lab work.,Average sports player,61.8,Average
S-10719,REG-2026-1719,F,20,BS Data Science,4,S1,50,37,75.0,3.08,3.08,72,78,75.0,56,75,66,57.0,65,55,Needs some guidance,Good,Ongoing,Understands the basics but struggles with complex logic.,Average sports player,64.6,Average
S-10720,REG-2026-1720,M,19,BS Data Science,7,S1,50,35,70.0,2.58,2.51,67,67,67.0,59,71,61,66.03,60,73,Last-minute crammer,Good,Not Started,"Participates occasionally, can definitely do better.",Learning basics of music,65.7,Good
S-10721,REG-2026-1721,F,19,BS Software Eng,5,S2,50,40,81.0,2.69,2.54,75,70,72.5,60,73,69,66.0,61,74,Occasional studier,Good,Not Started,Average performance. Needs to focus more on lab work.,Participates occasionally,67.8,Good
S-10722,REG-2026-1722,M,21,BS Computer Science,7,S2,50,23,46.0,1.07,1.21,36,50,43.0,36,22,28,42.0,42,33,Last-minute crammer,Needs Improvement,Not Started,Lacks fundamental understanding of the subject matter.,Shy and inactive,37.0,Poor
S-10723,REG-2026-1723,M,25,BS Software Eng,2,S3,50,45,90.0,3.63,3.87,99,85,92.0,92,86,88,97.0,91,88,Regular studier,Excellent,Completed,"Highly proactive, consistent, and quick learner.",Shows leadership in sports,91.05,Excellent
S-10724,REG-2026-1724,M,23,BS AI,3,S1,50,17,35.0,2.02,1.96,38,20,29.0,28,44,32,37.0,43,51,Rarely studies,Probation,Not Started,Lacks fundamental understanding of the subject matter.,Shy and inactive,38.5,Poor
S-10725,REG-2026-1725,M,18,BS AI,2,S1,50,40,81.0,2.72,2.47,78,58,68.0,65,60,71,77.0,66,56,Last-minute crammer,Warning,Ongoing,Understands the basics but struggles with complex logic.,Average sports player,68.25,Good
S-10726,REG-2026-1726,M,25,BS Software Eng,2,S1,50,49,99.0,3.72,3.91,82,82,82.0,83,83,96,87.0,91,96,Regular studier,Excellent,Completed,Outstanding performance throughout the semester.,Shows leadership in sports,89.75,Excellent
S-10727,REG-2026-1727,F,20,BS AI,1,S3,50,36,73.0,2.73,2.68,61,60,60.5,63,64,73,61.0,77,68,Last-minute crammer,Good,Ongoing,"Participates occasionally, can definitely do better.",Learning basics of music,68.45,Good
S-10728,REG-2026-1728,M,23,BS Data Science,2,S2,50,36,73.0,2.84,2.63,56,56,56.0,61,58,67,65.0,66,65,Needs some guidance,Warning,Ongoing,Good effort but needs more consistency in assignments.,Average sports player,64.15,Average
S-10729,REG-2026-1729,M,23,BS Info Tech,1,S1,50,16,33.0,2.36,2.27,48,40,44.0,25,30,26,28.0,29,45,Needs constant monitoring,Warning,Not Started,Lacks fundamental understanding of the subject matter.,No interest,31.55,Poor
S-10730,REG-2026-1730,M,20,BS AI,3,S3,50,39,79.0,2.87,3.13,55,69,62.0,67,71,58,69.0,64,68,Needs some guidance,Warning,Ongoing,Average performance. Needs to focus more on lab work.,Participates occasionally,65.9,Good
S-10731,REG-2026-1731,M,22,BS AI,1,S3,50,49,99.0,3.64,3.67,97,81,89.0,81,90,90,86.0,93,89,Highly focused,Excellent,Completed,Outstanding performance throughout the semester.,Active club president,89.75,Excellent
S-10732,REG-2026-1732,F,19,BS Info Tech,5,S3,50,33,67.0,2.69,2.72,68,77,72.5,56,72,74,64.0,63,57,Last-minute crammer,Warning,Not Started,Average performance. Needs to focus more on lab work.,Participates occasionally,65.95,Good
S-10733,REG-2026-1733,F,19,BS Info Tech,4,S3,50,40,80.0,3.02,3.16,55,77,66.0,77,70,60,61.0,74,67,Needs some guidance,Good,Not Started,"Participates occasionally, can definitely do better.",Learning basics of music,67.85,Good
S-10734,REG-2026-1734,M,24,BS Data Science,8,S3,50,33,66.0,3.37,3.49,63,74,68.5,56,70,74,57.0,72,72,Occasional studier,Good,Ongoing,Understands the basics but struggles with complex logic.,Learning basics of music,67.65,Good
S-10735,REG-2026-1735,M,19,BS Computer Science,8,S3,50,38,77.0,2.65,2.52,57,76,66.5,74,63,59,63.0,72,76,Occasional studier,Good,Not Started,Good effort but needs more consistency in assignments.,Learning basics of music,67.55,Good
S-10736,REG-2026-1736,F,23,BS Software Eng,1,S2,50,37,75.0,3.42,3.37,75,57,66.0,59,66,66,66.03,56,60,Occasional studier,Good,Ongoing,"Participates occasionally, can definitely do better.",Learning basics of music,62.6,Average
S-10737,REG-2026-1737,M,18,BS AI,4,S3,50,36,72.0,3.48,3.6,76,59,67.5,78,69,56,65.0,66,74,Last-minute crammer,Good,Ongoing,Understands the basics but struggles with complex logic.,Learning basics of music,66.45,Good
S-10738,REG-2026-1738,M,21,BS AI,8,S2,50,39,79.0,3.25,3.34,59,64,61.5,72,70,58,68.0,58,60,Occasional studier,Warning,Not Started,Good effort but needs more consistency in assignments.,Participates occasionally,63.5,Average
S-10739,REG-2026-1739,M,23,BS AI,4,S3,50,34,68.0,3.33,3.22,69,64,66.5,69,76,61,67.0,68,68,Last-minute crammer,Good,Ongoing,Good effort but needs more consistency in assignments.,Average sports player,67.45,Good
S-10740,REG-2026-1740,M,21,BS Data Science,2,S2,50,31,63.0,1.59,1.74,21,51,36.0,47,22,53,28.0,42,49,Rarely studies,Probation,Not Started,"Needs urgent improvement, counseling recommended.",Shy and inactive,40.25,Poor
S-10741,REG-2026-1741,F,19,BS AI,2,S3,50,32,65.0,3.4,3.29,66,72,69.0,69,77,59,75.0,76,60,Last-minute crammer,Good,Ongoing,"Participates occasionally, can definitely do better.",Average sports player,70.15,Good
S-10742,REG-2026-1742,M,23,BS Software Eng,1,S2,50,39,78.0,2.87,2.77,68,78,73.0,62,76,76,73.0,55,60,Occasional studier,Good,Not Started,Understands the basics but struggles with complex logic.,Learning basics of music,67.65,Good
S-10743,REG-2026-1743,M,22,BS Info Tech,8,S3,50,38,77.0,2.98,2.86,71,72,71.5,74,56,57,66.03,63,69,Needs some guidance,Good,Ongoing,Good effort but needs more consistency in assignments.,Learning basics of music,65.3,Good
S-10744,REG-2026-1744,F,25,BS AI,7,S1,50,39,79.0,3.18,3.2,55,58,56.5,74,57,62,76.0,56,59,Needs some guidance,Good,Ongoing,Average performance. Needs to focus more on lab work.,Average sports player,63.4,Average
S-10745,REG-2026-1745,M,23,BS Computer Science,3,S3,50,36,73.0,2.6,2.39,73,68,70.5,67,64,66,60.0,61,72,Last-minute crammer,Warning,Not Started,"Participates occasionally, can definitely do better.",Learning basics of music,64.8,Average
S-10746,REG-2026-1746,F,18,BS Software Eng,4,S1,50,36,72.0,3.41,3.59,64,59,61.5,70,57,59,64.0,71,56,Occasional studier,Warning,Ongoing,"Participates occasionally, can definitely do better.",Average sports player,63.95,Average
S-10747,REG-2026-1747,M,18,BS Info Tech,3,S3,50,15,31.0,1.76,1.51,24,37,30.5,35,32,34,21.0,28,33,Needs constant monitoring,Needs Improvement,Not Started,No feedback provided,Shy and inactive,29.15,Poor
S-10748,REG-2026-1748,F,22,BS Computer Science,6,S3,50,47,94.0,3.89,3.73,81,85,83.0,97,83,92,94.0,93,91,Regular studier,Excellent,Completed,Outstanding performance throughout the semester.,Active club president,91.1,Excellent
S-10749,REG-2026-1749,F,25,BS Data Science,5,S3,50,44,88.0,3.56,3.48,86,84,85.0,92,85,82,66.03,82,88,Very consistent,Excellent,Completed,"Highly proactive, consistent, and quick learner.",Active club president,83.6,Excellent
S-10750,REG-2026-1750,M,18,BS Data Science,7,S1,50,43,86.0,3.71,4.0,95,83,89.0,80,86,99,99.0,92,98,Very consistent,Excellent,Completed,Outstanding performance throughout the semester.,Outstanding performer in arts,93.25,Excellent
S-10751,REG-2026-1751,F,20,BS Software Eng,6,S2,50,25,50.0,1.28,1.41,52,31,41.5,50,38,29,37.0,20,26,Rarely studies,Probation,Not Started,Irregular attendance and extremely poor focus in class.,No interest,32.3,Poor
S-10752,REG-2026-1752,F,25,BS Info Tech,8,S3,50,36,73.0,3.41,3.47,57,58,57.5,77,66,78,67.0,76,60,Needs some guidance,Warning,Ongoing,"Participates occasionally, can definitely do better.",Learning basics of music,69.95,Good
S-10753,REG-2026-1753,M,24,BS Info Tech,2,S2,50,34,68.0,3.43,3.14,73,63,68.0,60,61,76,56.0,64,69,Last-minute crammer,Good,Ongoing,Good effort but needs more consistency in assignments.,Participates occasionally,64.8,Average
S-10754,REG-2026-1754,F,24,BS AI,4,S1,50,33,66.0,3.14,3.07,66,74,70.0,74,66,55,72.0,55,64,Last-minute crammer,Warning,Not Started,Good effort but needs more consistency in assignments.,Learning basics of music,63.4,Average
S-10755,REG-2026-1755,M,18,BS AI,7,S2,50,41,82.0,2.83,3.12,73,77,75.0,60,76,77,62.0,73,73,Last-minute crammer,Warning,Not Started,Understands the basics but struggles with complex logic.,Participates occasionally,71.7,Good
S-10756,REG-2026-1756,M,23,BS Software Eng,3,S3,50,33,66.0,2.73,2.55,68,56,62.0,62,77,59,59.0,60,76,Last-minute crammer,Good,Ongoing,Average performance. Needs to focus more on lab work.,Participates occasionally,63.55,Average
S-10757,REG-2026-1757,F,22,BS Data Science,3,S3,50,39,79.0,2.78,2.63,68,63,65.5,62,63,72,76.0,70,56,Occasional studier,Good,Not Started,Good effort but needs more consistency in assignments.,Average sports player,69.0,Good
S-10758,REG-2026-1758,M,25,BS Computer Science,2,S3,50,22,44.0,2.35,2.14,51,28,39.5,43,51,45,28.0,30,30,Needs constant monitoring,Warning,Not Started,"Needs urgent improvement, counseling recommended.",Shy and inactive,36.25,Poor
S-10759,REG-2026-1759,M,24,BS Data Science,5,S2,50,35,71.0,3.23,3.28,65,69,67.0,67,67,72,59.0,64,71,Occasional studier,Warning,Ongoing,No feedback provided,Average sports player,66.0,Good
S-10760,REG-2026-1760,M,22,BS AI,5,S3,50,38,76.0,2.73,2.77,72,59,65.5,61,73,78,66.0,73,72,Occasional studier,Warning,Not Started,Good effort but needs more consistency in assignments.,Average sports player,71.05,Good
S-10761,REG-2026-1761,M,21,BS AI,8,S3,50,46,92.0,3.51,3.56,94,99,96.5,87,82,88,80.0,87,90,Highly focused,Excellent,Completed,"Highly proactive, consistent, and quick learner.",Outstanding performer in arts,86.75,Excellent
S-10762,REG-2026-1762,F,22,BS AI,2,S2,50,49,99.0,3.59,3.77,84,93,88.5,85,96,80,94.0,86,98,Very consistent,Excellent,Completed,No feedback provided,Shows leadership in sports,89.75,Excellent
S-10763,REG-2026-1763,M,22,BS Info Tech,1,S3,50,31,63.0,2.04,1.76,35,47,41.0,23,34,40,28.0,38,44,Rarely studies,Needs Improvement,Not Started,Frequently misses deadlines and lacks motivation.,Struggles to participate,37.3,Poor
S-10764,REG-2026-1764,F,23,BS Info Tech,4,S1,50,34,69.0,3.16,2.97,57,56,56.5,70,76,55,61.0,56,72,Occasional studier,Warning,Ongoing,"Participates occasionally, can definitely do better.",Participates occasionally,61.85,Average
S-10765,REG-2026-1765,F,23,BS Data Science,2,S2,50,41,83.0,3.07,2.91,63,71,67.0,65,65,78,55.0,72,56,Occasional studier,Good,Not Started,"Participates occasionally, can definitely do better.",Participates occasionally,66.9,Good
S-10766,REG-2026-1766,F,22,BS Info Tech,3,S2,50,39,78.0,2.98,3.21,67,67,67.0,61,55,73,77.0,58,72,Needs some guidance,Good,Not Started,Good effort but needs more consistency in assignments.,Participates occasionally,67.2,Good
S-10767,REG-2026-1767,M,22,BS Software Eng,8,S2,50,44,88.0,3.75,3.54,87,83,85.0,89,95,96,85.0,97,82,Regular studier,Excellent,Completed,"Highly proactive, consistent, and quick learner.",Outstanding performer in arts,90.7,Excellent
S-10768,REG-2026-1768,F,24,BS Info Tech,7,S2,50,45,90.0,3.93,3.98,80,80,80.0,98,93,98,92.0,98,90,Regular studier,Excellent,Completed,"Highly proactive, consistent, and quick learner.",Shows leadership in sports,93.3,Excellent
S-10769,REG-2026-1769,M,18,BS Data Science,5,S2,50,34,69.0,3.36,3.32,57,60,58.5,57,71,59,59.0,66,59,Last-minute crammer,Warning,Ongoing,"Participates occasionally, can definitely do better.",Learning basics of music,62.3,Average
S-10770,REG-2026-1770,M,18,BS Software Eng,7,S2,50,46,93.0,3.8,3.64,97,93,95.0,99,96,82,90.0,84,97,Regular studier,Excellent,Completed,Shows excellent leadership and analytical skills.,Shows leadership in sports,89.7,Excellent
S-10771,REG-2026-1771,M,21,BS AI,4,S1,50,33,67.0,2.75,2.7,59,70,64.5,76,63,56,72.0,74,72,Needs some guidance,Warning,Ongoing,Understands the basics but struggles with complex logic.,Participates occasionally,68.4,Good
S-10772,REG-2026-1772,M,20,BS AI,4,S2,50,40,81.0,2.57,2.66,76,62,69.0,67,77,71,69.0,59,62,Occasional studier,Good,Ongoing,Understands the basics but struggles with complex logic.,Participates occasionally,67.4,Good
S-10773,REG-2026-1773,M,21,BS Info Tech,6,S1,50,43,87.0,3.89,3.71,99,87,93.0,91,98,81,84.0,80,89,Regular studier,Excellent,Completed,Outstanding performance throughout the semester.,Outstanding performer in arts,85.85,Excellent
S-10774,REG-2026-1774,F,19,BS AI,4,S1,50,32,65.0,3.04,2.95,68,73,70.5,72,70,78,60.0,73,77,Occasional studier,Warning,Ongoing,"Participates occasionally, can definitely do better.",Learning basics of music,70.55,Good
S-10775,REG-2026-1775,M,21,BS Software Eng,8,S1,50,38,76.0,2.98,2.73,74,72,73.0,67,56,74,61.0,61,77,Occasional studier,Warning,Not Started,"Participates occasionally, can definitely do better.",Learning basics of music,66.3,Good
S-10776,REG-2026-1776,F,18,BS Info Tech,1,S1,50,46,93.0,3.95,3.69,89,98,93.5,88,94,83,84.0,88,82,Very consistent,Excellent,Completed,Brilliant understanding of core concepts. A joy to teach.,Shows leadership in sports,87.25,Excellent
S-10777,REG-2026-1777,M,19,BS Computer Science,4,S3,50,19,38.0,1.8,1.84,46,23,34.5,37,29,36,26.0,20,22,Rarely studies,Warning,Not Started,Frequently misses deadlines and lacks motivation.,Shy and inactive,27.9,Poor
S-10778,REG-2026-1778,F,23,BS Info Tech,5,S2,50,44,88.0,3.71,3.98,97,83,90.0,95,92,84,99.0,92,85,Highly focused,Excellent,Completed,Shows excellent leadership and analytical skills.,Active club president,91.25,Excellent
S-10779,REG-2026-1779,F,25,BS Data Science,2,S2,50,44,88.0,3.62,3.67,96,83,89.5,94,89,90,98.0,85,84,Very consistent,Excellent,Completed,"Highly proactive, consistent, and quick learner.",Shows leadership in sports,89.7,Excellent
S-10780,REG-2026-1780,F,24,BS Info Tech,6,S3,50,36,73.0,2.96,3.24,57,70,63.5,63,55,60,69.0,67,78,Needs some guidance,Warning,Ongoing,Good effort but needs more consistency in assignments.,Participates occasionally,66.0,Good
S-10781,REG-2026-1781,M,21,BS AI,3,S3,50,41,82.0,3.24,3.32,70,62,66.0,59,61,60,62.0,66,76,Last-minute crammer,Good,Not Started,Understands the basics but struggles with complex logic.,Learning basics of music,65.25,Good
S-10782,REG-2026-1782,F,23,BS Data Science,2,S3,50,16,32.0,1.43,1.45,24,34,29.0,28,46,22,28.0,20,33,Last-minute crammer,Needs Improvement,Not Started,Lacks fundamental understanding of the subject matter.,Struggles to participate,27.7,Poor
S-10783,REG-2026-1783,M,19,BS Computer Science,2,S3,50,33,66.0,3.37,3.33,75,71,73.0,76,74,74,64.0,60,63,Occasional studier,Good,Not Started,"Participates occasionally, can definitely do better.",Participates occasionally,67.0,Good
S-10784,REG-2026-1784,F,23,BS AI,7,S2,50,38,76.0,3.08,3.01,70,63,66.5,60,65,64,60.0,63,73,Occasional studier,Good,Ongoing,"Participates occasionally, can definitely do better.",Learning basics of music,64.6,Average
S-10785,REG-2026-1785,M,25,BS AI,1,S1,50,18,36.0,1.73,1.73,32,20,26.0,46,42,39,47.0,33,23,Rarely studies,Probation,Not Started,"Needs urgent improvement, counseling recommended.",Struggles to participate,36.7,Poor
S-10786,REG-2026-1786,M,25,BS AI,6,S2,50,38,76.0,2.56,2.48,76,64,70.0,56,64,68,75.0,72,77,Occasional studier,Good,Not Started,"Participates occasionally, can definitely do better.",Learning basics of music,70.9,Good
S-10787,REG-2026-1787,M,22,BS Data Science,4,S2,50,34,68.0,2.87,2.98,74,71,72.5,78,57,59,60.0,64,78,Needs some guidance,Warning,Ongoing,Understands the basics but struggles with complex logic.,Learning basics of music,64.9,Average
S-10788,REG-2026-1788,M,24,BS AI,5,S3,50,42,85.0,3.96,3.72,96,83,89.5,93,87,98,95.0,85,82,Very consistent,Excellent,Completed,Outstanding performance throughout the semester.,Active club president,89.7,Excellent
S-10789,REG-2026-1789,M,23,BS Computer Science,4,S1,50,40,80.0,2.54,2.56,68,58,63.0,57,56,76,76.0,67,59,Occasional studier,Good,Ongoing,Good effort but needs more consistency in assignments.,Average sports player,68.0,Good
S-10790,REG-2026-1790,F,24,BS Software Eng,2,S2,50,49,98.0,3.74,3.87,80,95,87.5,90,84,93,82.0,93,81,Highly focused,Excellent,Completed,Outstanding performance throughout the semester.,Shows leadership in sports,88.25,Excellent
S-10791,REG-2026-1791,M,22,BS Computer Science,8,S2,50,39,79.0,3.38,3.64,59,69,64.0,76,65,60,73.0,63,59,Last-minute crammer,Warning,Ongoing,Average performance. Needs to focus more on lab work.,Participates occasionally,65.9,Good
S-10792,REG-2026-1792,M,22,BS Data Science,4,S3,50,37,74.0,3.16,2.96,55,65,60.0,63,77,75,61.0,63,65,Occasional studier,Warning,Ongoing,"Participates occasionally, can definitely do better.",Learning basics of music,66.25,Good
S-10793,REG-2026-1793,F,24,BS Software Eng,7,S3,50,35,71.0,3.32,3.17,65,62,63.5,74,73,75,72.0,70,78,Occasional studier,Warning,Not Started,Understands the basics but struggles with complex logic.,Average sports player,71.85,Good
S-10794,REG-2026-1794,F,22,BS Computer Science,1,S2,50,30,61.0,1.99,2.23,26,41,33.5,39,26,30,52.0,46,31,Last-minute crammer,Warning,Not Started,Frequently misses deadlines and lacks motivation.,Shy and inactive,40.45,Poor
S-10795,REG-2026-1795,F,25,BS Info Tech,5,S2,50,45,91.0,3.76,3.8,88,82,85.0,95,96,95,83.0,84,89,Highly focused,Excellent,Completed,Shows excellent leadership and analytical skills.,Shows leadership in sports,88.15,Excellent
S-10796,REG-2026-1796,F,21,BS Computer Science,7,S1,50,39,78.0,2.54,2.41,62,62,62.0,74,64,60,64.0,62,58,Occasional studier,Good,Not Started,Good effort but needs more consistency in assignments.,Average sports player,63.3,Average
S-10797,REG-2026-1797,F,21,BS Software Eng,4,S1,50,35,70.0,2.95,2.7,58,57,57.5,76,76,58,58.0,67,66,Needs some guidance,Warning,Ongoing,Average performance. Needs to focus more on lab work.,Learning basics of music,64.3,Average
S-10798,REG-2026-1798,M,20,BS Info Tech,7,S1,50,36,73.0,3.12,3.36,55,65,60.0,69,68,63,69.0,62,57,Needs some guidance,Good,Ongoing,"Participates occasionally, can definitely do better.",Learning basics of music,64.35,Average
S-10799,REG-2026-1799,F,25,BS AI,4,S3,50,43,86.0,3.52,3.71,93,83,88.0,97,86,98,91.0,97,85,Very consistent,Excellent,Completed,Outstanding performance throughout the semester.,Outstanding performer in arts,92.2,Excellent
S-10800,REG-2026-1800,M,25,BS Software Eng,6,S3,50,39,78.0,2.81,2.9,64,75,69.5,65,78,76,60.0,72,67,Last-minute crammer,Good,Ongoing,Understands the basics but struggles with complex logic.,Learning basics of music,70.0,Good
S-10801,REG-2026-1801,F,19,BS Info Tech,6,S3,50,44,88.0,3.79,3.61,89,92,90.5,81,86,80,81.0,83,92,Regular studier,Excellent,Completed,Brilliant understanding of core concepts. A joy to teach.,Outstanding performer in arts,84.25,Excellent
S-10802,REG-2026-1802,M,20,BS Computer Science,4,S1,50,32,65.0,3.11,3.37,59,75,67.0,63,74,73,78.0,69,57,Occasional studier,Warning,Ongoing,"Participates occasionally, can definitely do better.",Average sports player,70.0,Good
S-10803,REG-2026-1803,F,25,BS Computer Science,1,S1,50,34,69.0,2.98,3.17,76,57,66.5,68,77,62,65.0,66,66,Last-minute crammer,Good,Not Started,"Participates occasionally, can definitely do better.",Participates occasionally,66.6,Good
S-10804,REG-2026-1804,F,21,BS Info Tech,3,S1,50,36,72.0,2.66,2.4,76,60,68.0,68,66,64,75.0,75,75,Needs some guidance,Warning,Not Started,"Participates occasionally, can definitely do better.",Participates occasionally,71.25,Good
S-10805,REG-2026-1805,M,20,BS Info Tech,5,S3,50,18,72.69,2.32,2.37,21,40,30.5,32,53,35,29.0,41,32,Rarely studies,Warning,Not Started,Irregular attendance and extremely poor focus in class.,Shy and inactive,36.25,Poor
S-10806,REG-2026-1806,F,18,BS Computer Science,8,S1,50,41,82.0,3.4,3.47,62,71,66.5,68,71,57,70.0,59,68,Last-minute crammer,Warning,Not Started,Good effort but needs more consistency in assignments.,Participates occasionally,65.35,Good
S-10807,REG-2026-1807,F,18,BS Info Tech,1,S1,50,45,91.0,3.51,3.68,99,83,91.0,88,99,90,90.0,84,84,Regular studier,Excellent,Completed,Brilliant understanding of core concepts. A joy to teach.,Outstanding performer in arts,88.85,Excellent
S-10808,REG-2026-1808,F,20,BS Computer Science,3,S1,50,45,91.0,3.83,3.92,84,99,91.5,80,94,85,98.0,98,89,Highly focused,Excellent,Completed,Brilliant understanding of core concepts. A joy to teach.,Active club president,92.85,Excellent
S-10809,REG-2026-1809,F,19,BS Computer Science,5,S3,50,33,67.0,3.48,3.66,63,63,63.0,62,76,77,69.0,78,72,Last-minute crammer,Good,Not Started,Understands the basics but struggles with complex logic.,Participates occasionally,72.4,Good
S-10810,REG-2026-1810,F,18,BS Data Science,3,S3,50,33,66.0,2.9,2.68,76,69,72.5,70,57,62,58.0,73,72,Last-minute crammer,Warning,Not Started,Average performance. Needs to focus more on lab work.,Average sports player,66.1,Good
S-10811,REG-2026-1811,M,19,BS Info Tech,1,S3,50,35,70.0,2.88,2.78,73,62,67.5,71,63,58,67.0,71,76,Needs some guidance,Good,Ongoing,Average performance. Needs to focus more on lab work.,Average sports player,67.55,Good
S-10812,REG-2026-1812,M,25,BS Info Tech,5,S3,50,33,67.0,2.81,3.06,65,71,68.0,55,74,69,59.0,59,75,Needs some guidance,Good,Ongoing,No feedback provided,Participates occasionally,64.7,Average
S-10813,REG-2026-1813,F,23,BS Info Tech,4,S2,50,46,93.0,3.53,3.68,81,93,87.0,98,93,92,93.0,94,82,Very consistent,Excellent,Completed,Outstanding performance throughout the semester.,Active club president,91.65,Excellent
S-10814,REG-2026-1814,M,20,BS Computer Science,7,S3,50,42,85.0,3.99,3.81,88,85,86.5,83,99,85,92.0,97,81,Highly focused,Excellent,Completed,"Highly proactive, consistent, and quick learner.",Shows leadership in sports,90.45,Excellent
S-10815,REG-2026-1815,M,25,BS AI,5,S3,50,49,98.0,3.99,3.8,98,88,93.0,93,80,88,88.0,90,80,Highly focused,Excellent,Completed,Shows excellent leadership and analytical skills.,Outstanding performer in arts,88.15,Excellent
S-10816,REG-2026-1816,M,24,BS Info Tech,1,S2,50,35,70.0,3.1,2.97,77,55,66.0,68,73,69,58.0,66,58,Last-minute crammer,Warning,Not Started,"Participates occasionally, can definitely do better.",Participates occasionally,65.05,Good
S-10817,REG-2026-1817,F,23,BS Data Science,3,S2,50,44,88.0,3.62,3.81,87,84,85.5,80,85,96,86.0,84,95,Regular studier,Excellent,Completed,Shows excellent leadership and analytical skills.,Shows leadership in sports,87.55,Excellent
S-10818,REG-2026-1818,M,21,BS Data Science,7,S2,50,39,78.0,2.8,2.89,68,64,66.0,76,68,66,71.0,74,75,Needs some guidance,Warning,Not Started,Understands the basics but struggles with complex logic.,Average sports player,71.2,Good
S-10819,REG-2026-1819,F,21,BS Software Eng,5,S3,50,33,66.0,2.73,2.75,70,70,70.0,59,64,74,68.0,57,62,Last-minute crammer,Warning,Ongoing,Understands the basics but struggles with complex logic.,Participates occasionally,64.8,Average
S-10820,REG-2026-1820,F,18,BS AI,7,S3,50,41,83.0,3.01,3.02,78,62,70.0,71,57,67,55.0,72,73,Needs some guidance,Warning,Ongoing,Good effort but needs more consistency in assignments.,Learning basics of music,66.75,Good
S-10821,REG-2026-1821,F,22,BS Data Science,8,S2,50,40,72.69,2.92,3.22,67,73,70.0,67,60,63,58.0,72,69,Needs some guidance,Good,Not Started,Good effort but needs more consistency in assignments.,Average sports player,66.3,Good
S-10822,REG-2026-1822,F,22,BS Software Eng,5,S2,50,24,49.0,1.75,1.5,44,40,42.0,49,39,43,35.0,33,50,Needs constant monitoring,Needs Improvement,Not Started,"Needs urgent improvement, counseling recommended.",Struggles to participate,39.7,Poor
S-10823,REG-2026-1823,F,22,BS AI,3,S2,50,36,72.0,3.12,3.14,70,65,67.5,60,69,73,56.0,66,57,Needs some guidance,Good,Not Started,Understands the basics but struggles with complex logic.,Participates occasionally,64.6,Average
S-10824,REG-2026-1824,F,19,BS Data Science,8,S2,50,30,61.0,1.5,1.34,52,44,48.0,26,50,26,21.0,39,28,Needs constant monitoring,Needs Improvement,Not Started,"Needs urgent improvement, counseling recommended.",Struggles to participate,34.8,Poor
S-10825,REG-2026-1825,F,22,BS Software Eng,3,S3,50,46,92.0,3.54,3.68,93,84,88.5,89,89,97,87.0,99,91,Regular studier,Excellent,Completed,No feedback provided,Outstanding performer in arts,92.6,Excellent
S-10826,REG-2026-1826,F,23,BS Software Eng,8,S1,50,39,79.0,3.14,2.89,78,57,67.5,78,66,60,74.0,64,63,Needs some guidance,Warning,Ongoing,Average performance. Needs to focus more on lab work.,Average sports player,67.3,Good
S-10827,REG-2026-1827,M,18,BS Computer Science,8,S3,50,41,82.0,2.81,2.71,63,70,66.5,72,76,55,66.0,75,66,Needs some guidance,Good,Not Started,"Participates occasionally, can definitely do better.",Average sports player,68.75,Good
S-10828,REG-2026-1828,M,19,BS AI,3,S2,50,34,69.0,2.95,2.71,55,78,66.5,74,56,55,77.0,76,56,Needs some guidance,Warning,Ongoing,Understands the basics but struggles with complex logic.,Average sports player,67.65,Good
S-10829,REG-2026-1829,M,25,BS AI,6,S3,50,40,81.0,2.72,2.85,67,56,61.5,70,64,76,57.0,66,61,Needs some guidance,Warning,Ongoing,Understands the basics but struggles with complex logic.,Participates occasionally,65.5,Good
S-10830,REG-2026-1830,M,18,BS Computer Science,1,S1,50,39,79.0,2.97,3.19,67,57,62.0,64,67,77,59.0,77,64,Needs some guidance,Warning,Not Started,Good effort but needs more consistency in assignments.,Average sports player,69.05,Good
S-10831,REG-2026-1831,M,20,BS Computer Science,8,S3,50,39,79.0,3.31,3.2,63,60,61.5,59,65,62,55.0,61,65,Needs some guidance,Warning,Ongoing,Understands the basics but struggles with complex logic.,Participates occasionally,61.6,Average
S-10832,REG-2026-1832,M,20,BS Computer Science,7,S1,50,36,72.69,2.61,2.91,60,67,63.5,70,68,62,60.0,73,76,Occasional studier,Good,Not Started,Average performance. Needs to focus more on lab work.,Learning basics of music,67.4,Good
S-10833,REG-2026-1833,M,19,BS Computer Science,1,S2,50,40,80.0,2.84,2.76,55,60,57.5,74,55,71,74.0,66,64,Needs some guidance,Good,Ongoing,Average performance. Needs to focus more on lab work.,Participates occasionally,67.3,Good
S-10834,REG-2026-1834,F,24,BS Data Science,3,S1,50,45,90.0,3.88,3.84,83,99,91.0,82,92,92,92.0,93,81,Regular studier,Excellent,Completed,Outstanding performance throughout the semester.,Outstanding performer in arts,90.45,Excellent
S-10835,REG-2026-1835,F,22,BS Info Tech,6,S1,50,37,75.0,2.94,2.82,57,72,64.5,67,77,55,58.0,69,56,Occasional studier,Warning,Not Started,Understands the basics but struggles with complex logic.,Average sports player,63.95,Average
S-10836,REG-2026-1836,M,21,BS Software Eng,2,S3,50,46,92.0,3.65,3.72,89,95,92.0,92,84,99,98.0,90,97,Highly focused,Excellent,Completed,"Highly proactive, consistent, and quick learner.",Active club president,93.45,Excellent
S-10837,REG-2026-1837,M,24,BS Computer Science,8,S3,50,48,96.0,3.97,3.72,98,80,89.0,96,80,85,88.0,92,97,Regular studier,Excellent,Completed,Brilliant understanding of core concepts. A joy to teach.,Active club president,89.55,Excellent
S-10838,REG-2026-1838,M,23,BS Data Science,4,S1,50,37,74.0,3.22,3.2,57,65,61.0,78,62,63,68.0,76,57,Occasional studier,Warning,Ongoing,"Participates occasionally, can definitely do better.",Participates occasionally,67.65,Good
S-10839,REG-2026-1839,F,23,BS Info Tech,5,S3,50,44,88.0,3.92,3.78,97,95,96.0,83,86,89,90.0,95,97,Highly focused,Excellent,Completed,Brilliant understanding of core concepts. A joy to teach.,Active club president,91.55,Excellent
S-10840,REG-2026-1840,M,22,BS Software Eng,3,S3,50,22,45.0,1.35,1.23,49,37,43.0,42,29,35,40.0,27,21,Rarely studies,Needs Improvement,Not Started,Irregular attendance and extremely poor focus in class.,Struggles to participate,33.65,Poor
S-10841,REG-2026-1841,F,18,BS AI,3,S2,50,45,90.0,3.67,3.59,82,82,82.0,99,87,89,93.0,89,89,Very consistent,Excellent,Completed,"Highly proactive, consistent, and quick learner.",Outstanding performer in arts,89.45,Excellent
S-10842,REG-2026-1842,F,20,BS Software Eng,5,S1,50,37,75.0,3.24,3.49,63,74,68.5,71,71,58,61.0,66,60,Needs some guidance,Good,Ongoing,Average performance. Needs to focus more on lab work.,Participates occasionally,64.65,Average
S-10843,REG-2026-1843,F,19,BS AI,5,S1,50,41,82.0,2.67,2.44,76,60,68.0,63,56,55,70.0,65,57,Needs some guidance,Warning,Not Started,"Participates occasionally, can definitely do better.",Participates occasionally,63.85,Average
S-10844,REG-2026-1844,M,20,BS AI,2,S1,50,15,30.0,1.59,1.35,47,22,34.5,35,25,27,28.0,51,33,Needs constant monitoring,Needs Improvement,Not Started,Irregular attendance and extremely poor focus in class.,Struggles to participate,34.9,Poor
S-10845,REG-2026-1845,F,25,BS Software Eng,5,S3,50,39,78.0,3.45,3.62,60,75,67.5,73,67,70,70.0,76,78,Last-minute crammer,Warning,Not Started,"Participates occasionally, can definitely do better.",Average sports player,72.3,Good
S-10846,REG-2026-1846,M,23,BS Info Tech,8,S2,50,36,73.0,2.7,2.61,60,71,65.5,62,74,72,64.0,57,62,Occasional studier,Good,Not Started,Average performance. Needs to focus more on lab work.,Participates occasionally,64.75,Average
S-10847,REG-2026-1847,F,18,BS Computer Science,5,S3,50,36,72.69,2.93,2.85,66,58,62.0,57,58,69,76.0,63,57,Last-minute crammer,Warning,Not Started,Average performance. Needs to focus more on lab work.,Average sports player,65.5,Good
S-10848,REG-2026-1848,F,21,BS Data Science,8,S2,50,34,69.0,2.55,2.3,74,75,74.5,60,78,69,73.0,63,77,Last-minute crammer,Warning,Not Started,Understands the basics but struggles with complex logic.,Average sports player,70.1,Good
S-10849,REG-2026-1849,M,24,BS Software Eng,2,S1,50,44,88.0,3.56,3.32,81,87,84.0,90,95,83,81.0,91,81,Highly focused,Excellent,Completed,"Highly proactive, consistent, and quick learner.",Active club president,86.3,Excellent
S-10850,REG-2026-1850,M,23,BS Computer Science,5,S1,50,27,54.0,1.13,1.26,46,49,47.5,45,24,48,39.0,31,26,Needs constant monitoring,Probation,Not Started,Frequently misses deadlines and lacks motivation.,No interest,37.45,Poor
S-10851,REG-2026-1851,M,19,BS Info Tech,3,S3,50,33,72.69,2.52,2.77,55,69,62.0,74,62,56,69.0,67,71,Occasional studier,Good,Not Started,Average performance. Needs to focus more on lab work.,Participates occasionally,65.45,Good
S-10852,REG-2026-1852,F,22,BS Software Eng,2,S1,50,32,65.0,2.68,2.78,59,59,59.0,67,74,62,77.0,73,56,Occasional studier,Warning,Ongoing,Good effort but needs more consistency in assignments.,Participates occasionally,68.45,Good
S-10853,REG-2026-1853,M,22,BS Info Tech,7,S2,50,21,42.0,1.52,1.65,21,50,35.5,39,44,23,34.0,34,48,Last-minute crammer,Warning,Not Started,Lacks fundamental understanding of the subject matter.,Struggles to participate,35.55,Poor
S-10854,REG-2026-1854,F,25,BS Software Eng,2,S2,50,41,83.0,3.46,3.2,70,70,70.0,69,59,71,63.0,68,65,Occasional studier,Good,Ongoing,Average performance. Needs to focus more on lab work.,Average sports player,67.25,Good
S-10855,REG-2026-1855,M,21,BS Data Science,1,S1,50,19,39.0,1.19,1.15,45,48,46.5,48,36,30,45.0,28,26,Last-minute crammer,Needs Improvement,Not Started,Lacks fundamental understanding of the subject matter.,Shy and inactive,35.7,Poor
S-10856,REG-2026-1856,M,18,BS Software Eng,5,S1,50,33,67.0,3.17,3.23,69,61,65.0,71,68,70,61.0,75,57,Occasional studier,Warning,Not Started,Good effort but needs more consistency in assignments.,Participates occasionally,67.35,Good
S-10857,REG-2026-1857,M,22,BS AI,7,S1,50,44,89.0,3.52,3.64,89,94,91.5,85,82,93,90.0,98,88,Regular studier,Excellent,Completed,"Highly proactive, consistent, and quick learner.",Active club president,91.3,Excellent
S-10858,REG-2026-1858,F,20,BS Computer Science,4,S1,50,45,91.0,3.57,3.79,92,97,94.5,98,93,96,85.0,92,98,Regular studier,Excellent,Completed,Shows excellent leadership and analytical skills.,Shows leadership in sports,92.4,Excellent
S-10859,REG-2026-1859,M,19,BS Data Science,8,S3,50,36,73.0,3.21,2.94,62,71,66.5,73,58,63,73.0,68,73,Needs some guidance,Warning,Ongoing,"Participates occasionally, can definitely do better.",Learning basics of music,68.1,Good
S-10860,REG-2026-1860,M,22,BS Computer Science,4,S1,50,39,79.0,2.76,2.86,78,76,77.0,65,71,72,59.0,56,55,Occasional studier,Good,Not Started,Good effort but needs more consistency in assignments.,Learning basics of music,64.1,Average
S-10861,REG-2026-1861,F,25,BS Software Eng,3,S1,50,37,75.0,3.37,3.5,55,74,64.5,63,65,67,73.0,68,75,Occasional studier,Good,Ongoing,Good effort but needs more consistency in assignments.,Participates occasionally,69.0,Good
S-10862,REG-2026-1862,M,19,BS AI,7,S3,50,17,35.0,1.31,1.54,49,39,44.0,38,32,46,24.0,25,36,Last-minute crammer,Probation,Not Started,Irregular attendance and extremely poor focus in class.,Shy and inactive,32.8,Poor
S-10863,REG-2026-1863,M,18,BS Info Tech,4,S3,50,44,88.0,3.95,3.7,93,80,86.5,84,81,90,91.0,99,99,Very consistent,Excellent,Completed,No feedback provided,Shows leadership in sports,91.7,Excellent
S-10864,REG-2026-1864,F,24,BS Data Science,2,S3,50,39,79.0,3.33,3.21,55,62,58.5,70,74,56,61.0,76,74,Occasional studier,Warning,Ongoing,Good effort but needs more consistency in assignments.,Participates occasionally,67.7,Good
S-10865,REG-2026-1865,M,22,BS Data Science,7,S2,50,30,60.0,1.41,1.18,20,23,21.5,32,51,32,50.0,27,29,Last-minute crammer,Probation,Not Started,Frequently misses deadlines and lacks motivation.,Shy and inactive,36.3,Poor
S-10866,REG-2026-1866,M,25,BS Info Tech,7,S3,50,30,60.0,2.3,2.09,31,39,35.0,24,26,40,48.0,25,52,Needs constant monitoring,Needs Improvement,Not Started,Lacks fundamental understanding of the subject matter.,Shy and inactive,37.35,Poor
S-10867,REG-2026-1867,F,20,BS Computer Science,2,S1,50,15,31.0,2.16,1.96,30,35,32.5,36,21,40,30.0,45,38,Last-minute crammer,Needs Improvement,Not Started,Lacks fundamental understanding of the subject matter.,Struggles to participate,35.75,Poor
S-10868,REG-2026-1868,F,20,BS Software Eng,4,S1,50,34,69.0,2.65,2.67,63,67,65.0,73,60,65,70.0,75,68,Occasional studier,Good,Ongoing,Average performance. Needs to focus more on lab work.,Learning basics of music,68.9,Good
S-10869,REG-2026-1869,M,24,BS Info Tech,3,S1,50,41,82.0,3.11,3.1,69,76,72.5,68,58,58,77.0,65,63,Last-minute crammer,Good,Ongoing,"Participates occasionally, can definitely do better.",Participates occasionally,67.2,Good
S-10870,REG-2026-1870,M,25,BS Software Eng,3,S2,50,17,35.0,2.46,2.72,29,43,36.0,37,25,45,53.0,52,33,Needs constant monitoring,Probation,Not Started,Frequently misses deadlines and lacks motivation.,Shy and inactive,43.35,Poor
S-10871,REG-2026-1871,F,20,BS AI,4,S2,50,37,75.0,3.16,2.95,64,55,59.5,57,75,74,57.0,72,61,Occasional studier,Good,Not Started,Average performance. Needs to focus more on lab work.,Average sports player,66.65,Good
S-10872,REG-2026-1872,M,25,BS Software Eng,5,S2,50,44,89.0,3.66,3.46,84,83,83.5,96,89,87,66.03,93,89,Regular studier,Excellent,Completed,Shows excellent leadership and analytical skills.,Shows leadership in sports,89.5,Excellent
S-10873,REG-2026-1873,M,25,BS AI,5,S3,50,45,91.0,3.76,3.9,88,99,93.5,99,81,93,94.0,87,96,Regular studier,Excellent,Completed,Brilliant understanding of core concepts. A joy to teach.,Outstanding performer in arts,91.05,Excellent
S-10874,REG-2026-1874,M,18,BS Data Science,8,S1,50,17,35.0,1.67,1.8,39,47,43.0,21,38,27,20.0,37,51,Needs constant monitoring,Needs Improvement,Not Started,Irregular attendance and extremely poor focus in class.,Struggles to participate,33.3,Poor
S-10875,REG-2026-1875,F,24,BS Software Eng,8,S3,50,44,89.0,3.8,3.6,81,87,84.0,92,89,81,83.0,80,89,Highly focused,Excellent,Completed,Outstanding performance throughout the semester.,Outstanding performer in arts,84.0,Excellent
S-10876,REG-2026-1876,F,20,BS Info Tech,3,S3,50,43,87.0,3.88,3.7,93,91,92.0,84,80,98,88.0,94,85,Regular studier,Excellent,Completed,Brilliant understanding of core concepts. A joy to teach.,Outstanding performer in arts,90.05,Excellent
S-10877,REG-2026-1877,F,22,BS Computer Science,7,S2,50,47,94.0,3.93,3.69,95,88,91.5,80,95,97,80.0,94,95,Highly focused,Excellent,Completed,Shows excellent leadership and analytical skills.,Shows leadership in sports,90.9,Excellent
S-10878,REG-2026-1878,M,18,BS Data Science,1,S3,50,37,74.0,3.42,3.48,55,77,66.0,76,61,77,62.0,78,69,Needs some guidance,Warning,Not Started,"Participates occasionally, can definitely do better.",Average sports player,70.55,Good
S-10879,REG-2026-1879,F,20,BS Info Tech,5,S2,50,18,37.0,1.77,1.53,52,26,39.0,22,51,41,30.0,29,53,Rarely studies,Probation,Not Started,Frequently misses deadlines and lacks motivation.,Shy and inactive,36.65,Poor
S-10880,REG-2026-1880,M,22,BS Data Science,3,S1,50,38,76.0,3.05,2.85,68,60,64.0,69,56,58,57.0,66,71,Last-minute crammer,Warning,Not Started,"Participates occasionally, can definitely do better.",Participates occasionally,62.95,Average
S-10881,REG-2026-1881,F,24,BS AI,8,S1,50,24,49.0,2.03,2.26,21,31,26.0,50,42,52,36.0,48,45,Last-minute crammer,Needs Improvement,Not Started,Lacks fundamental understanding of the subject matter.,Struggles to participate,43.25,Poor
S-10882,REG-2026-1882,M,20,BS AI,6,S3,50,19,39.0,1.77,2.91,29,41,35.0,49,29,43,35.0,49,28,Last-minute crammer,Probation,Not Started,Lacks fundamental understanding of the subject matter.,Shy and inactive,39.3,Poor
S-10883,REG-2026-1883,M,22,BS Data Science,6,S1,50,48,96.0,3.84,3.78,87,91,89.0,95,91,83,87.0,88,86,Highly focused,Excellent,Completed,"Highly proactive, consistent, and quick learner.",Active club president,88.0,Excellent
S-10884,REG-2026-1884,M,18,BS Data Science,4,S2,50,48,97.0,3.73,3.63,80,81,80.5,83,84,91,92.0,99,84,Very consistent,Excellent,Completed,Outstanding performance throughout the semester.,Shows leadership in sports,90.65,Excellent
S-10885,REG-2026-1885,M,22,BS Software Eng,5,S1,50,35,71.0,3.37,3.29,55,68,61.5,78,64,72,76.0,67,78,Last-minute crammer,Warning,Ongoing,Good effort but needs more consistency in assignments.,Average sports player,70.55,Good
S-10886,REG-2026-1886,F,21,BS Computer Science,4,S1,50,34,68.0,3.32,3.38,72,74,73.0,56,76,65,69.0,60,68,Needs some guidance,Good,Ongoing,Average performance. Needs to focus more on lab work.,Average sports player,66.45,Good
S-10887,REG-2026-1887,M,23,BS Computer Science,1,S3,50,34,69.0,3.1,3.22,75,55,65.0,57,65,72,60.0,73,55,Needs some guidance,Warning,Not Started,No feedback provided,Learning basics of music,65.85,Good
S-10888,REG-2026-1888,F,25,BS Info Tech,3,S2,50,40,80.0,2.7,2.96,68,70,69.0,73,63,58,77.0,58,55,Last-minute crammer,Good,Ongoing,Good effort but needs more consistency in assignments.,Participates occasionally,64.95,Average
S-10889,REG-2026-1889,F,20,BS Info Tech,1,S3,50,35,70.0,3.11,3.07,71,69,70.0,57,56,56,57.0,78,69,Occasional studier,Warning,Not Started,Understands the basics but struggles with complex logic.,Participates occasionally,65.15,Good
S-10890,REG-2026-1890,F,21,BS Computer Science,3,S3,50,31,62.0,1.25,1.14,52,46,49.0,46,28,39,47.0,43,36,Last-minute crammer,Probation,Not Started,"Needs urgent improvement, counseling recommended.",Struggles to participate,42.7,Poor
S-10891,REG-2026-1891,F,18,BS Software Eng,8,S1,50,39,78.0,2.7,2.45,69,64,66.5,66,70,75,72.0,73,73,Last-minute crammer,Warning,Not Started,Understands the basics but struggles with complex logic.,Participates occasionally,72.05,Good
S-10892,REG-2026-1892,F,22,BS AI,1,S2,50,40,81.0,3.05,3.23,68,75,71.5,67,74,71,57.0,74,64,Needs some guidance,Warning,Not Started,Average performance. Needs to focus more on lab work.,Learning basics of music,68.9,Good
S-10893,REG-2026-1893,F,22,BS Software Eng,2,S3,50,31,63.0,1.02,1.16,20,34,27.0,40,50,34,23.0,51,36,Needs constant monitoring,Needs Improvement,Not Started,"Needs urgent improvement, counseling recommended.",Struggles to participate,38.9,Poor
S-10894,REG-2026-1894,M,25,BS AI,7,S2,50,35,70.0,3.22,3.48,61,61,61.0,63,70,63,77.0,68,68,Needs some guidance,Good,Ongoing,"Participates occasionally, can definitely do better.",Average sports player,68.4,Good
S-10895,REG-2026-1895,F,23,BS Software Eng,5,S3,50,35,71.0,2.91,2.96,60,74,67.0,68,59,70,63.0,56,78,Needs some guidance,Warning,Not Started,"Participates occasionally, can definitely do better.",Average sports player,64.45,Average
S-10896,REG-2026-1896,F,19,BS AI,1,S2,50,41,82.0,2.67,2.97,58,73,65.5,77,78,68,67.0,60,55,Needs some guidance,Warning,Not Started,"Participates occasionally, can definitely do better.",Learning basics of music,66.4,Good
S-10897,REG-2026-1897,F,22,BS Computer Science,2,S1,50,38,76.0,3.15,3.12,71,66,68.5,70,72,57,75.0,58,57,Last-minute crammer,Warning,Not Started,Understands the basics but struggles with complex logic.,Average sports player,65.1,Good
S-10898,REG-2026-1898,F,25,BS Computer Science,5,S1,50,16,33.0,1.2,1.32,33,20,26.5,30,29,52,30.0,47,33,Last-minute crammer,Warning,Not Started,Lacks fundamental understanding of the subject matter.,Struggles to participate,37.55,Poor
S-10899,REG-2026-1899,F,19,BS Info Tech,2,S3,50,33,67.0,2.87,3.05,61,71,66.0,59,75,78,73.0,66,73,Occasional studier,Good,Ongoing,Good effort but needs more consistency in assignments.,Average sports player,70.5,Good
S-10900,REG-2026-1900,F,20,BS Computer Science,3,S1,50,47,95.0,3.71,3.49,98,82,90.0,92,89,95,92.0,87,94,Regular studier,Excellent,Completed,Outstanding performance throughout the semester.,Active club president,91.05,Excellent
S-10901,REG-2026-1901,F,24,BS AI,5,S2,50,37,75.0,2.79,2.72,60,58,59.0,76,63,60,73.0,77,56,Occasional studier,Warning,Ongoing,"Participates occasionally, can definitely do better.",Learning basics of music,68.2,Good
S-10902,REG-2026-1902,F,20,BS AI,4,S2,50,34,68.0,2.97,2.99,75,58,66.5,77,68,77,69.0,72,60,Last-minute crammer,Warning,Not Started,Understands the basics but struggles with complex logic.,Learning basics of music,70.05,Good
S-10903,REG-2026-1903,F,24,BS Data Science,6,S2,50,39,78.0,3.13,3.12,59,70,64.5,56,57,57,67.0,63,69,Occasional studier,Warning,Not Started,Average performance. Needs to focus more on lab work.,Participates occasionally,63.45,Average
S-10904,REG-2026-1904,F,19,BS Info Tech,8,S3,50,35,71.0,2.93,2.96,77,71,74.0,55,68,56,60.0,66,72,Occasional studier,Good,Not Started,Good effort but needs more consistency in assignments.,Average sports player,64.6,Average
S-10905,REG-2026-1905,M,25,BS Computer Science,8,S1,50,48,97.0,3.57,2.91,94,99,96.5,95,96,85,89.0,83,83,Highly focused,Excellent,Completed,"Highly proactive, consistent, and quick learner.",Shows leadership in sports,88.45,Excellent
S-10906,REG-2026-1906,M,23,BS Data Science,4,S1,50,41,82.0,2.91,2.95,61,58,59.5,76,58,67,61.0,58,64,Needs some guidance,Warning,Ongoing,Average performance. Needs to focus more on lab work.,Average sports player,62.8,Average
S-10907,REG-2026-1907,F,19,BS AI,4,S3,50,33,67.0,2.86,2.81,57,74,65.5,73,57,73,66.03,73,60,Needs some guidance,Warning,Not Started,"Participates occasionally, can definitely do better.",Learning basics of music,70.05,Good
S-10908,REG-2026-1908,M,21,BS Info Tech,2,S3,50,37,75.0,2.92,2.94,55,62,58.5,56,59,60,55.0,67,63,Occasional studier,Warning,Not Started,Understands the basics but struggles with complex logic.,Participates occasionally,61.35,Average
S-10909,REG-2026-1909,F,25,BS Software Eng,7,S3,50,40,80.0,2.96,2.85,78,60,69.0,78,72,70,74.0,74,61,Last-minute crammer,Warning,Not Started,Understands the basics but struggles with complex logic.,Average sports player,71.9,Good
S-10910,REG-2026-1910,M,23,BS Info Tech,5,S2,50,36,73.0,2.66,2.93,74,77,75.5,75,59,76,65.0,71,76,Last-minute crammer,Warning,Ongoing,Average performance. Needs to focus more on lab work.,Average sports player,70.6,Good
S-10911,REG-2026-1911,F,18,BS Computer Science,1,S1,50,35,71.0,2.56,2.91,56,74,65.0,67,67,61,57.0,67,64,Needs some guidance,Good,Not Started,Understands the basics but struggles with complex logic.,Participates occasionally,63.8,Average
S-10912,REG-2026-1912,F,19,BS Info Tech,4,S1,50,37,75.0,2.94,2.67,73,59,66.0,71,58,57,76.0,60,77,Needs some guidance,Good,Not Started,Understands the basics but struggles with complex logic.,Average sports player,66.15,Good
S-10913,REG-2026-1913,F,20,BS Info Tech,3,S3,50,35,71.0,3.21,2.91,56,78,67.0,69,76,62,71.0,72,77,Needs some guidance,Good,Ongoing,Average performance. Needs to focus more on lab work.,Learning basics of music,70.5,Good
S-10914,REG-2026-1914,F,21,BS AI,7,S1,50,21,43.0,2.18,2.17,36,39,37.5,32,20,36,40.0,51,39,Needs constant monitoring,Needs Improvement,Not Started,Lacks fundamental understanding of the subject matter.,Shy and inactive,39.55,Poor
S-10915,REG-2026-1915,F,25,BS Data Science,8,S3,50,18,37.0,1.29,1.4,20,32,26.0,31,29,38,22.0,47,36,Rarely studies,Probation,Not Started,Lacks fundamental understanding of the subject matter.,No interest,34.35,Poor
S-10916,REG-2026-1916,F,25,BS Data Science,7,S1,50,33,66.0,3.41,3.22,75,56,65.5,63,71,72,64.0,59,69,Needs some guidance,Good,Ongoing,Understands the basics but struggles with complex logic.,Learning basics of music,65.35,Good
S-10917,REG-2026-1917,F,21,BS AI,6,S2,50,40,80.0,2.94,2.84,58,57,57.5,55,67,65,78.0,75,59,Last-minute crammer,Warning,Ongoing,Understands the basics but struggles with complex logic.,Learning basics of music,69.2,Good
S-10918,REG-2026-1918,F,22,BS Software Eng,2,S1,50,36,73.0,3.23,3.16,56,69,62.5,60,67,68,74.0,71,77,Needs some guidance,Warning,Not Started,Understands the basics but struggles with complex logic.,Participates occasionally,70.05,Good
S-10919,REG-2026-1919,F,19,BS Computer Science,8,S1,50,24,48.0,2.05,1.78,45,43,44.0,39,25,25,28.0,52,27,Rarely studies,Needs Improvement,Not Started,Frequently misses deadlines and lacks motivation.,Struggles to participate,36.3,Poor
S-10920,REG-2026-1920,F,24,BS Info Tech,4,S2,50,35,70.0,2.69,2.6,75,67,71.0,59,73,67,66.0,56,71,Occasional studier,Good,Ongoing,"Participates occasionally, can definitely do better.",Participates occasionally,65.2,Good
S-10921,REG-2026-1921,M,24,BS Data Science,2,S1,50,35,71.0,3.28,3.22,76,74,75.0,62,64,66,76.0,55,59,Last-minute crammer,Warning,Not Started,"Participates occasionally, can definitely do better.",Learning basics of music,65.3,Good
S-10922,REG-2026-1922,F,21,BS Computer Science,2,S2,50,30,60.0,1.11,1.02,32,44,38.0,38,43,26,43.0,25,26,Rarely studies,Needs Improvement,Not Started,Frequently misses deadlines and lacks motivation.,Shy and inactive,34.35,Poor
S-10923,REG-2026-1923,M,21,BS Software Eng,6,S1,50,15,30.0,1.94,1.76,40,32,36.0,25,33,25,21.0,24,44,Rarely studies,Warning,Not Started,Lacks fundamental understanding of the subject matter.,Shy and inactive,28.0,Poor
S-10924,REG-2026-1924,M,19,BS Computer Science,5,S1,50,39,79.0,2.91,2.62,78,65,71.5,66,68,69,66.0,59,77,Occasional studier,Warning,Ongoing,"Participates occasionally, can definitely do better.",Learning basics of music,67.2,Good
S-10925,REG-2026-1925,M,20,BS Computer Science,6,S2,50,41,83.0,2.83,2.95,58,77,67.5,77,68,70,66.03,58,69,Occasional studier,Warning,Ongoing,"Participates occasionally, can definitely do better.",Participates occasionally,68.25,Good
S-10926,REG-2026-1926,F,19,BS Info Tech,3,S2,50,37,74.0,2.62,2.42,67,69,68.0,75,59,72,66.0,56,67,Needs some guidance,Warning,Not Started,Average performance. Needs to focus more on lab work.,Average sports player,64.85,Average
S-10927,REG-2026-1927,M,19,BS Computer Science,2,S3,50,25,51.0,1.89,2.17,34,47,40.5,31,50,32,28.0,46,24,Last-minute crammer,Warning,Not Started,Irregular attendance and extremely poor focus in class.,No interest,37.45,Poor
S-10928,REG-2026-1928,F,22,BS Computer Science,5,S1,50,39,79.0,3.24,3.22,62,56,59.0,70,76,71,67.0,69,68,Needs some guidance,Good,Not Started,Good effort but needs more consistency in assignments.,Learning basics of music,69.05,Good
S-10929,REG-2026-1929,M,24,BS Data Science,5,S1,50,48,96.0,3.58,3.33,95,83,89.0,98,81,91,81.0,98,86,Very consistent,Excellent,Completed,Outstanding performance throughout the semester.,Outstanding performer in arts,89.65,Excellent
S-10930,REG-2026-1930,F,22,BS Info Tech,8,S2,50,41,82.0,2.7,2.92,59,63,61.0,64,69,60,55.0,75,77,Last-minute crammer,Good,Ongoing,Understands the basics but struggles with complex logic.,Average sports player,66.75,Good
S-10931,REG-2026-1931,M,23,BS Data Science,7,S3,50,37,75.0,3.24,3.53,72,76,74.0,56,58,63,65.0,59,56,Occasional studier,Warning,Ongoing,"Participates occasionally, can definitely do better.",Learning basics of music,62.55,Average
S-10932,REG-2026-1932,M,23,BS Info Tech,5,S2,50,37,72.69,3.37,3.48,66,56,61.0,62,77,76,65.0,60,69,Occasional studier,Warning,Not Started,Understands the basics but struggles with complex logic.,Participates occasionally,66.95,Good
S-10933,REG-2026-1933,F,25,BS Info Tech,2,S1,50,34,68.0,3.19,3.33,68,57,62.5,77,60,60,56.0,64,63,Last-minute crammer,Good,Not Started,No feedback provided,Average sports player,62.0,Average
S-10934,REG-2026-1934,M,18,BS Info Tech,1,S1,50,34,68.0,2.61,2.8,75,71,73.0,67,71,65,59.0,76,56,Occasional studier,Warning,Not Started,"Participates occasionally, can definitely do better.",Average sports player,67.3,Good
S-10935,REG-2026-1935,F,19,BS Data Science,5,S2,50,30,60.0,1.73,2.03,28,41,34.5,44,27,26,30.0,22,30,Last-minute crammer,Needs Improvement,Not Started,Irregular attendance and extremely poor focus in class.,Shy and inactive,29.75,Poor
S-10936,REG-2026-1936,M,20,BS Software Eng,7,S1,50,17,34.0,1.61,1.86,49,47,48.0,45,48,28,47.0,52,20,Needs constant monitoring,Needs Improvement,Not Started,Irregular attendance and extremely poor focus in class.,Shy and inactive,42.15,Poor
S-10937,REG-2026-1937,M,21,BS Software Eng,7,S2,50,45,91.0,3.88,3.73,86,85,85.5,96,86,81,87.0,90,97,Highly focused,Excellent,Completed,Shows excellent leadership and analytical skills.,Active club president,88.25,Excellent
S-10938,REG-2026-1938,F,18,BS Data Science,8,S1,50,38,76.0,2.74,2.87,58,75,66.5,58,71,59,64.0,55,74,Needs some guidance,Good,Ongoing,Understands the basics but struggles with complex logic.,Average sports player,63.25,Average
S-10939,REG-2026-1939,F,20,BS AI,2,S1,50,32,65.0,2.92,2.67,57,73,65.0,68,76,73,78.0,56,64,Last-minute crammer,Good,Not Started,Average performance. Needs to focus more on lab work.,Learning basics of music,67.7,Good
S-10940,REG-2026-1940,M,25,BS Info Tech,7,S1,50,23,47.0,1.68,1.82,37,36,36.5,52,23,46,28.0,44,24,Rarely studies,Probation,Not Started,Irregular attendance and extremely poor focus in class.,Shy and inactive,36.8,Poor
S-10941,REG-2026-1941,M,24,BS Info Tech,2,S1,50,37,74.0,2.93,2.87,78,60,69.0,55,72,56,61.0,59,60,Needs some guidance,Good,Ongoing,"Participates occasionally, can definitely do better.",Average sports player,61.9,Average
S-10942,REG-2026-1942,M,23,BS Info Tech,5,S1,50,49,99.0,3.86,3.72,90,99,94.5,86,93,98,85.0,92,82,Very consistent,Excellent,Completed,Brilliant understanding of core concepts. A joy to teach.,Shows leadership in sports,90.9,Excellent
S-10943,REG-2026-1943,F,23,BS Info Tech,8,S2,50,30,61.0,1.46,1.63,23,27,25.0,22,44,51,30.0,22,24,Rarely studies,Needs Improvement,Not Started,Frequently misses deadlines and lacks motivation.,Struggles to participate,32.6,Poor
S-10944,REG-2026-1944,M,20,BS Software Eng,8,S1,50,41,82.0,3.14,3.18,74,76,75.0,58,66,73,76.0,69,78,Occasional studier,Good,Not Started,"Participates occasionally, can definitely do better.",Learning basics of music,72.3,Good
S-10945,REG-2026-1945,M,22,BS Data Science,5,S3,50,22,44.0,1.23,1.51,30,33,31.5,22,39,52,47.0,34,48,Rarely studies,Needs Improvement,Not Started,Irregular attendance and extremely poor focus in class.,No interest,40.85,Poor
S-10946,REG-2026-1946,M,23,BS AI,4,S1,50,19,38.0,1.38,1.66,51,35,43.0,25,22,36,46.0,46,44,Rarely studies,Warning,Not Started,Frequently misses deadlines and lacks motivation.,No interest,40.15,Poor
S-10947,REG-2026-1947,F,24,BS Data Science,8,S3,50,39,78.0,2.52,2.37,65,70,67.5,68,68,73,57.0,62,62,Occasional studier,Warning,Ongoing,"Participates occasionally, can definitely do better.",Participates occasionally,64.9,Average
S-10948,REG-2026-1948,M,24,BS AI,6,S1,50,34,69.0,2.71,2.89,64,63,63.5,56,78,68,66.03,60,56,Occasional studier,Good,Ongoing,Understands the basics but struggles with complex logic.,Average sports player,66.0,Good
S-10949,REG-2026-1949,M,22,BS AI,3,S2,50,49,99.0,3.86,3.68,89,84,86.5,93,80,99,82.0,84,93,Regular studier,Excellent,Completed,Brilliant understanding of core concepts. A joy to teach.,Outstanding performer in arts,87.8,Excellent
S-10950,REG-2026-1950,M,18,BS Software Eng,2,S1,50,44,89.0,3.9,3.61,93,81,87.0,83,83,81,87.0,82,88,Regular studier,Excellent,Completed,Brilliant understanding of core concepts. A joy to teach.,Shows leadership in sports,84.45,Excellent
S-10951,REG-2026-1951,M,20,BS Software Eng,6,S3,50,45,91.0,3.57,2.91,92,97,94.5,97,80,99,94.0,90,86,Regular studier,Excellent,Completed,"Highly proactive, consistent, and quick learner.",Outstanding performer in arts,91.6,Excellent
S-10952,REG-2026-1952,F,24,BS AI,3,S2,50,34,69.0,3.36,3.36,65,76,70.5,74,70,74,61.0,62,69,Occasional studier,Warning,Not Started,Average performance. Needs to focus more on lab work.,Learning basics of music,66.9,Good
S-10953,REG-2026-1953,M,25,BS Computer Science,1,S2,50,16,32.0,1.12,1.06,41,20,30.5,27,42,47,53.0,37,50,Needs constant monitoring,Needs Improvement,Not Started,Frequently misses deadlines and lacks motivation.,Struggles to participate,42.1,Poor
S-10954,REG-2026-1954,F,25,BS Software Eng,5,S1,50,21,43.0,1.89,1.62,44,44,44.0,51,42,46,35.0,38,26,Needs constant monitoring,Needs Improvement,Not Started,Lacks fundamental understanding of the subject matter.,No interest,39.3,Poor
S-10955,REG-2026-1955,F,19,BS Data Science,7,S1,50,21,43.0,1.13,1.26,49,52,50.5,22,32,42,53.0,32,37,Needs constant monitoring,Warning,Not Started,Lacks fundamental understanding of the subject matter.,Shy and inactive,40.1,Poor
S-10956,REG-2026-1956,F,23,BS Info Tech,4,S3,50,40,80.0,2.88,2.74,74,55,64.5,67,67,59,66.0,69,67,Occasional studier,Warning,Ongoing,Understands the basics but struggles with complex logic.,Learning basics of music,66.5,Good
S-10957,REG-2026-1957,M,24,BS AI,1,S2,50,34,68.0,2.82,2.77,69,73,71.0,69,64,62,77.0,65,55,Occasional studier,Warning,Ongoing,Average performance. Needs to focus more on lab work.,Average sports player,66.8,Good
S-10958,REG-2026-1958,M,19,BS Info Tech,3,S3,50,37,75.0,2.76,2.91,66,78,72.0,59,76,69,64.0,78,68,Last-minute crammer,Good,Ongoing,Understands the basics but struggles with complex logic.,Participates occasionally,70.95,Good
S-10959,REG-2026-1959,F,21,BS Data Science,2,S2,50,31,63.0,2.21,2.28,30,52,41.0,40,28,35,30.0,52,53,Rarely studies,Probation,Not Started,Frequently misses deadlines and lacks motivation.,Struggles to participate,41.6,Poor
S-10960,REG-2026-1960,M,19,BS Data Science,6,S2,50,36,73.0,3.08,3.05,64,62,63.0,65,73,64,56.0,70,78,Needs some guidance,Good,Ongoing,Good effort but needs more consistency in assignments.,Learning basics of music,66.6,Good
S-10961,REG-2026-1961,M,24,BS Info Tech,1,S3,50,49,98.0,3.7,3.97,81,80,80.5,96,86,99,95.0,82,97,Highly focused,Excellent,Completed,"Highly proactive, consistent, and quick learner.",Outstanding performer in arts,90.4,Excellent
S-10962,REG-2026-1962,M,24,BS Data Science,6,S2,50,46,92.0,3.62,3.64,83,88,85.5,83,80,95,87.0,93,82,Very consistent,Excellent,Completed,Outstanding performance throughout the semester.,Active club president,88.4,Excellent
S-10963,REG-2026-1963,F,19,BS Info Tech,1,S2,50,15,31.0,1.11,1.2,31,42,36.5,41,28,29,23.0,23,45,Last-minute crammer,Warning,Not Started,Frequently misses deadlines and lacks motivation.,Struggles to participate,29.25,Poor
S-10964,REG-2026-1964,F,18,BS Computer Science,1,S3,50,43,86.0,3.86,3.79,91,87,89.0,93,92,97,89.0,81,84,Highly focused,Excellent,Completed,Brilliant understanding of core concepts. A joy to teach.,Outstanding performer in arts,88.05,Excellent
S-10965,REG-2026-1965,M,23,BS Info Tech,6,S3,50,35,71.0,3.11,2.94,64,62,63.0,61,73,73,65.0,67,64,Last-minute crammer,Good,Not Started,Good effort but needs more consistency in assignments.,Participates occasionally,67.3,Good
S-10966,REG-2026-1966,F,23,BS Computer Science,2,S1,50,37,75.0,2.71,2.7,58,55,56.5,78,68,55,57.0,75,76,Occasional studier,Warning,Not Started,"Participates occasionally, can definitely do better.",Participates occasionally,66.1,Good
S-10967,REG-2026-1967,F,21,BS Info Tech,3,S1,50,38,77.0,2.68,2.49,57,78,67.5,60,77,78,71.0,63,58,Needs some guidance,Good,Not Started,Average performance. Needs to focus more on lab work.,Learning basics of music,68.75,Good
S-10968,REG-2026-1968,F,23,BS Data Science,1,S2,50,36,72.0,3.33,3.48,59,76,67.5,56,72,68,66.0,68,74,Last-minute crammer,Warning,Ongoing,"Participates occasionally, can definitely do better.",Participates occasionally,68.15,Good
S-10969,REG-2026-1969,M,25,BS Software Eng,1,S2,50,33,66.0,2.79,3.08,72,63,67.5,76,56,56,74.0,55,71,Needs some guidance,Good,Ongoing,Good effort but needs more consistency in assignments.,Learning basics of music,63.5,Average
S-10970,REG-2026-1970,F,23,BS Software Eng,1,S1,50,47,94.0,3.89,3.81,99,94,96.5,93,92,94,91.0,94,89,Highly focused,Excellent,Completed,"Highly proactive, consistent, and quick learner.",Outstanding performer in arts,92.9,Excellent
S-10971,REG-2026-1971,M,23,BS Data Science,7,S3,50,36,73.0,2.88,2.76,68,75,71.5,57,66,72,72.0,69,61,Needs some guidance,Warning,Not Started,Understands the basics but struggles with complex logic.,Average sports player,68.8,Good
S-10972,REG-2026-1972,M,23,BS Data Science,5,S1,50,40,81.0,2.59,2.39,63,63,63.0,57,67,77,78.0,64,57,Needs some guidance,Warning,Not Started,Understands the basics but struggles with complex logic.,Learning basics of music,68.75,Good
S-10973,REG-2026-1973,M,20,BS Data Science,5,S2,50,47,94.0,3.77,3.81,94,91,92.5,85,81,98,80.0,98,86,Highly focused,Excellent,Completed,Shows excellent leadership and analytical skills.,Outstanding performer in arts,90.1,Excellent
S-10974,REG-2026-1974,F,20,BS AI,8,S3,50,40,81.0,3.05,2.84,64,76,70.0,68,77,62,75.0,65,62,Occasional studier,Warning,Ongoing,Good effort but needs more consistency in assignments.,Learning basics of music,68.9,Good
S-10975,REG-2026-1975,F,25,BS Software Eng,6,S3,50,40,80.0,2.53,2.31,73,76,74.5,70,65,71,76.0,61,73,Needs some guidance,Warning,Not Started,"Participates occasionally, can definitely do better.",Average sports player,69.85,Good
S-10976,REG-2026-1976,M,20,BS Computer Science,2,S3,50,32,65.0,3.35,3.14,61,68,64.5,58,67,66,73.0,64,56,Last-minute crammer,Good,Ongoing,Average performance. Needs to focus more on lab work.,Average sports player,65.4,Good
S-10977,REG-2026-1977,F,25,BS Info Tech,2,S1,50,35,71.0,2.72,2.87,73,70,71.5,67,59,63,55.0,62,72,Occasional studier,Warning,Ongoing,"Participates occasionally, can definitely do better.",Participates occasionally,63.1,Average
S-10978,REG-2026-1978,F,23,BS Computer Science,1,S1,50,31,62.0,1.3,1.17,20,31,25.5,22,34,48,27.0,52,26,Rarely studies,Warning,Not Started,Irregular attendance and extremely poor focus in class.,Struggles to participate,38.35,Poor
S-10979,REG-2026-1979,M,20,BS Computer Science,8,S2,50,37,75.0,2.9,2.72,69,72,70.5,55,67,60,63.0,69,57,Needs some guidance,Good,Ongoing,Understands the basics but struggles with complex logic.,Average sports player,64.8,Average
S-10980,REG-2026-1980,M,19,BS Data Science,7,S2,50,40,81.0,3.1,3.06,67,65,66.0,74,75,69,76.0,60,63,Occasional studier,Warning,Not Started,No feedback provided,Average sports player,68.7,Good
S-10981,REG-2026-1981,M,24,BS Computer Science,6,S1,50,40,80.0,3.28,3.25,59,68,63.5,56,77,64,76.0,66,78,Occasional studier,Warning,Ongoing,"Participates occasionally, can definitely do better.",Learning basics of music,69.95,Good
S-10982,REG-2026-1982,F,23,BS Data Science,1,S3,50,42,85.0,3.98,3.76,85,81,83.0,96,98,80,93.0,84,86,Highly focused,Excellent,Completed,Outstanding performance throughout the semester.,Shows leadership in sports,87.35,Excellent
S-10983,REG-2026-1983,F,25,BS Info Tech,1,S3,50,41,82.0,2.79,2.77,78,68,73.0,72,60,61,69.0,57,74,Last-minute crammer,Warning,Not Started,Good effort but needs more consistency in assignments.,Learning basics of music,65.6,Good
S-10984,REG-2026-1984,M,25,BS Computer Science,2,S3,50,16,33.0,2.33,2.37,48,36,42.0,37,31,30,28.0,29,30,Needs constant monitoring,Warning,Not Started,"Needs urgent improvement, counseling recommended.",No interest,31.15,Poor
S-10985,REG-2026-1985,F,18,BS AI,8,S2,50,32,65.0,2.77,2.91,57,77,67.0,61,69,62,68.0,66,61,Occasional studier,Warning,Ongoing,Understands the basics but struggles with complex logic.,Average sports player,65.4,Good
S-10986,REG-2026-1986,F,23,BS AI,3,S3,50,48,97.0,3.97,3.97,96,82,89.0,81,88,85,82.0,94,88,Regular studier,Excellent,Completed,Shows excellent leadership and analytical skills.,Outstanding performer in arts,88.05,Excellent
S-10987,REG-2026-1987,F,19,BS AI,3,S2,50,35,71.0,2.52,2.31,55,63,59.0,62,58,67,67.0,67,55,Last-minute crammer,Warning,Not Started,Good effort but needs more consistency in assignments.,Learning basics of music,64.05,Average
S-10988,REG-2026-1988,F,24,BS Software Eng,4,S2,50,31,62.0,1.44,1.67,41,41,41.0,38,42,51,42.0,36,40,Last-minute crammer,Needs Improvement,Not Started,Irregular attendance and extremely poor focus in class.,No interest,42.35,Poor
S-10989,REG-2026-1989,F,24,BS Info Tech,4,S1,50,32,65.0,3.11,3.29,78,64,71.0,67,76,76,77.0,57,56,Occasional studier,Good,Not Started,Average performance. Needs to focus more on lab work.,Average sports player,67.95,Good
S-10990,REG-2026-1990,F,23,BS Software Eng,6,S3,50,17,35.0,1.49,2.91,35,46,40.5,37,35,39,20.0,53,33,Last-minute crammer,Needs Improvement,Not Started,Irregular attendance and extremely poor focus in class.,Struggles to participate,37.55,Poor
S-10991,REG-2026-1991,M,24,BS Data Science,2,S1,50,42,85.0,3.62,3.77,93,82,87.5,86,90,94,82.0,91,96,Highly focused,Excellent,Completed,Outstanding performance throughout the semester.,Active club president,89.15,Excellent
S-10992,REG-2026-1992,M,20,BS Info Tech,5,S2,50,43,87.0,3.75,3.88,97,84,90.5,93,93,85,86.0,97,88,Highly focused,Excellent,Completed,Outstanding performance throughout the semester.,Active club president,90.35,Excellent
S-10993,REG-2026-1993,F,20,BS Software Eng,3,S2,50,42,85.0,3.62,3.39,86,89,87.5,84,82,91,81.0,88,94,Regular studier,Excellent,Completed,Outstanding performance throughout the semester.,Shows leadership in sports,86.65,Excellent
S-10994,REG-2026-1994,F,19,BS AI,5,S1,50,37,72.69,3.05,2.76,75,75,75.0,56,78,63,64.0,70,65,Needs some guidance,Good,Not Started,Average performance. Needs to focus more on lab work.,Learning basics of music,68.05,Good
S-10995,REG-2026-1995,M,20,BS Data Science,3,S1,50,42,85.0,3.58,3.79,98,83,90.5,90,98,84,91.0,95,91,Very consistent,Excellent,Completed,"Highly proactive, consistent, and quick learner.",Shows leadership in sports,91.25,Excellent
S-10996,REG-2026-1996,M,18,BS Info Tech,1,S2,50,43,86.0,3.97,3.82,99,96,97.5,92,96,80,89.0,88,99,Highly focused,Excellent,Completed,Outstanding performance throughout the semester.,Active club president,89.95,Excellent
S-10997,REG-2026-1997,F,18,BS Software Eng,6,S1,50,45,91.0,3.95,3.75,93,87,90.0,94,85,98,96.0,87,96,Regular studier,Excellent,Completed,Outstanding performance throughout the semester.,Active club president,92.0,Excellent
S-10998,REG-2026-1998,M,22,BS Data Science,1,S1,50,37,75.0,2.67,2.45,69,75,72.0,64,67,61,58.0,68,75,Needs some guidance,Good,Not Started,Good effort but needs more consistency in assignments.,Learning basics of music,66.1,Good
S-10999,REG-2026-1999,F,22,BS Software Eng,8,S1,50,39,78.0,3.09,3.26,72,59,65.5,59,75,58,76.0,71,71,Needs some guidance,Warning,Ongoing,Understands the basics but struggles with complex logic.,Learning basics of music,69.65,Good
S-11000,REG-2026-2000,F,25,BS AI,8,S2,50,17,34.0,1.12,1.08,51,40,45.5,26,47,31,46.0,48,40,Rarely studies,Probation,Not Started,Irregular attendance and extremely poor focus in class.,No interest,42.1,Poor
S-11001,REG-2026-2001,M,20,BS Software Eng,7,S1,50,38,76.0,2.93,2.63,67,74,70.5,68,62,69,77.0,78,59,Occasional studier,Good,Not Started,"Participates occasionally, can definitely do better.",Participates occasionally,71.6,Good
S-11002,REG-2026-2002,F,22,BS Software Eng,1,S1,50,33,72.69,2.81,2.87,63,77,70.0,75,69,66,55.0,69,76,Needs some guidance,Warning,Not Started,Understands the basics but struggles with complex logic.,Average sports player,66.75,Good
S-11003,REG-2026-2003,M,22,BS Software Eng,4,S1,50,43,86.0,3.62,3.66,88,98,93.0,89,88,98,98.0,81,92,Regular studier,Excellent,Completed,Outstanding performance throughout the semester.,Shows leadership in sports,90.6,Excellent
S-11004,REG-2026-2004,M,20,BS Computer Science,3,S1,50,18,36.0,1.77,1.65,22,40,31.0,25,46,41,22.0,48,28,Last-minute crammer,Needs Improvement,Not Started,Irregular attendance and extremely poor focus in class.,Shy and inactive,36.1,Poor
S-11005,REG-2026-2005,M,24,BS Data Science,6,S3,50,44,89.0,3.78,3.9,88,80,84.0,93,81,84,89.0,92,87,Regular studier,Excellent,Completed,Brilliant understanding of core concepts. A joy to teach.,Active club president,87.7,Excellent
S-11006,REG-2026-2006,F,24,BS Info Tech,5,S2,50,49,98.0,3.76,3.63,92,92,92.0,97,92,94,98.0,87,82,Regular studier,Excellent,Completed,Shows excellent leadership and analytical skills.,Outstanding performer in arts,91.8,Excellent
S-11007,REG-2026-2007,M,22,BS Computer Science,8,S3,50,46,93.0,3.57,3.73,80,83,81.5,91,81,89,82.0,91,85,Very consistent,Excellent,Completed,Shows excellent leadership and analytical skills.,Outstanding performer in arts,86.45,Excellent
S-11008,REG-2026-2008,F,21,BS Software Eng,6,S3,50,41,83.0,3.36,3.55,75,74,74.5,61,55,64,76.0,76,70,Occasional studier,Warning,Ongoing,Average performance. Needs to focus more on lab work.,Participates occasionally,70.95,Good
S-11009,REG-2026-2009,F,23,BS Data Science,6,S1,50,39,78.0,2.58,2.41,73,66,69.5,64,61,61,77.0,74,78,Occasional studier,Warning,Ongoing,Understands the basics but struggles with complex logic.,Average sports player,71.0,Good
S-11010,REG-2026-2010,F,25,BS Info Tech,2,S3,50,42,85.0,3.79,3.6,83,86,84.5,86,83,94,93.0,80,91,Highly focused,Excellent,Completed,"Highly proactive, consistent, and quick learner.",Outstanding performer in arts,87.1,Excellent
S-11011,REG-2026-2011,F,24,BS AI,6,S2,50,35,71.0,3.07,3.04,72,60,66.0,75,60,61,65.0,72,76,Needs some guidance,Warning,Not Started,No feedback provided,Learning basics of music,67.65,Good
S-11012,REG-2026-2012,F,19,BS Computer Science,1,S2,50,49,99.0,3.58,3.6,86,80,83.0,84,81,95,91.0,89,89,Very consistent,Excellent,Completed,"Highly proactive, consistent, and quick learner.",Active club president,89.15,Excellent
S-11013,REG-2026-2013,M,23,BS Data Science,3,S3,50,36,73.0,3.29,2.91,67,73,70.0,65,62,59,64.0,62,64,Needs some guidance,Warning,Not Started,Average performance. Needs to focus more on lab work.,Average sports player,63.65,Average
S-11014,REG-2026-2014,F,25,BS AI,4,S1,50,36,72.0,3.41,3.7,55,69,62.0,74,56,56,74.0,62,66,Needs some guidance,Warning,Not Started,Average performance. Needs to focus more on lab work.,Participates occasionally,64.4,Average
S-11015,REG-2026-2015,F,25,BS AI,8,S1,50,49,72.69,3.68,3.65,80,96,88.0,83,91,86,97.0,93,93,Very consistent,Excellent,Completed,"Highly proactive, consistent, and quick learner.",Outstanding performer in arts,91.8,Excellent
S-11016,REG-2026-2016,M,22,BS Info Tech,8,S1,50,44,88.0,3.81,3.68,97,88,92.5,99,80,96,66.03,87,86,Very consistent,Excellent,Completed,"Highly proactive, consistent, and quick learner.",Active club president,89.15,Excellent
S-11017,REG-2026-2017,M,21,BS Computer Science,4,S1,50,45,90.0,3.81,3.55,93,97,95.0,94,82,96,99.0,85,81,Highly focused,Excellent,Completed,Outstanding performance throughout the semester.,Shows leadership in sports,90.45,Excellent
S-11018,REG-2026-2018,M,20,BS Computer Science,6,S3,50,40,80.0,2.87,2.9,57,71,64.0,71,56,72,68.0,64,73,Needs some guidance,Warning,Ongoing,Understands the basics but struggles with complex logic.,Average sports player,67.25,Good
S-11019,REG-2026-2019,M,21,BS AI,1,S1,50,28,58.0,2.21,2.24,51,26,38.5,44,53,53,25.0,27,44,Needs constant monitoring,Probation,Not Started,Frequently misses deadlines and lacks motivation.,Struggles to participate,38.35,Poor
S-11020,REG-2026-2020,F,24,BS Data Science,4,S3,50,46,92.0,3.97,3.72,91,82,86.5,99,84,83,96.0,98,88,Very consistent,Excellent,Completed,Brilliant understanding of core concepts. A joy to teach.,Outstanding performer in arts,91.55,Excellent
S-11021,REG-2026-2021,M,24,BS Info Tech,7,S2,50,35,70.0,2.51,2.41,74,65,69.5,78,63,68,67.0,57,75,Last-minute crammer,Good,Ongoing,"Participates occasionally, can definitely do better.",Participates occasionally,66.0,Good
S-11022,REG-2026-2022,F,19,BS Info Tech,2,S2,50,34,69.0,2.59,2.7,76,71,73.5,56,55,61,75.0,57,71,Occasional studier,Good,Not Started,No feedback provided,Participates occasionally,64.6,Average
S-11023,REG-2026-2023,M,19,BS Software Eng,4,S1,50,15,31.0,1.42,1.46,38,27,32.5,27,30,52,43.0,42,25,Last-minute crammer,Probation,Not Started,Frequently misses deadlines and lacks motivation.,Struggles to participate,38.55,Poor
S-11024,REG-2026-2024,F,25,BS Software Eng,1,S1,50,40,80.0,2.62,2.82,58,67,62.5,68,70,60,58.0,64,67,Needs some guidance,Warning,Ongoing,Average performance. Needs to focus more on lab work.,Participates occasionally,63.95,Average
S-11025,REG-2026-2025,F,21,BS Info Tech,6,S3,50,39,72.69,3.09,3.32,61,73,67.0,68,58,56,55.0,60,67,Needs some guidance,Good,Not Started,"Participates occasionally, can definitely do better.",Learning basics of music,60.9,Average
S-11026,REG-2026-2026,F,18,BS Data Science,3,S2,50,38,77.0,3.28,3.42,78,67,72.5,68,77,68,75.0,66,73,Occasional studier,Good,Ongoing,"Participates occasionally, can definitely do better.",Learning basics of music,71.2,Good
S-11027,REG-2026-2027,F,23,BS Software Eng,2,S1,50,27,55.0,2.3,2.08,48,44,46.0,42,20,36,52.0,37,24,Needs constant monitoring,Probation,Not Started,Lacks fundamental understanding of the subject matter.,No interest,38.9,Poor
S-11028,REG-2026-2028,F,23,BS Info Tech,1,S3,50,47,94.0,3.74,3.72,83,81,82.0,83,86,92,81.0,85,85,Regular studier,Excellent,Completed,Brilliant understanding of core concepts. A joy to teach.,Outstanding performer in arts,85.4,Excellent
S-11029,REG-2026-2029,M,23,BS Info Tech,3,S1,50,35,70.0,2.65,2.64,67,68,67.5,57,67,65,66.03,68,65,Needs some guidance,Good,Ongoing,Understands the basics but struggles with complex logic.,Participates occasionally,64.45,Average
S-11030,REG-2026-2030,F,19,BS Info Tech,2,S1,50,28,56.0,1.72,1.75,45,38,41.5,23,31,45,66.03,53,51,Last-minute crammer,Warning,Not Started,Lacks fundamental understanding of the subject matter.,Shy and inactive,44.5,Poor
S-11031,REG-2026-2031,M,24,BS Computer Science,8,S2,50,39,79.0,3.42,3.4,58,65,61.5,59,60,77,66.0,58,57,Last-minute crammer,Warning,Ongoing,Understands the basics but struggles with complex logic.,Participates occasionally,64.0,Average
S-11032,REG-2026-2032,M,22,BS Software Eng,2,S3,50,42,85.0,3.58,3.77,99,84,91.5,95,86,85,66.03,86,99,Highly focused,Excellent,Completed,Shows excellent leadership and analytical skills.,Outstanding performer in arts,89.3,Excellent
S-11033,REG-2026-2033,M,18,BS AI,5,S2,50,33,66.0,2.91,2.9,58,77,67.5,61,60,57,62.0,69,68,Occasional studier,Good,Ongoing,Understands the basics but struggles with complex logic.,Average sports player,64.1,Average
S-11034,REG-2026-2034,M,24,BS Software Eng,8,S3,50,41,83.0,3.34,3.15,68,55,61.5,56,69,61,58.0,70,58,Needs some guidance,Good,Ongoing,Understands the basics but struggles with complex logic.,Participates occasionally,64.05,Average
S-11035,REG-2026-2035,F,25,BS Software Eng,7,S2,50,32,65.0,2.79,3.0,78,58,68.0,67,78,73,77.0,63,76,Last-minute crammer,Good,Ongoing,Good effort but needs more consistency in assignments.,Participates occasionally,70.9,Good
S-11036,REG-2026-2036,M,21,BS Info Tech,8,S2,50,37,75.0,2.65,2.46,64,62,63.0,74,64,74,68.0,59,76,Last-minute crammer,Good,Ongoing,Good effort but needs more consistency in assignments.,Average sports player,67.2,Good
S-11037,REG-2026-2037,F,19,BS AI,1,S3,50,36,72.0,2.64,2.94,69,75,72.0,56,55,74,57.0,73,63,Occasional studier,Warning,Ongoing,Understands the basics but struggles with complex logic.,Learning basics of music,66.15,Good
S-11038,REG-2026-2038,M,19,BS Data Science,1,S1,50,39,79.0,2.86,2.9,55,70,62.5,68,62,78,64.0,56,58,Last-minute crammer,Warning,Ongoing,Understands the basics but struggles with complex logic.,Average sports player,64.1,Average
S-11039,REG-2026-2039,M,21,BS Software Eng,8,S1,50,37,75.0,2.63,2.36,60,77,68.5,70,61,66,58.0,60,76,Occasional studier,Good,Ongoing,Good effort but needs more consistency in assignments.,Learning basics of music,64.3,Average
S-11040,REG-2026-2040,M,22,BS AI,1,S1,50,17,35.0,2.39,2.48,43,26,34.5,53,30,41,48.0,30,32,Last-minute crammer,Probation,Not Started,Lacks fundamental understanding of the subject matter.,No interest,37.3,Poor
S-11041,REG-2026-2041,F,18,BS Software Eng,7,S3,50,37,75.0,3.02,3.2,77,68,72.5,58,78,68,72.0,67,67,Occasional studier,Good,Not Started,Understands the basics but struggles with complex logic.,Learning basics of music,69.75,Good
S-11042,REG-2026-2042,F,24,BS Software Eng,7,S2,50,46,92.0,3.67,3.94,85,95,90.0,87,89,80,66.03,85,98,Very consistent,Excellent,Completed,Brilliant understanding of core concepts. A joy to teach.,Active club president,86.9,Excellent
S-11043,REG-2026-2043,F,18,BS Computer Science,7,S1,50,33,72.69,2.78,3.01,67,70,68.5,73,71,63,64.0,77,61,Last-minute crammer,Warning,Not Started,Average performance. Needs to focus more on lab work.,Learning basics of music,68.5,Good
S-11044,REG-2026-2044,M,24,BS Info Tech,3,S1,50,26,52.0,2.0,2.19,22,20,21.0,48,42,47,51.0,52,53,Rarely studies,Needs Improvement,Not Started,Frequently misses deadlines and lacks motivation.,Struggles to participate,46.85,Poor
S-11045,REG-2026-2045,F,21,BS Computer Science,6,S2,50,34,69.0,2.87,2.95,61,75,68.0,55,76,78,74.0,62,70,Occasional studier,Warning,Ongoing,"Participates occasionally, can definitely do better.",Learning basics of music,69.6,Good
S-11046,REG-2026-2046,M,19,BS Data Science,7,S1,50,21,43.0,1.3,1.41,35,30,32.5,48,38,32,50.0,39,47,Needs constant monitoring,Needs Improvement,Not Started,Frequently misses deadlines and lacks motivation.,Shy and inactive,40.85,Poor
S-11047,REG-2026-2047,F,18,BS Info Tech,4,S2,50,43,87.0,3.78,3.5,99,93,96.0,83,82,88,89.0,96,82,Very consistent,Excellent,Completed,Brilliant understanding of core concepts. A joy to teach.,Active club president,89.5,Excellent
S-11048,REG-2026-2048,M,23,BS Computer Science,1,S2,50,39,79.0,2.86,2.65,61,57,59.0,60,72,77,72.0,63,57,Occasional studier,Warning,Ongoing,"Participates occasionally, can definitely do better.",Learning basics of music,67.45,Good
S-11049,REG-2026-2049,F,20,BS AI,8,S2,50,35,71.0,3.37,3.18,68,70,69.0,59,67,66,75.0,72,59,Needs some guidance,Warning,Ongoing,Good effort but needs more consistency in assignments.,Learning basics of music,68.9,Good
S-11050,REG-2026-2050,M,24,BS Computer Science,6,S2,50,30,61.0,2.23,2.07,49,50,49.5,31,49,38,53.0,44,40,Rarely studies,Probation,Not Started,"Needs urgent improvement, counseling recommended.",Struggles to participate,45.75,Poor
S-11051,REG-2026-2051,F,18,BS Computer Science,7,S3,50,36,72.0,3.15,3.31,59,67,63.0,73,63,55,56.0,73,62,Occasional studier,Warning,Ongoing,No feedback provided,Learning basics of music,63.75,Average
S-11052,REG-2026-2052,F,24,BS AI,6,S3,50,36,72.0,3.25,3.25,64,76,70.0,78,57,68,78.0,73,59,Needs some guidance,Warning,Not Started,Understands the basics but struggles with complex logic.,Participates occasionally,70.15,Good
S-11053,REG-2026-2053,M,20,BS Info Tech,4,S3,50,24,48.0,1.52,1.66,50,45,47.5,42,38,47,48.0,27,20,Needs constant monitoring,Probation,Not Started,"Needs urgent improvement, counseling recommended.",Struggles to participate,38.45,Poor
S-11054,REG-2026-2054,M,22,BS Computer Science,6,S2,50,40,80.0,3.24,2.97,64,74,69.0,76,57,76,64.0,65,59,Occasional studier,Warning,Ongoing,Average performance. Needs to focus more on lab work.,Participates occasionally,66.75,Good
S-11055,REG-2026-2055,F,19,BS Data Science,5,S1,50,33,66.0,2.73,2.81,62,70,66.0,63,64,70,58.0,61,60,Last-minute crammer,Warning,Ongoing,Average performance. Needs to focus more on lab work.,Participates occasionally,62.8,Average
S-11056,REG-2026-2056,F,22,BS Info Tech,2,S1,50,34,68.0,3.14,2.98,67,57,62.0,67,56,67,78.0,64,78,Last-minute crammer,Warning,Not Started,Average performance. Needs to focus more on lab work.,Participates occasionally,68.0,Good
S-11057,REG-2026-2057,F,18,BS Computer Science,7,S3,50,34,69.0,2.82,2.83,69,77,73.0,73,56,55,69.0,76,59,Occasional studier,Good,Ongoing,Average performance. Needs to focus more on lab work.,Participates occasionally,66.95,Good
S-11058,REG-2026-2058,M,20,BS Data Science,7,S3,50,33,66.0,3.43,3.45,66,76,71.0,64,70,70,63.0,76,66,Last-minute crammer,Warning,Ongoing,Average performance. Needs to focus more on lab work.,Learning basics of music,69.3,Good
S-11059,REG-2026-2059,F,18,BS Computer Science,4,S1,50,40,80.0,2.98,2.75,59,60,59.5,71,59,64,70.0,58,63,Last-minute crammer,Warning,Not Started,Good effort but needs more consistency in assignments.,Average sports player,63.8,Average
S-11060,REG-2026-2060,M,18,BS Info Tech,7,S2,50,38,77.0,2.62,2.36,68,60,64.0,59,75,57,58.0,58,75,Needs some guidance,Good,Not Started,"Participates occasionally, can definitely do better.",Participates occasionally,62.85,Average
S-11061,REG-2026-2061,M,20,BS Computer Science,2,S3,50,44,88.0,3.64,3.56,81,80,80.5,91,99,95,82.0,85,91,Highly focused,Excellent,Completed,Outstanding performance throughout the semester.,Outstanding performer in arts,87.9,Excellent
S-11062,REG-2026-2062,M,22,BS Data Science,5,S1,50,26,53.0,1.29,1.07,42,36,39.0,35,52,38,32.0,47,48,Needs constant monitoring,Probation,Not Started,Frequently misses deadlines and lacks motivation.,Shy and inactive,42.15,Poor
S-11063,REG-2026-2063,F,19,BS Software Eng,3,S2,50,49,98.0,3.71,3.98,94,90,92.0,96,84,93,81.0,83,83,Regular studier,Excellent,Completed,Shows excellent leadership and analytical skills.,Shows leadership in sports,86.5,Excellent
S-11064,REG-2026-2064,F,23,BS Info Tech,1,S3,50,38,76.0,2.51,2.91,56,70,63.0,77,62,63,73.0,69,74,Needs some guidance,Good,Not Started,Understands the basics but struggles with complex logic.,Learning basics of music,68.85,Good
S-11065,REG-2026-2065,F,25,BS Software Eng,2,S3,50,28,56.0,1.18,1.18,35,21,28.0,26,30,34,37.0,30,31,Last-minute crammer,Needs Improvement,Not Started,Frequently misses deadlines and lacks motivation.,Shy and inactive,33.0,Poor
S-11066,REG-2026-2066,F,25,BS Data Science,6,S3,50,41,82.0,2.93,3.09,64,72,68.0,74,55,73,62.0,66,73,Occasional studier,Warning,Ongoing,Average performance. Needs to focus more on lab work.,Average sports player,67.25,Good
S-11067,REG-2026-2067,M,19,BS Data Science,8,S2,50,41,82.0,3.0,2.94,69,63,66.0,59,71,70,59.0,67,70,Last-minute crammer,Warning,Ongoing,No feedback provided,Learning basics of music,66.8,Good
S-11068,REG-2026-2068,F,18,BS Computer Science,4,S3,50,34,69.0,2.82,2.98,78,61,69.5,61,62,60,61.0,58,61,Occasional studier,Good,Ongoing,Good effort but needs more consistency in assignments.,Learning basics of music,61.45,Average
S-11069,REG-2026-2069,M,25,BS Data Science,4,S1,50,15,31.0,1.5,1.36,49,32,40.5,32,25,38,51.0,25,50,Last-minute crammer,Probation,Not Started,"Needs urgent improvement, counseling recommended.",Struggles to participate,36.85,Poor
S-11070,REG-2026-2070,F,22,BS Info Tech,5,S3,50,49,99.0,3.86,3.73,84,88,86.0,91,93,93,83.0,80,86,Very consistent,Excellent,Completed,Brilliant understanding of core concepts. A joy to teach.,Active club president,86.55,Excellent
S-11071,REG-2026-2071,M,24,BS Info Tech,3,S3,50,46,92.0,3.51,3.48,99,84,91.5,93,80,96,86.0,98,80,Very consistent,Excellent,Completed,Shows excellent leadership and analytical skills.,Active club president,90.5,Excellent
S-11072,REG-2026-2072,M,19,BS Software Eng,5,S3,50,39,78.0,2.52,2.45,67,56,61.5,73,55,55,57.0,77,56,Occasional studier,Good,Ongoing,Average performance. Needs to focus more on lab work.,Participates occasionally,63.7,Average
S-11073,REG-2026-2073,F,21,BS AI,4,S3,50,28,56.0,2.23,1.97,41,48,44.5,39,34,32,46.0,22,37,Needs constant monitoring,Probation,Not Started,"Needs urgent improvement, counseling recommended.",No interest,35.8,Poor
S-11074,REG-2026-2074,F,23,BS Software Eng,4,S2,50,38,77.0,3.11,2.88,59,63,61.0,74,59,72,71.0,68,78,Needs some guidance,Warning,Ongoing,"Participates occasionally, can definitely do better.",Average sports player,69.35,Good
S-11075,REG-2026-2075,M,20,BS Data Science,4,S1,50,31,62.0,1.3,1.17,33,22,27.5,28,21,48,45.0,50,32,Rarely studies,Warning,Not Started,Lacks fundamental understanding of the subject matter.,No interest,41.25,Poor
S-11076,REG-2026-2076,M,25,BS Info Tech,2,S3,50,33,66.0,2.73,2.73,65,60,62.5,67,55,60,68.0,63,77,Last-minute crammer,Warning,Not Started,No feedback provided,Learning basics of music,64.45,Average
S-11077,REG-2026-2077,F,19,BS AI,1,S1,50,31,62.0,1.36,1.37,46,46,46.0,28,52,39,34.0,40,49,Rarely studies,Needs Improvement,Not Started,Lacks fundamental understanding of the subject matter.,No interest,41.85,Poor
S-11078,REG-2026-2078,F,24,BS Computer Science,4,S3,50,43,87.0,3.78,3.49,83,90,86.5,85,95,99,98.0,98,94,Very consistent,Excellent,Completed,Outstanding performance throughout the semester.,Shows leadership in sports,95.1,Excellent
S-11079,REG-2026-2079,M,21,BS Software Eng,1,S3,50,44,88.0,3.94,3.64,93,89,91.0,80,83,94,90.0,90,87,Very consistent,Excellent,Completed,Brilliant understanding of core concepts. A joy to teach.,Outstanding performer in arts,89.1,Excellent
S-11080,REG-2026-2080,F,25,BS Data Science,8,S3,50,43,86.0,3.53,3.53,88,81,84.5,99,85,99,96.0,99,98,Regular studier,Excellent,Completed,Outstanding performance throughout the semester.,Outstanding performer in arts,94.8,Excellent
S-11081,REG-2026-2081,M,20,BS Info Tech,7,S2,50,36,73.0,3.38,3.45,78,61,69.5,64,63,71,71.0,68,60,Needs some guidance,Good,Ongoing,Average performance. Needs to focus more on lab work.,Learning basics of music,67.95,Good
S-11082,REG-2026-2082,F,20,BS Software Eng,2,S1,50,40,80.0,3.23,3.06,67,76,71.5,73,67,70,63.0,71,63,Occasional studier,Warning,Ongoing,"Participates occasionally, can definitely do better.",Participates occasionally,68.65,Good
S-11083,REG-2026-2083,F,18,BS Computer Science,4,S3,50,37,72.69,3.45,3.44,68,63,65.5,75,67,62,56.0,73,66,Occasional studier,Good,Ongoing,"Participates occasionally, can definitely do better.",Participates occasionally,66.1,Good
S-11084,REG-2026-2084,M,24,BS Info Tech,2,S1,50,24,49.0,1.23,1.45,21,37,29.0,34,29,28,36.0,52,25,Needs constant monitoring,Warning,Not Started,Lacks fundamental understanding of the subject matter.,Shy and inactive,36.85,Poor
S-11085,REG-2026-2085,F,20,BS Data Science,1,S3,50,34,69.0,3.05,3.29,65,67,66.0,59,74,68,62.0,75,60,Last-minute crammer,Warning,Not Started,Good effort but needs more consistency in assignments.,Average sports player,67.75,Good
S-11086,REG-2026-2086,F,23,BS Data Science,8,S2,50,38,77.0,2.78,2.61,61,59,60.0,76,78,62,59.0,66,59,Occasional studier,Good,Ongoing,"Participates occasionally, can definitely do better.",Learning basics of music,64.95,Average
S-11087,REG-2026-2087,M,18,BS Computer Science,2,S3,50,28,57.0,2.15,1.89,26,37,31.5,35,26,20,49.0,50,31,Rarely studies,Warning,Not Started,Irregular attendance and extremely poor focus in class.,No interest,38.75,Poor
S-11088,REG-2026-2088,F,19,BS Data Science,2,S2,50,34,68.0,2.95,3.2,69,64,66.5,71,78,55,68.0,68,60,Needs some guidance,Warning,Ongoing,Good effort but needs more consistency in assignments.,Average sports player,66.25,Good
S-11089,REG-2026-2089,M,25,BS Data Science,7,S1,50,39,78.0,3.4,3.46,77,61,69.0,68,66,63,65.0,69,61,Occasional studier,Warning,Ongoing,Average performance. Needs to focus more on lab work.,Participates occasionally,66.6,Good
S-11090,REG-2026-2090,M,22,BS AI,4,S2,50,20,41.0,2.12,1.91,31,24,27.5,33,27,38,46.0,43,26,Needs constant monitoring,Needs Improvement,Not Started,"Needs urgent improvement, counseling recommended.",No interest,37.4,Poor
S-11091,REG-2026-2091,F,25,BS Software Eng,3,S2,50,38,77.0,3.06,2.83,72,72,72.0,63,78,58,63.0,77,73,Last-minute crammer,Good,Not Started,Good effort but needs more consistency in assignments.,Participates occasionally,69.85,Good
S-11092,REG-2026-2092,M,19,BS Software Eng,6,S3,50,37,74.0,2.58,2.36,69,58,63.5,57,70,71,75.0,55,62,Occasional studier,Good,Ongoing,Understands the basics but struggles with complex logic.,Learning basics of music,65.5,Good
S-11093,REG-2026-2093,F,20,BS AI,4,S1,50,39,78.0,2.62,2.33,55,66,60.5,76,56,56,69.0,75,77,Last-minute crammer,Warning,Not Started,"Participates occasionally, can definitely do better.",Average sports player,68.0,Good
S-11094,REG-2026-2094,F,25,BS AI,8,S1,50,48,96.0,3.85,3.87,96,92,94.0,87,82,82,94.0,83,93,Very consistent,Excellent,Completed,"Highly proactive, consistent, and quick learner.",Outstanding performer in arts,87.9,Excellent
S-11095,REG-2026-2095,F,25,BS Software Eng,8,S2,50,37,74.0,3.08,3.12,65,62,63.5,73,59,74,78.0,56,61,Needs some guidance,Warning,Ongoing,Understands the basics but struggles with complex logic.,Learning basics of music,66.4,Good
S-11096,REG-2026-2096,F,22,BS Info Tech,4,S2,50,33,66.0,3.15,2.87,66,65,65.5,71,77,62,62.0,68,55,Needs some guidance,Warning,Not Started,"Participates occasionally, can definitely do better.",Participates occasionally,65.3,Good
S-11097,REG-2026-2097,F,18,BS Software Eng,4,S1,50,33,67.0,3.19,3.35,60,67,63.5,76,76,64,75.0,72,59,Needs some guidance,Good,Not Started,Good effort but needs more consistency in assignments.,Participates occasionally,69.6,Good
S-11098,REG-2026-2098,F,19,BS Computer Science,4,S1,50,47,94.0,3.95,3.83,81,97,89.0,88,96,94,83.0,90,84,Highly focused,Excellent,Completed,Outstanding performance throughout the semester.,Active club president,89.2,Excellent
S-11099,REG-2026-2099,M,20,BS Computer Science,4,S3,50,37,75.0,2.9,2.78,77,59,68.0,73,56,56,66.03,59,67,Last-minute crammer,Good,Ongoing,Understands the basics but struggles with complex logic.,Participates occasionally,63.05,Average
S-11100,REG-2026-2100,F,22,BS Software Eng,1,S3,50,42,85.0,3.75,3.51,99,97,98.0,94,87,93,92.0,92,99,Regular studier,Excellent,Completed,No feedback provided,Outstanding performer in arts,92.7,Excellent
S-11101,REG-2026-2101,M,21,BS Data Science,4,S1,50,40,80.0,2.88,2.96,67,69,68.0,58,66,64,65.0,72,55,Occasional studier,Warning,Not Started,"Participates occasionally, can definitely do better.",Average sports player,66.4,Good
S-11102,REG-2026-2102,M,19,BS AI,7,S2,50,39,79.0,2.71,2.53,71,77,74.0,71,70,61,75.0,66,65,Needs some guidance,Good,Not Started,Understands the basics but struggles with complex logic.,Participates occasionally,69.05,Good
S-11103,REG-2026-2103,F,19,BS Data Science,8,S3,50,40,81.0,2.75,2.75,74,68,71.0,56,61,77,59.0,76,73,Needs some guidance,Good,Ongoing,Understands the basics but struggles with complex logic.,Learning basics of music,69.7,Good
S-11104,REG-2026-2104,F,24,BS AI,1,S1,50,40,80.0,3.1,3.04,75,57,66.0,69,72,78,57.0,78,65,Needs some guidance,Warning,Not Started,"Participates occasionally, can definitely do better.",Participates occasionally,70.35,Good
S-11105,REG-2026-2105,M,21,BS Info Tech,6,S3,50,42,85.0,3.83,3.76,87,86,86.5,99,90,84,94.0,85,87,Regular studier,Excellent,Completed,Brilliant understanding of core concepts. A joy to teach.,Outstanding performer in arts,88.2,Excellent
S-11106,REG-2026-2106,F,25,BS Software Eng,6,S2,50,35,70.0,3.34,3.43,70,58,64.0,64,61,56,78.0,61,65,Needs some guidance,Warning,Ongoing,Average performance. Needs to focus more on lab work.,Participates occasionally,64.95,Average
S-11107,REG-2026-2107,M,24,BS AI,5,S1,50,44,89.0,3.86,3.74,85,96,90.5,95,95,83,90.0,93,95,Highly focused,Excellent,Completed,Shows excellent leadership and analytical skills.,Outstanding performer in arts,90.95,Excellent
S-11108,REG-2026-2108,M,22,BS Info Tech,8,S1,50,35,71.0,2.8,2.67,60,65,62.5,69,61,55,71.0,71,68,Occasional studier,Warning,Ongoing,Average performance. Needs to focus more on lab work.,Learning basics of music,66.35,Good
S-11109,REG-2026-2109,M,24,BS AI,4,S2,50,22,44.0,1.13,1.03,45,50,47.5,48,38,39,49.0,40,30,Last-minute crammer,Warning,Not Started,Irregular attendance and extremely poor focus in class.,Shy and inactive,41.8,Poor
S-11110,REG-2026-2110,F,20,BS Info Tech,4,S3,50,36,73.0,2.7,2.85,63,62,62.5,62,68,72,71.0,72,67,Needs some guidance,Warning,Not Started,"Participates occasionally, can definitely do better.",Participates occasionally,69.5,Good
S-11111,REG-2026-2111,F,24,BS AI,1,S3,50,49,99.0,3.8,3.57,88,84,86.0,81,88,83,82.0,81,95,Regular studier,Excellent,Completed,Shows excellent leadership and analytical skills.,Shows leadership in sports,85.0,Excellent
S-11112,REG-2026-2112,F,24,BS Info Tech,8,S3,50,28,57.0,2.15,2.01,34,29,31.5,20,27,31,37.0,31,40,Needs constant monitoring,Probation,Not Started,Irregular attendance and extremely poor focus in class.,Struggles to participate,33.5,Poor
S-11113,REG-2026-2113,M,21,BS Computer Science,8,S2,50,16,32.0,1.04,1.11,20,52,36.0,27,29,35,51.0,37,40,Needs constant monitoring,Probation,Not Started,"Needs urgent improvement, counseling recommended.",Shy and inactive,38.15,Poor
S-11114,REG-2026-2114,M,20,BS AI,4,S3,50,39,78.0,3.03,3.07,62,75,68.5,68,71,75,69.0,57,55,Last-minute crammer,Good,Not Started,Average performance. Needs to focus more on lab work.,Participates occasionally,66.05,Good
S-11115,REG-2026-2115,M,20,BS Info Tech,2,S1,50,15,30.0,1.99,2.2,44,26,35.0,39,43,38,50.0,48,29,Rarely studies,Needs Improvement,Not Started,Lacks fundamental understanding of the subject matter.,Shy and inactive,41.85,Poor
S-11116,REG-2026-2116,M,18,BS AI,1,S1,50,44,89.0,3.7,3.95,98,89,93.5,93,90,80,88.0,89,99,Very consistent,Excellent,Completed,Shows excellent leadership and analytical skills.,Shows leadership in sports,89.2,Excellent
S-11117,REG-2026-2117,M,25,BS Software Eng,4,S2,50,30,60.0,1.66,1.78,23,42,32.5,45,46,47,35.0,23,47,Last-minute crammer,Probation,Not Started,Frequently misses deadlines and lacks motivation.,Shy and inactive,37.6,Poor
S-11118,REG-2026-2118,M,23,BS Software Eng,5,S2,50,38,77.0,3.12,3.4,75,72,73.5,63,66,70,66.0,64,72,Last-minute crammer,Good,Not Started,Good effort but needs more consistency in assignments.,Participates occasionally,67.85,Good
S-11119,REG-2026-2119,M,22,BS Computer Science,7,S2,50,32,65.0,2.83,2.91,73,55,64.0,67,75,78,70.0,76,73,Needs some guidance,Good,Ongoing,Average performance. Needs to focus more on lab work.,Average sports player,72.5,Good
S-11120,REG-2026-2120,F,22,BS Computer Science,3,S2,50,35,71.0,2.63,2.73,67,60,63.5,73,63,58,61.0,61,64,Occasional studier,Warning,Not Started,Good effort but needs more consistency in assignments.,Participates occasionally,62.4,Average
S-11121,REG-2026-2121,M,21,BS Computer Science,1,S3,50,23,47.0,1.73,1.56,24,30,27.0,53,43,37,26.0,31,37,Rarely studies,Warning,Not Started,Irregular attendance and extremely poor focus in class.,No interest,34.2,Poor
S-11122,REG-2026-2122,F,19,BS Software Eng,7,S2,50,37,74.0,2.71,2.45,64,68,66.0,74,64,77,58.0,66,56,Needs some guidance,Good,Not Started,"Participates occasionally, can definitely do better.",Participates occasionally,65.65,Good
S-11123,REG-2026-2123,F,23,BS Software Eng,6,S2,50,44,88.0,3.8,3.51,96,98,97.0,99,85,81,98.0,92,93,Very consistent,Excellent,Completed,Brilliant understanding of core concepts. A joy to teach.,Outstanding performer in arts,91.6,Excellent
S-11124,REG-2026-2124,M,25,BS Computer Science,5,S3,50,49,98.0,3.81,3.99,87,85,86.0,83,94,88,86.0,86,91,Highly focused,Excellent,Completed,Outstanding performance throughout the semester.,Shows leadership in sports,88.05,Excellent
S-11125,REG-2026-2125,M,20,BS AI,5,S3,50,49,98.0,3.73,3.94,84,89,86.5,96,83,89,99.0,88,94,Very consistent,Excellent,Completed,Outstanding performance throughout the semester.,Active club president,91.2,Excellent
S-11126,REG-2026-2126,F,24,BS AI,6,S3,50,39,78.0,3.38,3.44,55,70,62.5,65,66,64,58.0,62,59,Needs some guidance,Good,Not Started,Good effort but needs more consistency in assignments.,Average sports player,62.6,Average
S-11127,REG-2026-2127,M,19,BS Software Eng,2,S3,50,38,72.69,3.21,3.49,74,72,73.0,60,65,72,66.03,78,73,Last-minute crammer,Good,Not Started,Understands the basics but struggles with complex logic.,Average sports player,69.65,Good
S-11128,REG-2026-2128,F,25,BS Info Tech,5,S2,50,34,69.0,2.8,2.75,75,66,70.5,72,59,69,74.0,64,66,Needs some guidance,Good,Not Started,Average performance. Needs to focus more on lab work.,Average sports player,67.75,Good
S-11129,REG-2026-2129,M,18,BS Software Eng,8,S1,50,46,93.0,3.86,3.88,92,87,89.5,81,91,96,99.0,87,83,Highly focused,Excellent,Completed,"Highly proactive, consistent, and quick learner.",Outstanding performer in arts,91.0,Excellent
S-11130,REG-2026-2130,M,24,BS Data Science,2,S2,50,34,69.0,3.05,2.81,62,70,66.0,56,75,67,67.0,77,74,Needs some guidance,Good,Ongoing,Understands the basics but struggles with complex logic.,Average sports player,70.45,Good
S-11131,REG-2026-2131,M,20,BS Computer Science,7,S3,50,38,77.0,2.5,2.36,55,55,55.0,75,67,78,74.0,60,55,Needs some guidance,Warning,Ongoing,Good effort but needs more consistency in assignments.,Participates occasionally,66.8,Good
S-11132,REG-2026-2132,M,24,BS Software Eng,5,S2,50,37,74.0,3.06,3.28,73,67,70.0,69,68,74,73.0,66,63,Needs some guidance,Warning,Not Started,Understands the basics but struggles with complex logic.,Learning basics of music,69.45,Good
S-11133,REG-2026-2133,M,18,BS AI,2,S2,50,44,88.0,3.7,3.88,95,98,96.5,96,94,88,82.0,81,97,Very consistent,Excellent,Completed,Shows excellent leadership and analytical skills.,Active club president,87.8,Excellent
S-11134,REG-2026-2134,M,22,BS Data Science,6,S1,50,39,78.0,2.88,2.61,75,70,72.5,69,61,76,62.0,60,65,Last-minute crammer,Warning,Ongoing,Average performance. Needs to focus more on lab work.,Average sports player,66.0,Good
S-11135,REG-2026-2135,M,24,BS Software Eng,3,S3,50,33,66.0,3.24,3.11,57,65,61.0,61,59,71,77.0,75,57,Occasional studier,Good,Not Started,Good effort but needs more consistency in assignments.,Participates occasionally,68.85,Good
S-11136,REG-2026-2136,F,19,BS Software Eng,3,S3,50,47,94.0,3.9,3.96,91,96,93.5,93,80,80,95.0,97,84,Very consistent,Excellent,Completed,Brilliant understanding of core concepts. A joy to teach.,Outstanding performer in arts,90.35,Excellent
S-11137,REG-2026-2137,F,24,BS AI,8,S2,50,36,72.0,2.8,3.0,70,60,65.0,73,76,78,71.0,66,64,Occasional studier,Good,Ongoing,"Participates occasionally, can definitely do better.",Average sports player,70.15,Good
S-11138,REG-2026-2138,F,24,BS Info Tech,4,S1,50,41,82.0,2.64,2.65,76,58,67.0,67,74,65,57.0,59,75,Needs some guidance,Warning,Not Started,Understands the basics but struggles with complex logic.,Learning basics of music,64.95,Average
S-11139,REG-2026-2139,M,25,BS AI,4,S1,50,37,74.0,3.34,3.17,68,69,68.5,76,66,57,66.0,68,64,Last-minute crammer,Good,Ongoing,Good effort but needs more consistency in assignments.,Learning basics of music,66.1,Good
S-11140,REG-2026-2140,F,18,BS Data Science,5,S2,50,15,30.0,1.97,1.75,27,39,33.0,47,49,28,47.0,25,50,Rarely studies,Warning,Not Started,Frequently misses deadlines and lacks motivation.,Struggles to participate,36.9,Poor
S-11141,REG-2026-2141,M,18,BS Software Eng,6,S2,50,39,78.0,3.45,3.74,78,60,69.0,69,73,68,55.0,65,60,Last-minute crammer,Warning,Ongoing,Average performance. Needs to focus more on lab work.,Learning basics of music,65.0,Good
S-11142,REG-2026-2142,M,24,BS Computer Science,3,S3,50,40,80.0,2.98,3.0,66,60,63.0,65,74,59,78.0,66,63,Occasional studier,Warning,Not Started,"Participates occasionally, can definitely do better.",Learning basics of music,68.2,Good
S-11143,REG-2026-2143,F,21,BS Data Science,1,S2,50,38,76.0,3.22,3.29,75,62,68.5,73,67,73,73.0,58,59,Needs some guidance,Warning,Not Started,Good effort but needs more consistency in assignments.,Average sports player,66.95,Good
S-11144,REG-2026-2144,F,24,BS Data Science,7,S3,50,47,94.0,3.64,3.4,91,89,90.0,81,98,92,81.0,97,87,Highly focused,Excellent,Completed,Shows excellent leadership and analytical skills.,Outstanding performer in arts,90.5,Excellent
S-11145,REG-2026-2145,F,20,BS Data Science,3,S1,50,34,68.0,2.58,2.65,69,68,68.5,62,68,58,63.0,73,63,Occasional studier,Good,Ongoing,Good effort but needs more consistency in assignments.,Average sports player,66.0,Good
S-11146,REG-2026-2146,F,20,BS Data Science,6,S1,50,17,34.0,1.8,2.05,20,48,34.0,42,26,53,32.0,40,27,Needs constant monitoring,Probation,Not Started,Lacks fundamental understanding of the subject matter.,Struggles to participate,36.85,Poor
S-11147,REG-2026-2147,F,24,BS Software Eng,6,S3,50,37,74.0,2.82,3.06,75,57,66.0,60,66,76,73.0,74,66,Needs some guidance,Warning,Ongoing,Average performance. Needs to focus more on lab work.,Average sports player,71.0,Good
S-11148,REG-2026-2148,F,18,BS Info Tech,1,S1,50,34,68.0,3.22,3.43,61,55,58.0,70,67,73,74.0,76,63,Needs some guidance,Good,Not Started,"Participates occasionally, can definitely do better.",Participates occasionally,70.45,Good
S-11149,REG-2026-2149,M,22,BS Software Eng,4,S1,50,45,90.0,3.72,3.98,84,81,82.5,92,92,97,89.0,99,90,Highly focused,Excellent,Completed,Outstanding performance throughout the semester.,Shows leadership in sports,92.65,Excellent
S-11150,REG-2026-2150,M,18,BS AI,7,S2,50,46,92.0,3.93,4.0,94,94,94.0,86,86,95,93.0,89,95,Very consistent,Excellent,Completed,Outstanding performance throughout the semester.,Shows leadership in sports,91.5,Excellent
S-11151,REG-2026-2151,M,23,BS Software Eng,3,S2,50,33,72.69,2.83,2.72,77,67,72.0,63,68,69,75.0,55,69,Occasional studier,Good,Ongoing,Good effort but needs more consistency in assignments.,Learning basics of music,66.5,Good
S-11152,REG-2026-2152,M,23,BS Data Science,7,S3,50,41,83.0,2.88,2.84,61,69,65.0,70,55,78,59.0,67,72,Occasional studier,Warning,Ongoing,"Participates occasionally, can definitely do better.",Average sports player,67.1,Good
S-11153,REG-2026-2153,M,19,BS Software Eng,4,S2,50,45,90.0,3.74,3.7,88,95,91.5,87,94,96,94.0,85,84,Highly focused,Excellent,Completed,Shows excellent leadership and analytical skills.,Outstanding performer in arts,90.25,Excellent
S-11154,REG-2026-2154,M,18,BS AI,6,S1,50,37,74.0,2.84,2.74,73,69,71.0,74,64,75,58.0,68,61,Occasional studier,Warning,Not Started,"Participates occasionally, can definitely do better.",Average sports player,66.85,Good
S-11155,REG-2026-2155,F,25,BS Data Science,5,S2,50,38,72.69,3.01,2.8,65,61,63.0,65,58,69,57.0,65,63,Occasional studier,Warning,Ongoing,Good effort but needs more consistency in assignments.,Participates occasionally,63.45,Average
S-11156,REG-2026-2156,M,19,BS Computer Science,1,S2,50,36,73.0,2.86,2.76,74,67,70.5,73,61,75,73.0,60,64,Needs some guidance,Warning,Ongoing,"Participates occasionally, can definitely do better.",Learning basics of music,67.7,Good
S-11157,REG-2026-2157,F,18,BS Data Science,5,S2,50,25,50.0,1.83,1.69,22,24,23.0,29,35,50,37.0,50,24,Rarely studies,Warning,Not Started,"Needs urgent improvement, counseling recommended.",Shy and inactive,39.55,Poor
S-11158,REG-2026-2158,M,24,BS Info Tech,7,S1,50,34,69.0,3.07,3.32,61,75,68.0,61,57,65,61.0,76,56,Last-minute crammer,Warning,Not Started,"Participates occasionally, can definitely do better.",Learning basics of music,65.55,Good
S-11159,REG-2026-2159,F,24,BS AI,6,S3,50,31,62.0,1.69,1.96,30,34,32.0,29,30,29,52.0,24,39,Needs constant monitoring,Warning,Not Started,Frequently misses deadlines and lacks motivation.,Shy and inactive,35.4,Poor
S-11160,REG-2026-2160,M,25,BS AI,4,S3,50,35,71.0,3.3,3.26,60,76,68.0,71,59,75,56.0,70,67,Needs some guidance,Warning,Not Started,"Participates occasionally, can definitely do better.",Learning basics of music,66.45,Good
S-11161,REG-2026-2161,F,19,BS Info Tech,7,S1,50,41,82.0,3.14,3.14,74,65,69.5,70,78,77,57.0,65,56,Needs some guidance,Good,Not Started,Average performance. Needs to focus more on lab work.,Participates occasionally,67.15,Good
S-11162,REG-2026-2162,M,25,BS Info Tech,3,S3,50,37,75.0,3.42,3.38,75,57,66.0,71,74,69,70.0,55,77,Last-minute crammer,Good,Not Started,Understands the basics but struggles with complex logic.,Average sports player,67.1,Good
S-11163,REG-2026-2163,F,23,BS Software Eng,1,S1,50,21,42.0,1.52,1.78,51,40,45.5,46,35,34,51.0,51,46,Last-minute crammer,Needs Improvement,Not Started,Frequently misses deadlines and lacks motivation.,Shy and inactive,45.1,Poor
S-11164,REG-2026-2164,F,22,BS Data Science,5,S1,50,36,72.0,2.76,2.84,72,63,67.5,62,67,72,78.0,66,55,Occasional studier,Warning,Not Started,No feedback provided,Participates occasionally,68.55,Good
S-11165,REG-2026-2165,F,24,BS AI,4,S3,50,20,72.69,1.61,2.91,21,41,31.0,28,36,49,35.0,51,29,Rarely studies,Probation,Not Started,Lacks fundamental understanding of the subject matter.,Shy and inactive,40.15,Poor
S-11166,REG-2026-2166,M,22,BS Software Eng,7,S3,50,41,83.0,3.18,3.15,72,76,74.0,73,71,70,57.0,62,70,Occasional studier,Good,Ongoing,"Participates occasionally, can definitely do better.",Participates occasionally,66.7,Good
S-11167,REG-2026-2167,M,21,BS Software Eng,8,S1,50,45,90.0,3.65,3.73,95,88,91.5,95,84,93,96.0,93,97,Regular studier,Excellent,Completed,Shows excellent leadership and analytical skills.,Shows leadership in sports,92.9,Excellent
S-11168,REG-2026-2168,F,18,BS Computer Science,2,S3,50,33,67.0,3.46,3.5,56,64,60.0,75,78,62,72.0,68,64,Occasional studier,Good,Ongoing,Average performance. Needs to focus more on lab work.,Participates occasionally,68.0,Good
S-11169,REG-2026-2169,F,24,BS Software Eng,4,S3,50,49,98.0,3.58,3.74,95,83,89.0,98,93,94,89.0,99,91,Very consistent,Excellent,Completed,Outstanding performance throughout the semester.,Active club president,93.75,Excellent
S-11170,REG-2026-2170,M,20,BS Info Tech,7,S2,50,48,97.0,3.78,3.78,89,91,90.0,90,85,92,94.0,83,84,Highly focused,Excellent,Completed,Outstanding performance throughout the semester.,Active club president,88.6,Excellent
S-11171,REG-2026-2171,M,22,BS Data Science,3,S3,50,35,71.0,2.59,2.59,63,67,65.0,72,73,60,65.0,61,62,Occasional studier,Good,Not Started,Good effort but needs more consistency in assignments.,Average sports player,64.4,Average
S-11172,REG-2026-2172,M,18,BS Software Eng,4,S2,50,16,32.0,1.37,1.29,32,49,40.5,29,22,49,43.0,20,39,Last-minute crammer,Needs Improvement,Not Started,Frequently misses deadlines and lacks motivation.,Struggles to participate,34.15,Poor
S-11173,REG-2026-2173,M,23,BS Data Science,1,S2,50,32,72.69,3.22,3.14,73,57,65.0,77,67,72,72.0,78,78,Occasional studier,Warning,Not Started,Good effort but needs more consistency in assignments.,Learning basics of music,72.8,Good
S-11174,REG-2026-2174,F,20,BS AI,7,S3,50,38,77.0,2.75,2.76,57,61,59.0,61,61,78,78.0,70,61,Last-minute crammer,Warning,Not Started,Understands the basics but struggles with complex logic.,Participates occasionally,69.8,Good
S-11175,REG-2026-2175,F,23,BS AI,3,S2,50,35,71.0,3.06,3.17,58,71,64.5,59,75,61,70.0,74,57,Last-minute crammer,Warning,Ongoing,Understands the basics but struggles with complex logic.,Average sports player,67.8,Good
S-11176,REG-2026-2176,F,19,BS Software Eng,8,S1,50,39,78.0,3.11,3.1,76,72,74.0,74,72,56,61.0,59,64,Occasional studier,Warning,Not Started,Average performance. Needs to focus more on lab work.,Participates occasionally,63.95,Average
S-11177,REG-2026-2177,M,21,BS Software Eng,3,S3,50,34,68.0,2.66,2.85,71,74,72.5,55,55,59,77.0,73,59,Last-minute crammer,Good,Not Started,Good effort but needs more consistency in assignments.,Participates occasionally,67.3,Good
S-11178,REG-2026-2178,F,20,BS Data Science,8,S3,50,38,76.0,2.66,2.48,63,73,68.0,77,73,57,66.03,55,66,Last-minute crammer,Good,Ongoing,Good effort but needs more consistency in assignments.,Learning basics of music,64.05,Average
S-11179,REG-2026-2179,M,24,BS Computer Science,4,S3,50,38,76.0,2.85,2.89,70,62,66.0,64,64,69,78.0,60,69,Needs some guidance,Good,Not Started,Good effort but needs more consistency in assignments.,Participates occasionally,67.85,Good
S-11180,REG-2026-2180,M,19,BS AI,4,S3,50,40,81.0,3.3,3.29,65,65,65.0,66,66,68,67.0,67,72,Last-minute crammer,Warning,Not Started,Good effort but needs more consistency in assignments.,Average sports player,68.0,Good
S-11181,REG-2026-2181,F,20,BS Data Science,8,S3,50,41,82.0,3.42,3.51,77,69,73.0,64,73,70,64.0,73,74,Last-minute crammer,Good,Ongoing,Average performance. Needs to focus more on lab work.,Average sports player,70.85,Good
S-11182,REG-2026-2182,M,20,BS Software Eng,3,S3,50,45,90.0,3.52,3.51,87,99,93.0,87,82,90,83.0,90,98,Very consistent,Excellent,Completed,Brilliant understanding of core concepts. A joy to teach.,Outstanding performer in arts,88.75,Excellent
S-11183,REG-2026-2183,M,22,BS AI,2,S1,50,34,69.0,2.64,2.75,59,75,67.0,74,70,55,58.0,56,72,Last-minute crammer,Warning,Ongoing,Good effort but needs more consistency in assignments.,Average sports player,61.9,Average
S-11184,REG-2026-2184,M,20,BS Software Eng,2,S2,50,38,76.0,3.38,3.26,55,56,55.5,60,66,74,61.0,65,65,Needs some guidance,Warning,Ongoing,Understands the basics but struggles with complex logic.,Average sports player,65.0,Good
S-11185,REG-2026-2185,F,19,BS Computer Science,5,S3,50,38,77.0,3.03,3.32,69,73,71.0,74,57,71,60.0,70,71,Needs some guidance,Good,Not Started,Understands the basics but struggles with complex logic.,Participates occasionally,67.6,Good
S-11186,REG-2026-2186,F,18,BS AI,6,S1,50,49,98.0,3.79,3.81,84,96,90.0,81,90,82,98.0,99,95,Regular studier,Excellent,Completed,Outstanding performance throughout the semester.,Outstanding performer in arts,93.1,Excellent
S-11187,REG-2026-2187,F,24,BS Data Science,5,S3,50,34,69.0,2.69,2.47,73,65,69.0,77,66,65,71.0,56,56,Last-minute crammer,Warning,Not Started,"Participates occasionally, can definitely do better.",Average sports player,64.35,Average
S-11188,REG-2026-2188,F,24,BS Info Tech,1,S3,50,42,85.0,3.81,3.94,98,80,89.0,86,87,87,92.0,94,86,Very consistent,Excellent,Completed,"Highly proactive, consistent, and quick learner.",Shows leadership in sports,89.7,Excellent
S-11189,REG-2026-2189,M,24,BS AI,7,S2,50,27,54.0,1.55,1.74,27,26,26.5,22,39,34,42.0,20,49,Last-minute crammer,Probation,Not Started,Frequently misses deadlines and lacks motivation.,Shy and inactive,33.75,Poor
S-11190,REG-2026-2190,M,20,BS AI,7,S1,50,45,91.0,3.54,3.35,84,96,90.0,98,91,92,81.0,89,99,Regular studier,Excellent,Completed,Outstanding performance throughout the semester.,Shows leadership in sports,89.7,Excellent
S-11191,REG-2026-2191,F,22,BS Info Tech,6,S1,50,35,70.0,3.15,2.89,69,56,62.5,71,72,66,61.0,68,55,Last-minute crammer,Good,Not Started,No feedback provided,Participates occasionally,65.1,Good
S-11192,REG-2026-2192,F,21,BS AI,5,S2,50,47,95.0,3.77,3.87,89,97,93.0,91,85,84,81.0,97,81,Highly focused,Excellent,Completed,Outstanding performance throughout the semester.,Outstanding performer in arts,88.25,Excellent
S-11193,REG-2026-2193,F,24,BS Data Science,8,S3,50,41,83.0,2.69,2.83,67,73,70.0,59,75,76,65.0,62,57,Needs some guidance,Warning,Ongoing,Average performance. Needs to focus more on lab work.,Participates occasionally,67.2,Good
S-11194,REG-2026-2194,M,18,BS Computer Science,6,S1,50,21,43.0,1.77,1.84,28,33,30.5,29,44,30,34.0,53,41,Needs constant monitoring,Warning,Not Started,Frequently misses deadlines and lacks motivation.,No interest,39.7,Poor
S-11195,REG-2026-2195,M,18,BS Computer Science,7,S1,50,33,67.0,3.1,2.94,56,69,62.5,75,55,68,60.0,59,61,Last-minute crammer,Good,Ongoing,Average performance. Needs to focus more on lab work.,Learning basics of music,61.9,Average
S-11196,REG-2026-2196,F,18,BS Info Tech,4,S3,50,34,68.0,2.94,2.93,73,57,65.0,69,78,70,61.0,60,78,Needs some guidance,Warning,Ongoing,Average performance. Needs to focus more on lab work.,Average sports player,66.65,Good
S-11197,REG-2026-2197,M,19,BS Data Science,5,S3,50,49,99.0,3.78,3.73,89,81,85.0,83,80,95,80.0,95,85,Very consistent,Excellent,Completed,Brilliant understanding of core concepts. A joy to teach.,Active club president,88.1,Excellent
S-11198,REG-2026-2198,F,18,BS Info Tech,2,S2,50,34,69.0,3.36,3.18,61,68,64.5,62,73,67,78.0,63,61,Occasional studier,Good,Not Started,Average performance. Needs to focus more on lab work.,Participates occasionally,67.8,Good
S-11199,REG-2026-2199,M,23,BS Info Tech,6,S1,50,25,51.0,1.67,1.47,33,42,37.5,44,33,49,24.0,24,51,Last-minute crammer,Needs Improvement,Not Started,Lacks fundamental understanding of the subject matter.,No interest,35.05,Poor
S-11200,REG-2026-2200,F,21,BS Software Eng,4,S2,50,41,82.0,3.38,2.91,56,67,61.5,64,73,74,64.0,69,69,Occasional studier,Warning,Ongoing,"Participates occasionally, can definitely do better.",Average sports player,68.8,Good
S-11201,REG-2026-2201,F,23,BS Data Science,5,S2,50,37,75.0,2.65,2.78,66,66,66.0,59,66,55,55.0,78,70,Occasional studier,Warning,Ongoing,Average performance. Needs to focus more on lab work.,Learning basics of music,65.65,Good
S-11202,REG-2026-2202,F,25,BS Computer Science,2,S1,50,49,98.0,4.0,3.88,97,84,90.5,98,96,98,82.0,96,92,Regular studier,Excellent,Completed,Outstanding performance throughout the semester.,Active club president,92.75,Excellent
S-11203,REG-2026-2203,F,20,BS AI,1,S3,50,35,71.0,3.03,3.16,71,57,64.0,61,58,71,72.0,58,59,Needs some guidance,Warning,Not Started,Good effort but needs more consistency in assignments.,Average sports player,64.25,Average
S-11204,REG-2026-2204,M,25,BS AI,3,S3,50,37,74.0,2.89,3.13,76,56,66.0,77,57,72,61.0,60,73,Last-minute crammer,Good,Not Started,"Participates occasionally, can definitely do better.",Participates occasionally,65.15,Good
S-11205,REG-2026-2205,M,23,BS AI,5,S1,50,24,48.0,2.0,2.02,52,29,40.5,43,31,23,33.0,43,22,Needs constant monitoring,Needs Improvement,Not Started,Irregular attendance and extremely poor focus in class.,Struggles to participate,34.7,Poor
S-11206,REG-2026-2206,F,20,BS Data Science,6,S2,50,33,66.0,2.89,2.78,61,60,60.5,65,70,77,55.0,62,55,Occasional studier,Warning,Not Started,Good effort but needs more consistency in assignments.,Learning basics of music,63.15,Average
S-11207,REG-2026-2207,F,25,BS AI,8,S1,50,43,87.0,3.8,3.99,82,99,90.5,91,88,95,87.0,90,97,Highly focused,Excellent,Completed,Shows excellent leadership and analytical skills.,Outstanding performer in arts,90.6,Excellent
S-11208,REG-2026-2208,M,20,BS Data Science,2,S1,50,18,36.0,1.75,1.97,39,38,38.5,46,48,44,34.0,24,29,Needs constant monitoring,Warning,Not Started,Irregular attendance and extremely poor focus in class.,Struggles to participate,35.05,Poor
S-11209,REG-2026-2209,M,23,BS Software Eng,3,S1,50,40,80.0,3.36,3.46,55,69,62.0,77,60,61,59.0,71,70,Last-minute crammer,Good,Ongoing,Average performance. Needs to focus more on lab work.,Average sports player,65.75,Good
S-11210,REG-2026-2210,F,25,BS Info Tech,5,S3,50,33,67.0,3.31,3.24,78,63,70.5,58,57,66,57.0,70,58,Last-minute crammer,Good,Ongoing,Good effort but needs more consistency in assignments.,Participates occasionally,63.6,Average
S-11211,REG-2026-2211,M,21,BS AI,5,S3,50,47,95.0,3.61,3.52,87,88,87.5,87,96,81,97.0,97,89,Regular studier,Excellent,Completed,Outstanding performance throughout the semester.,Outstanding performer in arts,92.15,Excellent
S-11212,REG-2026-2212,M,22,BS Data Science,1,S1,50,43,87.0,3.82,3.56,96,89,92.5,97,89,83,82.0,85,90,Highly focused,Excellent,Completed,"Highly proactive, consistent, and quick learner.",Outstanding performer in arts,86.45,Excellent
S-11213,REG-2026-2213,F,19,BS Software Eng,7,S2,50,34,68.0,2.74,2.99,63,68,65.5,70,76,70,63.0,73,68,Last-minute crammer,Good,Ongoing,Good effort but needs more consistency in assignments.,Learning basics of music,69.2,Good
S-11214,REG-2026-2214,F,23,BS Info Tech,4,S2,50,36,73.0,3.2,3.38,73,68,70.5,65,68,68,57.0,73,67,Last-minute crammer,Warning,Not Started,"Participates occasionally, can definitely do better.",Average sports player,67.3,Good
S-11215,REG-2026-2215,M,23,BS Software Eng,2,S2,50,47,95.0,3.91,3.74,94,81,87.5,96,81,88,85.0,96,88,Regular studier,Excellent,Completed,Shows excellent leadership and analytical skills.,Outstanding performer in arts,89.4,Excellent
S-11216,REG-2026-2216,F,23,BS Info Tech,4,S3,50,48,96.0,3.72,3.46,99,91,95.0,83,94,99,96.0,85,86,Highly focused,Excellent,Completed,Outstanding performance throughout the semester.,Outstanding performer in arts,91.75,Excellent
S-11217,REG-2026-2217,F,25,BS Computer Science,8,S2,50,40,81.0,2.61,2.63,73,55,64.0,66,71,67,65.0,64,61,Last-minute crammer,Warning,Ongoing,Understands the basics but struggles with complex logic.,Average sports player,66.0,Good
S-11218,REG-2026-2218,M,22,BS Computer Science,6,S1,50,43,86.0,3.76,3.83,98,84,91.0,86,82,84,93.0,88,83,Regular studier,Excellent,Completed,Shows excellent leadership and analytical skills.,Shows leadership in sports,87.4,Excellent
S-11219,REG-2026-2219,M,18,BS Data Science,8,S3,50,33,66.0,3.19,3.12,67,69,68.0,73,76,73,62.0,63,64,Needs some guidance,Good,Ongoing,"Participates occasionally, can definitely do better.",Participates occasionally,66.85,Good
S-11220,REG-2026-2220,M,19,BS Software Eng,2,S1,50,39,79.0,2.57,2.51,55,71,63.0,68,74,61,64.0,59,68,Last-minute crammer,Warning,Ongoing,Average performance. Needs to focus more on lab work.,Learning basics of music,64.55,Average
S-11221,REG-2026-2221,M,20,BS Computer Science,3,S1,50,40,81.0,3.11,3.22,55,73,64.0,69,68,56,74.0,75,57,Occasional studier,Warning,Ongoing,Understands the basics but struggles with complex logic.,Learning basics of music,68.35,Good
S-11222,REG-2026-2222,M,19,BS Info Tech,8,S3,50,30,61.0,2.23,1.97,29,28,28.5,45,21,25,31.0,25,46,Last-minute crammer,Probation,Not Started,Frequently misses deadlines and lacks motivation.,No interest,31.05,Poor
S-11223,REG-2026-2223,F,25,BS Info Tech,1,S2,50,22,45.0,1.87,1.78,47,37,42.0,24,45,22,39.0,31,41,Last-minute crammer,Warning,Not Started,"Needs urgent improvement, counseling recommended.",Shy and inactive,35.1,Poor
S-11224,REG-2026-2224,F,23,BS Data Science,7,S1,50,23,47.0,2.0,2.0,35,50,42.5,41,40,34,48.0,36,31,Needs constant monitoring,Probation,Not Started,Irregular attendance and extremely poor focus in class.,Struggles to participate,39.45,Poor
S-11225,REG-2026-2225,F,25,BS Data Science,5,S2,50,46,92.0,3.55,3.45,92,87,89.5,85,99,97,82.0,99,94,Regular studier,Excellent,Completed,Outstanding performance throughout the semester.,Shows leadership in sports,92.8,Excellent
S-11226,REG-2026-2226,F,21,BS Computer Science,3,S3,50,34,68.0,3.4,3.13,55,56,55.5,55,62,67,75.0,76,74,Needs some guidance,Warning,Not Started,"Participates occasionally, can definitely do better.",Participates occasionally,69.35,Good
S-11227,REG-2026-2227,M,24,BS AI,2,S1,50,35,71.0,3.0,2.77,74,77,75.5,67,64,70,58.0,55,61,Occasional studier,Good,Not Started,Average performance. Needs to focus more on lab work.,Participates occasionally,62.8,Average
S-11228,REG-2026-2228,M,22,BS Computer Science,4,S2,50,49,99.0,3.93,3.69,81,81,81.0,91,84,88,97.0,90,87,Very consistent,Excellent,Completed,Outstanding performance throughout the semester.,Active club president,89.8,Excellent
S-11229,REG-2026-2229,F,22,BS Computer Science,3,S3,50,35,70.0,2.71,2.82,57,70,63.5,56,65,78,70.0,56,69,Last-minute crammer,Warning,Not Started,Average performance. Needs to focus more on lab work.,Participates occasionally,65.75,Good
S-11230,REG-2026-2230,M,25,BS Software Eng,2,S1,50,38,76.0,2.82,3.11,75,59,67.0,69,59,59,73.0,74,64,Last-minute crammer,Good,Not Started,Average performance. Needs to focus more on lab work.,Participates occasionally,68.2,Good
S-11231,REG-2026-2231,F,18,BS AI,7,S1,50,35,70.0,2.52,2.6,61,56,58.5,76,67,77,67.0,75,63,Last-minute crammer,Warning,Ongoing,Good effort but needs more consistency in assignments.,Participates occasionally,69.85,Good
S-11232,REG-2026-2232,M,25,BS Info Tech,5,S1,50,30,61.0,1.97,2.12,29,32,30.5,35,50,31,42.0,29,52,Last-minute crammer,Probation,Not Started,Irregular attendance and extremely poor focus in class.,Struggles to participate,38.35,Poor
S-11233,REG-2026-2233,F,19,BS Computer Science,7,S1,50,34,69.0,2.56,2.38,75,70,72.5,73,58,61,76.0,58,69,Last-minute crammer,Good,Not Started,Understands the basics but struggles with complex logic.,Participates occasionally,65.9,Good
S-11234,REG-2026-2234,M,24,BS Computer Science,6,S2,50,44,89.0,3.93,3.92,86,82,84.0,95,88,93,98.0,93,80,Highly focused,Excellent,Completed,Shows excellent leadership and analytical skills.,Outstanding performer in arts,91.2,Excellent
S-11235,REG-2026-2235,M,22,BS Data Science,6,S1,50,28,57.0,2.33,2.34,23,32,27.5,53,50,43,31.0,48,47,Last-minute crammer,Warning,Not Started,"Needs urgent improvement, counseling recommended.",No interest,42.6,Poor
S-11236,REG-2026-2236,F,23,BS Software Eng,1,S2,50,36,72.0,2.88,3.02,74,55,64.5,58,61,58,65.0,67,68,Needs some guidance,Good,Ongoing,Average performance. Needs to focus more on lab work.,Learning basics of music,64.3,Average
S-11237,REG-2026-2237,M,20,BS Info Tech,3,S1,50,44,89.0,3.52,3.54,89,88,88.5,82,85,83,95.0,97,86,Highly focused,Excellent,Completed,Brilliant understanding of core concepts. A joy to teach.,Outstanding performer in arts,90.2,Excellent
S-11238,REG-2026-2238,F,23,BS Software Eng,7,S2,50,33,66.0,3.28,3.3,56,62,59.0,74,70,55,77.0,77,58,Last-minute crammer,Warning,Not Started,"Participates occasionally, can definitely do better.",Learning basics of music,68.6,Good
S-11239,REG-2026-2239,M,25,BS Computer Science,4,S1,50,41,83.0,2.53,2.75,62,71,66.5,71,63,57,63.0,74,72,Occasional studier,Warning,Ongoing,Good effort but needs more consistency in assignments.,Participates occasionally,67.5,Good
S-11240,REG-2026-2240,F,22,BS Data Science,5,S3,50,48,97.0,3.96,3.84,80,95,87.5,83,90,93,85.0,94,84,Regular studier,Excellent,Completed,Brilliant understanding of core concepts. A joy to teach.,Outstanding performer in arts,89.6,Excellent
S-11241,REG-2026-2241,M,19,BS Info Tech,1,S1,50,21,42.0,1.36,1.15,42,22,32.0,34,21,39,23.0,36,26,Needs constant monitoring,Warning,Not Started,Lacks fundamental understanding of the subject matter.,No interest,31.15,Poor
S-11242,REG-2026-2242,M,24,BS AI,4,S1,50,34,69.0,2.81,3.05,73,72,72.5,71,59,60,64.0,62,57,Occasional studier,Good,Ongoing,Average performance. Needs to focus more on lab work.,Average sports player,63.15,Average
S-11243,REG-2026-2243,M,21,BS Data Science,4,S3,50,40,80.0,3.23,3.4,75,74,74.5,75,69,64,73.0,74,76,Needs some guidance,Warning,Not Started,Good effort but needs more consistency in assignments.,Participates occasionally,72.4,Good
S-11244,REG-2026-2244,M,25,BS Computer Science,5,S3,50,49,99.0,3.97,3.91,81,98,89.5,84,82,98,89.0,98,82,Regular studier,Excellent,Completed,Outstanding performance throughout the semester.,Outstanding performer in arts,91.5,Excellent
S-11245,REG-2026-2245,M,20,BS AI,1,S1,50,36,72.0,3.47,3.21,69,77,73.0,64,58,55,69.0,75,61,Last-minute crammer,Good,Ongoing,Good effort but needs more consistency in assignments.,Participates occasionally,66.8,Good
S-11246,REG-2026-2246,M,21,BS AI,6,S3,50,34,68.0,2.69,2.56,58,78,68.0,61,63,66,76.0,65,68,Needs some guidance,Warning,Not Started,Understands the basics but struggles with complex logic.,Average sports player,67.7,Good
S-11247,REG-2026-2247,F,18,BS Computer Science,3,S2,50,22,44.0,2.48,2.47,21,21,21.0,41,26,30,32.0,50,38,Last-minute crammer,Probation,Not Started,Lacks fundamental understanding of the subject matter.,Shy and inactive,36.15,Poor
S-11248,REG-2026-2248,M,20,BS Software Eng,4,S1,50,30,61.0,1.6,1.79,38,26,32.0,31,23,49,43.0,37,22,Last-minute crammer,Warning,Not Started,Irregular attendance and extremely poor focus in class.,Struggles to participate,37.5,Poor
S-11249,REG-2026-2249,M,18,BS AI,4,S2,50,38,77.0,2.68,2.45,65,76,70.5,62,76,62,75.0,59,57,Needs some guidance,Warning,Not Started,Good effort but needs more consistency in assignments.,Participates occasionally,66.35,Good
S-11250,REG-2026-2250,F,20,BS Software Eng,6,S1,50,21,43.0,2.3,2.3,43,44,43.5,26,25,23,66.03,35,45,Rarely studies,Probation,Not Started,"Needs urgent improvement, counseling recommended.",Struggles to participate,35.8,Poor
S-11251,REG-2026-2251,F,22,BS Data Science,4,S1,50,41,82.0,3.43,3.51,75,59,67.0,72,71,72,59.0,75,77,Needs some guidance,Good,Not Started,"Participates occasionally, can definitely do better.",Participates occasionally,70.55,Good
S-11252,REG-2026-2252,M,18,BS Data Science,1,S1,50,37,75.0,2.61,2.67,61,56,58.5,69,78,71,72.0,65,66,Occasional studier,Good,Ongoing,Understands the basics but struggles with complex logic.,Participates occasionally,68.75,Good
S-11253,REG-2026-2253,F,20,BS Data Science,2,S3,50,34,69.0,3.38,3.39,64,73,68.5,64,65,59,77.0,56,55,Last-minute crammer,Warning,Not Started,Understands the basics but struggles with complex logic.,Average sports player,63.75,Average
S-11254,REG-2026-2254,M,19,BS Computer Science,6,S1,50,43,86.0,3.74,3.98,87,95,91.0,90,93,86,94.0,87,89,Regular studier,Excellent,Completed,Shows excellent leadership and analytical skills.,Active club president,89.55,Excellent
S-11255,REG-2026-2255,M,23,BS Data Science,3,S1,50,35,71.0,2.86,2.87,74,61,67.5,77,64,78,55.0,76,74,Needs some guidance,Good,Ongoing,Good effort but needs more consistency in assignments.,Participates occasionally,69.65,Good
S-11256,REG-2026-2256,F,23,BS Software Eng,2,S3,50,43,86.0,3.96,3.99,93,87,90.0,89,90,89,89.0,83,89,Very consistent,Excellent,Completed,"Highly proactive, consistent, and quick learner.",Shows leadership in sports,87.55,Excellent
S-11257,REG-2026-2257,F,22,BS Computer Science,7,S3,50,40,81.0,3.19,2.91,61,64,62.5,70,73,65,62.0,66,75,Occasional studier,Warning,Not Started,"Participates occasionally, can definitely do better.",Participates occasionally,67.25,Good
S-11258,REG-2026-2258,F,19,BS AI,5,S1,50,43,86.0,3.74,3.5,98,89,93.5,88,97,91,66.03,82,82,Highly focused,Excellent,Completed,Outstanding performance throughout the semester.,Outstanding performer in arts,88.9,Excellent
S-11259,REG-2026-2259,F,24,BS Computer Science,6,S1,50,34,68.0,3.36,3.63,72,63,67.5,61,64,61,77.0,74,73,Needs some guidance,Good,Not Started,Understands the basics but struggles with complex logic.,Learning basics of music,69.95,Good
S-11260,REG-2026-2260,F,19,BS AI,8,S1,50,17,35.0,2.22,2.32,52,53,52.5,39,39,24,48.0,46,32,Needs constant monitoring,Warning,Not Started,"Needs urgent improvement, counseling recommended.",No interest,40.75,Poor
S-11261,REG-2026-2261,F,18,BS Data Science,2,S1,50,44,89.0,3.51,3.29,97,89,93.0,97,84,86,95.0,88,99,Very consistent,Excellent,Completed,"Highly proactive, consistent, and quick learner.",Active club president,90.8,Excellent
S-11262,REG-2026-2262,F,25,BS Software Eng,2,S1,50,25,72.69,1.91,1.64,20,29,24.5,25,30,21,33.0,52,41,Last-minute crammer,Needs Improvement,Not Started,Frequently misses deadlines and lacks motivation.,No interest,36.05,Poor
S-11263,REG-2026-2263,M,20,BS Computer Science,1,S2,50,40,81.0,2.93,3.02,67,65,66.0,78,65,61,57.0,61,74,Last-minute crammer,Warning,Ongoing,"Participates occasionally, can definitely do better.",Learning basics of music,64.25,Average
S-11264,REG-2026-2264,F,22,BS Software Eng,8,S2,50,48,96.0,3.73,3.43,90,89,89.5,99,94,99,86.0,86,93,Very consistent,Excellent,Completed,Outstanding performance throughout the semester.,Shows leadership in sports,90.95,Excellent
S-11265,REG-2026-2265,M,19,BS Data Science,3,S3,50,43,86.0,3.6,3.45,88,86,87.0,91,80,95,87.0,92,96,Regular studier,Excellent,Completed,"Highly proactive, consistent, and quick learner.",Shows leadership in sports,89.8,Excellent
S-11266,REG-2026-2266,F,22,BS Info Tech,1,S2,50,32,65.0,2.7,2.68,67,60,63.5,77,58,57,60.0,68,66,Occasional studier,Good,Not Started,Average performance. Needs to focus more on lab work.,Average sports player,63.4,Average
S-11267,REG-2026-2267,M,20,BS AI,6,S1,50,40,80.0,2.89,3.07,77,67,72.0,67,64,66,72.0,71,74,Occasional studier,Warning,Not Started,"Participates occasionally, can definitely do better.",Average sports player,70.4,Good
S-11268,REG-2026-2268,F,18,BS Info Tech,3,S3,50,44,88.0,3.65,3.94,88,92,90.0,94,98,98,92.0,91,93,Regular studier,Excellent,Completed,Brilliant understanding of core concepts. A joy to teach.,Shows leadership in sports,93.05,Excellent
S-11269,REG-2026-2269,M,20,BS Software Eng,6,S2,50,31,63.0,2.31,2.91,20,45,32.5,23,30,27,37.0,30,32,Last-minute crammer,Needs Improvement,Not Started,Lacks fundamental understanding of the subject matter.,Struggles to participate,32.7,Poor
S-11270,REG-2026-2270,M,20,BS Info Tech,7,S1,50,21,43.0,2.03,2.19,20,49,34.5,41,22,52,45.0,39,22,Rarely studies,Probation,Not Started,Irregular attendance and extremely poor focus in class.,No interest,38.6,Poor
S-11271,REG-2026-2271,M,22,BS Info Tech,5,S3,50,41,82.0,3.32,3.35,66,72,69.0,75,73,64,65.0,74,55,Last-minute crammer,Good,Ongoing,Good effort but needs more consistency in assignments.,Participates occasionally,68.65,Good
S-11272,REG-2026-2272,M,19,BS AI,5,S1,50,36,72.0,2.72,2.84,66,75,70.5,57,67,68,62.0,74,63,Last-minute crammer,Good,Ongoing,Understands the basics but struggles with complex logic.,Learning basics of music,67.6,Good
S-11273,REG-2026-2273,F,24,BS Data Science,2,S2,50,35,70.0,3.0,2.74,72,71,71.5,57,75,66,59.0,72,64,Occasional studier,Good,Ongoing,No feedback provided,Participates occasionally,67.1,Good
S-11274,REG-2026-2274,M,19,BS Computer Science,7,S3,50,39,79.0,3.14,3.14,55,64,59.5,56,74,56,76.0,65,59,Needs some guidance,Warning,Ongoing,Average performance. Needs to focus more on lab work.,Average sports player,65.85,Good
S-11275,REG-2026-2275,F,24,BS Software Eng,1,S3,50,22,45.0,2.04,2.34,36,43,39.5,37,52,20,52.0,30,26,Needs constant monitoring,Probation,Not Started,Irregular attendance and extremely poor focus in class.,No interest,36.75,Poor
S-11276,REG-2026-2276,F,21,BS Data Science,3,S1,50,39,78.0,3.38,3.22,75,60,67.5,66,58,66,60.0,73,66,Needs some guidance,Warning,Ongoing,Good effort but needs more consistency in assignments.,Participates occasionally,66.5,Good
S-11277,REG-2026-2277,M,19,BS Software Eng,8,S3,50,46,93.0,3.9,3.63,88,90,89.0,89,88,93,80.0,98,99,Regular studier,Excellent,Completed,Outstanding performance throughout the semester.,Outstanding performer in arts,91.15,Excellent
S-11278,REG-2026-2278,F,23,BS Info Tech,7,S3,50,40,81.0,3.39,3.3,75,69,72.0,74,65,59,66.0,62,55,Needs some guidance,Good,Not Started,Understands the basics but struggles with complex logic.,Participates occasionally,64.5,Average
S-11279,REG-2026-2279,M,25,BS Data Science,7,S1,50,34,69.0,2.93,2.91,71,73,72.0,61,63,71,63.0,70,77,Needs some guidance,Warning,Not Started,Average performance. Needs to focus more on lab work.,Average sports player,68.45,Good
S-11280,REG-2026-2280,F,22,BS Computer Science,4,S3,50,48,97.0,3.98,3.78,86,83,84.5,84,98,89,94.0,83,95,Very consistent,Excellent,Completed,Brilliant understanding of core concepts. A joy to teach.,Shows leadership in sports,89.7,Excellent
S-11281,REG-2026-2281,M,18,BS Data Science,8,S1,50,37,74.0,3.38,3.53,75,74,74.5,74,75,57,77.0,70,67,Needs some guidance,Good,Ongoing,"Participates occasionally, can definitely do better.",Participates occasionally,70.5,Good
S-11282,REG-2026-2282,F,25,BS Computer Science,3,S3,50,32,65.0,3.34,3.17,73,72,72.5,73,62,57,66.03,77,61,Occasional studier,Warning,Not Started,Average performance. Needs to focus more on lab work.,Participates occasionally,66.85,Good
S-11283,REG-2026-2283,M,25,BS Info Tech,5,S1,50,43,87.0,3.57,3.66,81,83,82.0,88,80,84,97.0,92,84,Highly focused,Excellent,Completed,Outstanding performance throughout the semester.,Active club president,88.35,Excellent
S-11284,REG-2026-2284,F,20,BS Info Tech,3,S3,50,25,51.0,1.31,1.53,44,22,33.0,43,34,30,28.0,31,30,Rarely studies,Warning,Not Started,Irregular attendance and extremely poor focus in class.,Struggles to participate,32.25,Poor
S-11285,REG-2026-2285,M,22,BS Software Eng,7,S2,50,34,68.0,3.19,3.48,76,61,68.5,55,78,78,68.0,75,75,Occasional studier,Warning,Not Started,Good effort but needs more consistency in assignments.,Average sports player,72.35,Good
S-11286,REG-2026-2286,F,24,BS Info Tech,2,S2,50,44,89.0,3.76,3.88,97,97,97.0,89,97,90,83.0,87,84,Regular studier,Excellent,Completed,"Highly proactive, consistent, and quick learner.",Outstanding performer in arts,88.55,Excellent
S-11287,REG-2026-2287,M,21,BS AI,8,S3,50,20,41.0,1.5,1.49,21,29,25.0,38,53,35,40.0,20,27,Last-minute crammer,Probation,Not Started,Frequently misses deadlines and lacks motivation.,Struggles to participate,32.7,Poor
S-11288,REG-2026-2288,M,25,BS Data Science,8,S1,50,40,81.0,2.61,2.73,57,56,56.5,63,61,58,68.0,71,66,Needs some guidance,Good,Ongoing,Understands the basics but struggles with complex logic.,Participates occasionally,65.6,Good
S-11289,REG-2026-2289,M,19,BS Info Tech,7,S2,50,41,82.0,2.81,2.73,64,74,69.0,61,61,55,70.0,74,77,Occasional studier,Warning,Ongoing,Average performance. Needs to focus more on lab work.,Participates occasionally,68.6,Good
S-11290,REG-2026-2290,M,23,BS Info Tech,4,S3,50,33,67.0,3.4,3.33,67,76,71.5,68,66,63,74.0,56,55,Last-minute crammer,Warning,Not Started,Understands the basics but struggles with complex logic.,Participates occasionally,64.25,Average
S-11291,REG-2026-2291,M,22,BS Data Science,6,S2,50,49,99.0,3.59,3.83,96,80,88.0,97,81,90,81.0,83,98,Highly focused,Excellent,Completed,Outstanding performance throughout the semester.,Active club president,86.95,Excellent
S-11292,REG-2026-2292,F,21,BS Data Science,8,S3,50,32,65.0,2.52,2.4,77,64,70.5,66,58,62,57.0,76,76,Occasional studier,Good,Ongoing,Understands the basics but struggles with complex logic.,Learning basics of music,66.7,Good
S-11293,REG-2026-2293,M,18,BS Data Science,5,S3,50,37,75.0,3.49,2.91,56,61,58.5,71,63,57,78.0,55,66,Last-minute crammer,Good,Not Started,"Participates occasionally, can definitely do better.",Learning basics of music,63.95,Average
S-11294,REG-2026-2294,F,23,BS AI,8,S1,50,34,69.0,3.27,3.51,57,77,67.0,60,67,78,66.0,72,68,Last-minute crammer,Good,Not Started,Good effort but needs more consistency in assignments.,Participates occasionally,69.55,Good
S-11295,REG-2026-2295,M,22,BS Computer Science,5,S3,50,49,99.0,3.94,3.8,93,84,88.5,97,95,89,83.0,95,86,Regular studier,Excellent,Completed,Shows excellent leadership and analytical skills.,Shows leadership in sports,90.45,Excellent
S-11296,REG-2026-2296,F,24,BS Data Science,8,S3,50,44,88.0,3.73,3.68,88,95,91.5,83,88,95,83.0,93,92,Regular studier,Excellent,Completed,"Highly proactive, consistent, and quick learner.",Outstanding performer in arts,89.8,Excellent
S-11297,REG-2026-2297,F,20,BS AI,2,S3,50,21,43.0,1.98,2.22,34,22,28.0,26,47,22,26.0,29,47,Last-minute crammer,Probation,Not Started,"Needs urgent improvement, counseling recommended.",Shy and inactive,31.4,Poor
S-11298,REG-2026-2298,M,23,BS AI,6,S2,50,37,74.0,3.22,3.11,72,76,74.0,65,61,63,74.0,78,73,Last-minute crammer,Good,Ongoing,Good effort but needs more consistency in assignments.,Average sports player,71.5,Good
S-11299,REG-2026-2299,F,19,BS AI,5,S1,50,34,68.0,2.58,2.62,72,65,68.5,59,60,63,66.0,76,73,Occasional studier,Warning,Not Started,Understands the basics but struggles with complex logic.,Average sports player,68.15,Good
S-11300,REG-2026-2300,F,19,BS Data Science,2,S1,50,40,80.0,3.35,3.21,62,68,65.0,78,76,55,62.0,72,61,Occasional studier,Warning,Not Started,Average performance. Needs to focus more on lab work.,Participates occasionally,66.75,Good
S-11301,REG-2026-2301,F,18,BS Info Tech,8,S3,50,47,72.69,3.69,3.63,81,85,83.0,91,96,86,85.0,83,99,Highly focused,Excellent,Completed,Outstanding performance throughout the semester.,Outstanding performer in arts,87.7,Excellent
S-11302,REG-2026-2302,M,18,BS Data Science,6,S2,50,37,72.69,2.58,2.3,55,56,55.5,77,69,62,74.0,58,72,Occasional studier,Warning,Ongoing,Understands the basics but struggles with complex logic.,Average sports player,65.85,Good
S-11303,REG-2026-2303,M,22,BS Info Tech,8,S1,50,44,89.0,3.52,3.56,99,91,95.0,94,83,98,66.03,89,96,Very consistent,Excellent,Completed,Outstanding performance throughout the semester.,Outstanding performer in arts,91.9,Excellent
S-11304,REG-2026-2304,M,20,BS Data Science,4,S3,50,46,93.0,3.76,3.67,85,87,86.0,81,95,96,86.0,97,95,Highly focused,Excellent,Completed,Outstanding performance throughout the semester.,Shows leadership in sports,92.15,Excellent
S-11305,REG-2026-2305,M,23,BS Info Tech,5,S2,50,35,70.0,2.9,3.2,68,63,65.5,61,72,74,66.0,68,60,Last-minute crammer,Warning,Not Started,Understands the basics but struggles with complex logic.,Participates occasionally,67.6,Good
S-11306,REG-2026-2306,M,21,BS Data Science,8,S1,50,36,73.0,3.48,3.56,70,78,74.0,73,70,60,77.0,60,71,Last-minute crammer,Warning,Not Started,Average performance. Needs to focus more on lab work.,Participates occasionally,68.2,Good
S-11307,REG-2026-2307,M,19,BS AI,1,S2,50,38,77.0,2.66,2.66,62,70,66.0,65,76,65,66.0,66,66,Needs some guidance,Warning,Not Started,Good effort but needs more consistency in assignments.,Learning basics of music,67.35,Good
S-11308,REG-2026-2308,F,25,BS Software Eng,4,S1,50,44,88.0,3.81,3.88,91,84,87.5,95,82,96,82.0,82,95,Highly focused,Excellent,Completed,Brilliant understanding of core concepts. A joy to teach.,Active club president,86.9,Excellent
S-11309,REG-2026-2309,F,19,BS Info Tech,3,S3,50,46,93.0,3.63,3.85,85,92,88.5,84,89,94,89.0,86,97,Regular studier,Excellent,Completed,Outstanding performance throughout the semester.,Shows leadership in sports,89.7,Excellent
S-11310,REG-2026-2310,M,25,BS Computer Science,8,S2,50,27,54.0,1.94,1.91,36,40,38.0,28,47,39,28.0,45,33,Needs constant monitoring,Warning,Not Started,"Needs urgent improvement, counseling recommended.",Shy and inactive,38.6,Poor
S-11311,REG-2026-2311,F,25,BS AI,4,S3,50,35,70.0,3.35,3.48,62,72,67.0,74,61,67,62.0,56,77,Last-minute crammer,Warning,Ongoing,"Participates occasionally, can definitely do better.",Participates occasionally,64.15,Average
S-11312,REG-2026-2312,F,25,BS Computer Science,3,S3,50,45,90.0,3.83,3.84,94,90,92.0,91,92,88,88.0,81,88,Highly focused,Excellent,Completed,Brilliant understanding of core concepts. A joy to teach.,Shows leadership in sports,87.3,Excellent
S-11313,REG-2026-2313,M,19,BS Info Tech,5,S1,50,33,67.0,3.21,3.27,61,59,60.0,68,57,71,62.0,64,58,Occasional studier,Warning,Not Started,Average performance. Needs to focus more on lab work.,Average sports player,63.3,Average
S-11314,REG-2026-2314,F,22,BS Info Tech,7,S2,50,33,66.0,2.94,3.1,73,71,72.0,77,77,62,71.0,62,65,Occasional studier,Good,Ongoing,"Participates occasionally, can definitely do better.",Participates occasionally,67.55,Good
S-11315,REG-2026-2315,M,19,BS Software Eng,3,S2,50,42,85.0,3.79,3.63,94,83,88.5,92,91,90,91.0,95,86,Highly focused,Excellent,Completed,Shows excellent leadership and analytical skills.,Active club president,90.85,Excellent
S-11316,REG-2026-2316,M,18,BS Data Science,1,S2,50,49,98.0,3.5,3.3,93,81,87.0,96,85,94,89.0,86,95,Very consistent,Excellent,Completed,"Highly proactive, consistent, and quick learner.",Active club president,89.8,Excellent
S-11317,REG-2026-2317,F,18,BS Data Science,4,S2,50,37,74.0,3.43,3.5,58,72,65.0,76,71,57,75.0,57,65,Last-minute crammer,Good,Ongoing,"Participates occasionally, can definitely do better.",Learning basics of music,65.4,Good
S-11318,REG-2026-2318,M,22,BS Software Eng,3,S1,50,37,75.0,3.07,2.94,55,62,58.5,57,55,65,56.0,70,62,Last-minute crammer,Good,Ongoing,Good effort but needs more consistency in assignments.,Participates occasionally,62.6,Average
S-11319,REG-2026-2319,M,24,BS Computer Science,2,S1,50,49,99.0,3.63,3.48,85,83,84.0,84,86,80,83.0,82,98,Very consistent,Excellent,Completed,Outstanding performance throughout the semester.,Outstanding performer in arts,85.05,Excellent
S-11320,REG-2026-2320,M,21,BS Info Tech,4,S2,50,33,67.0,3.13,2.91,65,55,60.0,67,71,77,67.0,60,78,Last-minute crammer,Good,Ongoing,Good effort but needs more consistency in assignments.,Participates occasionally,67.55,Good
S-11321,REG-2026-2321,F,19,BS Computer Science,3,S2,50,40,81.0,2.99,3.1,68,55,61.5,76,68,76,74.0,73,78,Last-minute crammer,Good,Not Started,"Participates occasionally, can definitely do better.",Average sports player,73.05,Good
S-11322,REG-2026-2322,F,19,BS Data Science,8,S3,50,34,69.0,3.2,3.48,68,59,63.5,58,55,64,71.0,71,65,Needs some guidance,Warning,Not Started,Understands the basics but struggles with complex logic.,Average sports player,66.25,Good
S-11323,REG-2026-2323,F,24,BS Computer Science,8,S2,50,43,86.0,3.87,3.83,99,84,91.5,86,97,94,98.0,82,88,Highly focused,Excellent,Completed,"Highly proactive, consistent, and quick learner.",Shows leadership in sports,90.45,Excellent
S-11324,REG-2026-2324,F,18,BS AI,5,S2,50,34,68.0,2.83,2.88,76,69,72.5,71,76,70,70.0,59,59,Last-minute crammer,Warning,Not Started,Average performance. Needs to focus more on lab work.,Participates occasionally,66.95,Good
S-11325,REG-2026-2325,F,19,BS Software Eng,6,S2,50,47,72.69,3.56,3.64,81,81,81.0,89,93,84,90.0,90,81,Highly focused,Excellent,Completed,Brilliant understanding of core concepts. A joy to teach.,Outstanding performer in arts,87.75,Excellent
S-11326,REG-2026-2326,F,23,BS Info Tech,1,S1,50,19,38.0,1.24,1.41,30,40,35.0,53,28,22,26.0,51,47,Needs constant monitoring,Probation,Not Started,Irregular attendance and extremely poor focus in class.,No interest,36.8,Poor
S-11327,REG-2026-2327,M,22,BS Software Eng,5,S2,50,20,40.0,1.81,1.76,51,37,44.0,29,45,20,43.0,20,50,Rarely studies,Probation,Not Started,Irregular attendance and extremely poor focus in class.,Shy and inactive,33.95,Poor
S-11328,REG-2026-2328,M,25,BS Software Eng,4,S3,50,44,88.0,3.67,3.54,84,94,89.0,86,95,89,86.0,88,86,Highly focused,Excellent,Completed,"Highly proactive, consistent, and quick learner.",Active club president,88.25,Excellent
S-11329,REG-2026-2329,M,25,BS Software Eng,2,S2,50,41,83.0,2.52,2.47,77,78,77.5,55,72,67,68.0,65,69,Occasional studier,Warning,Ongoing,Good effort but needs more consistency in assignments.,Participates occasionally,68.65,Good
S-11330,REG-2026-2330,F,20,BS AI,8,S3,50,33,67.0,2.94,2.99,74,62,68.0,78,67,64,56.0,78,58,Needs some guidance,Good,Not Started,Understands the basics but struggles with complex logic.,Learning basics of music,66.85,Good
S-11331,REG-2026-2331,F,25,BS Software Eng,6,S3,50,37,75.0,2.85,2.74,66,55,60.5,67,67,73,67.0,66,65,Needs some guidance,Warning,Ongoing,Understands the basics but struggles with complex logic.,Participates occasionally,67.2,Good
S-11332,REG-2026-2332,M,18,BS Software Eng,8,S3,50,28,58.0,2.08,2.36,49,35,42.0,53,45,22,34.0,50,22,Last-minute crammer,Probation,Not Started,Lacks fundamental understanding of the subject matter.,Shy and inactive,39.05,Poor
S-11333,REG-2026-2333,F,20,BS Data Science,4,S2,50,39,79.0,3.08,3.06,59,74,66.5,61,56,65,74.0,67,76,Last-minute crammer,Warning,Not Started,Understands the basics but struggles with complex logic.,Average sports player,68.15,Good
S-11334,REG-2026-2334,F,18,BS Computer Science,8,S3,50,30,61.0,2.37,2.28,23,43,33.0,47,45,50,37.0,34,46,Needs constant monitoring,Probation,Not Started,Lacks fundamental understanding of the subject matter.,Shy and inactive,41.2,Poor
S-11335,REG-2026-2335,M,18,BS Info Tech,5,S1,50,48,97.0,3.63,3.9,97,98,97.5,99,99,95,96.0,82,83,Highly focused,Excellent,Completed,"Highly proactive, consistent, and quick learner.",Active club president,91.7,Excellent
S-11336,REG-2026-2336,F,19,BS AI,2,S2,50,34,68.0,2.85,2.93,77,77,77.0,71,73,78,69.0,78,73,Occasional studier,Good,Not Started,Good effort but needs more consistency in assignments.,Average sports player,74.25,Good
S-11337,REG-2026-2337,F,22,BS Computer Science,5,S2,50,32,65.0,2.54,2.73,69,69,69.0,60,60,55,75.0,77,56,Occasional studier,Warning,Not Started,Good effort but needs more consistency in assignments.,Average sports player,67.25,Good
S-11338,REG-2026-2338,M,21,BS Computer Science,5,S2,50,43,87.0,3.99,3.94,97,80,88.5,96,93,80,85.0,84,96,Very consistent,Excellent,Completed,Brilliant understanding of core concepts. A joy to teach.,Outstanding performer in arts,86.9,Excellent
S-11339,REG-2026-2339,F,21,BS Data Science,7,S2,50,26,52.0,2.36,2.58,30,44,37.0,45,32,25,33.0,24,26,Needs constant monitoring,Warning,Not Started,Lacks fundamental understanding of the subject matter.,No interest,30.7,Poor
S-11340,REG-2026-2340,F,23,BS Data Science,4,S2,50,37,75.0,2.92,2.74,71,75,73.0,55,71,73,58.0,74,58,Last-minute crammer,Warning,Ongoing,Average performance. Needs to focus more on lab work.,Participates occasionally,67.75,Good
S-11341,REG-2026-2341,M,21,BS Software Eng,3,S2,50,16,32.0,1.55,1.67,39,28,33.5,40,26,35,42.0,46,42,Rarely studies,Needs Improvement,Not Started,"Needs urgent improvement, counseling recommended.",No interest,38.9,Poor
S-11342,REG-2026-2342,M,20,BS AI,6,S2,50,35,70.0,2.59,2.78,72,76,74.0,71,63,75,66.0,59,71,Occasional studier,Warning,Ongoing,"Participates occasionally, can definitely do better.",Learning basics of music,67.05,Good
S-11343,REG-2026-2343,M,23,BS AI,2,S1,50,41,83.0,3.29,3.12,64,76,70.0,77,66,61,68.0,56,76,Last-minute crammer,Good,Ongoing,Good effort but needs more consistency in assignments.,Learning basics of music,65.95,Good
S-11344,REG-2026-2344,F,24,BS Computer Science,6,S2,50,46,92.0,3.86,3.84,95,99,97.0,99,95,95,90.0,87,93,Very consistent,Excellent,Completed,Shows excellent leadership and analytical skills.,Shows leadership in sports,92.05,Excellent
S-11345,REG-2026-2345,F,21,BS AI,1,S2,50,41,83.0,3.18,2.98,73,68,70.5,55,77,78,75.0,75,69,Needs some guidance,Good,Ongoing,Good effort but needs more consistency in assignments.,Learning basics of music,74.0,Good
S-11346,REG-2026-2346,M,25,BS Software Eng,5,S3,50,23,47.0,1.09,1.35,29,21,25.0,47,20,47,22.0,51,36,Needs constant monitoring,Needs Improvement,Not Started,"Needs urgent improvement, counseling recommended.",No interest,37.0,Poor
S-11347,REG-2026-2347,F,24,BS Data Science,2,S1,50,26,53.0,1.64,1.51,23,35,29.0,36,24,24,66.03,49,50,Last-minute crammer,Needs Improvement,Not Started,Frequently misses deadlines and lacks motivation.,No interest,38.8,Poor
S-11348,REG-2026-2348,M,24,BS Software Eng,3,S3,50,42,85.0,3.69,3.85,99,87,93.0,92,83,90,87.0,91,86,Regular studier,Excellent,Completed,"Highly proactive, consistent, and quick learner.",Outstanding performer in arts,88.7,Excellent
S-11349,REG-2026-2349,F,22,BS Computer Science,7,S3,50,39,78.0,3.06,3.09,61,75,68.0,70,75,73,65.0,78,65,Last-minute crammer,Warning,Ongoing,Good effort but needs more consistency in assignments.,Learning basics of music,71.65,Good
S-11350,REG-2026-2350,M,19,BS Computer Science,7,S2,50,49,98.0,3.54,3.79,80,99,89.5,80,88,82,91.0,97,87,Highly focused,Excellent,Completed,Outstanding performance throughout the semester.,Shows leadership in sports,90.1,Excellent
S-11351,REG-2026-2351,F,21,BS Info Tech,7,S3,50,19,39.0,2.1,1.83,27,31,29.0,33,53,39,26.0,45,27,Last-minute crammer,Needs Improvement,Not Started,Irregular attendance and extremely poor focus in class.,Shy and inactive,36.8,Poor
S-11352,REG-2026-2352,F,18,BS AI,8,S3,50,39,78.0,3.4,3.3,55,73,64.0,71,56,60,57.0,76,75,Needs some guidance,Warning,Not Started,Good effort but needs more consistency in assignments.,Average sports player,66.35,Good
S-11353,REG-2026-2353,F,19,BS Software Eng,2,S1,50,36,72.0,2.88,2.58,73,78,75.5,66,62,63,70.0,76,62,Needs some guidance,Warning,Ongoing,Average performance. Needs to focus more on lab work.,Participates occasionally,69.3,Good
S-11354,REG-2026-2354,M,19,BS Data Science,3,S1,50,35,70.0,2.86,2.82,62,72,67.0,56,58,74,58.0,57,65,Occasional studier,Good,Ongoing,Understands the basics but struggles with complex logic.,Average sports player,62.25,Average
S-11355,REG-2026-2355,F,18,BS Data Science,3,S1,50,45,90.0,3.78,3.56,90,87,88.5,92,97,91,92.0,96,85,Highly focused,Excellent,Completed,Brilliant understanding of core concepts. A joy to teach.,Active club president,92.2,Excellent
S-11356,REG-2026-2356,M,22,BS AI,7,S2,50,38,77.0,2.85,2.64,71,66,68.5,69,77,76,61.0,68,76,Needs some guidance,Warning,Not Started,Good effort but needs more consistency in assignments.,Learning basics of music,70.05,Good
S-11357,REG-2026-2357,F,21,BS Computer Science,6,S2,50,36,72.0,2.81,2.58,63,73,68.0,66,60,74,67.0,58,68,Occasional studier,Warning,Not Started,Good effort but needs more consistency in assignments.,Average sports player,65.5,Good
S-11358,REG-2026-2358,F,19,BS Computer Science,5,S3,50,43,86.0,3.95,3.71,86,86,86.0,88,81,94,88.0,93,90,Very consistent,Excellent,Completed,Shows excellent leadership and analytical skills.,Active club president,89.35,Excellent
S-11359,REG-2026-2359,F,23,BS Data Science,2,S3,50,43,87.0,3.74,3.85,85,81,83.0,99,93,90,97.0,84,90,Very consistent,Excellent,Completed,Brilliant understanding of core concepts. A joy to teach.,Outstanding performer in arts,89.8,Excellent
S-11360,REG-2026-2360,F,19,BS AI,2,S3,50,33,67.0,2.94,2.85,74,66,70.0,70,66,60,67.0,73,55,Needs some guidance,Good,Not Started,Good effort but needs more consistency in assignments.,Learning basics of music,66.6,Good
S-11361,REG-2026-2361,M,18,BS Software Eng,2,S2,50,34,68.0,3.19,3.13,69,78,73.5,61,61,68,58.0,70,72,Occasional studier,Good,Not Started,Average performance. Needs to focus more on lab work.,Learning basics of music,66.4,Good
S-11362,REG-2026-2362,M,23,BS Software Eng,4,S1,50,37,75.0,2.59,2.37,69,60,64.5,66,70,77,71.0,70,71,Occasional studier,Warning,Not Started,Good effort but needs more consistency in assignments.,Learning basics of music,70.85,Good
S-11363,REG-2026-2363,M,24,BS Software Eng,7,S3,50,46,92.0,3.66,3.83,80,94,87.0,91,99,90,94.0,95,88,Highly focused,Excellent,Completed,No feedback provided,Active club president,92.6,Excellent
S-11364,REG-2026-2364,M,21,BS Software Eng,4,S1,50,41,82.0,2.56,2.41,73,63,68.0,71,60,66,55.0,73,59,Last-minute crammer,Good,Not Started,Average performance. Needs to focus more on lab work.,Learning basics of music,65.5,Good
S-11365,REG-2026-2365,F,23,BS Data Science,3,S2,50,19,39.0,1.68,1.77,50,42,46.0,44,49,45,23.0,48,31,Rarely studies,Probation,Not Started,"Needs urgent improvement, counseling recommended.",Shy and inactive,40.1,Poor
S-11366,REG-2026-2366,F,18,BS Data Science,1,S2,50,22,45.0,2.13,2.05,47,30,38.5,22,32,28,23.0,29,51,Needs constant monitoring,Warning,Not Started,Lacks fundamental understanding of the subject matter.,No interest,31.55,Poor
S-11367,REG-2026-2367,M,19,BS Info Tech,4,S3,50,46,92.0,3.99,3.7,94,83,88.5,92,92,83,87.0,80,85,Regular studier,Excellent,Completed,"Highly proactive, consistent, and quick learner.",Active club president,85.6,Excellent
S-11368,REG-2026-2368,M,24,BS Info Tech,8,S3,50,35,71.0,2.92,3.09,58,55,56.5,59,61,64,64.0,57,57,Last-minute crammer,Warning,Ongoing,Good effort but needs more consistency in assignments.,Average sports player,60.6,Average
S-11369,REG-2026-2369,F,25,BS Data Science,7,S2,50,33,67.0,2.82,2.93,73,72,72.5,66,74,62,57.0,62,55,Needs some guidance,Warning,Ongoing,Average performance. Needs to focus more on lab work.,Participates occasionally,63.0,Average
S-11370,REG-2026-2370,F,19,BS Data Science,5,S3,50,24,49.0,2.4,2.69,40,47,43.5,38,30,36,30.0,36,20,Needs constant monitoring,Probation,Not Started,Irregular attendance and extremely poor focus in class.,Struggles to participate,34.1,Poor
S-11371,REG-2026-2371,F,19,BS Data Science,4,S3,50,33,72.69,3.33,3.61,57,66,61.5,74,72,61,75.0,71,63,Last-minute crammer,Good,Ongoing,"Participates occasionally, can definitely do better.",Average sports player,68.6,Good
S-11372,REG-2026-2372,M,20,BS Info Tech,7,S1,50,46,92.0,3.78,3.77,89,93,91.0,94,89,98,93.0,96,87,Regular studier,Excellent,Completed,Brilliant understanding of core concepts. A joy to teach.,Active club president,93.3,Excellent
S-11373,REG-2026-2373,F,25,BS Info Tech,1,S2,50,43,87.0,3.92,3.64,82,99,90.5,89,93,81,90.0,94,92,Regular studier,Excellent,Completed,Shows excellent leadership and analytical skills.,Shows leadership in sports,90.0,Excellent
S-11374,REG-2026-2374,F,24,BS Info Tech,7,S2,50,38,76.0,2.68,2.72,68,59,63.5,64,61,66,67.0,68,62,Occasional studier,Good,Ongoing,Good effort but needs more consistency in assignments.,Average sports player,65.95,Good
S-11375,REG-2026-2375,M,20,BS AI,6,S1,50,41,83.0,3.48,3.56,59,66,62.5,60,70,69,74.0,59,65,Occasional studier,Warning,Ongoing,Good effort but needs more consistency in assignments.,Learning basics of music,66.8,Good
S-11376,REG-2026-2376,F,23,BS Computer Science,7,S1,50,39,79.0,3.48,3.3,61,75,68.0,75,58,59,58.0,60,59,Last-minute crammer,Warning,Not Started,Understands the basics but struggles with complex logic.,Participates occasionally,61.65,Average
S-11377,REG-2026-2377,M,25,BS Data Science,6,S2,50,38,76.0,3.1,2.84,68,65,66.5,77,75,63,66.0,64,67,Occasional studier,Warning,Ongoing,Good effort but needs more consistency in assignments.,Average sports player,67.15,Good
S-11378,REG-2026-2378,F,22,BS Info Tech,2,S2,50,34,68.0,2.63,2.75,70,65,67.5,66,72,77,59.0,55,76,Needs some guidance,Good,Not Started,"Participates occasionally, can definitely do better.",Average sports player,65.35,Good
S-11379,REG-2026-2379,F,24,BS Data Science,6,S1,50,29,59.0,1.23,1.52,41,53,47.0,37,25,52,29.0,27,53,Needs constant monitoring,Warning,Not Started,Frequently misses deadlines and lacks motivation.,Struggles to participate,37.65,Poor
S-11380,REG-2026-2380,M,22,BS Data Science,2,S1,50,36,73.0,3.16,3.06,59,66,62.5,67,66,55,63.0,58,58,Last-minute crammer,Good,Ongoing,"Participates occasionally, can definitely do better.",Participates occasionally,61.0,Average
S-11381,REG-2026-2381,F,22,BS AI,2,S1,50,36,72.0,3.01,3.1,75,55,65.0,75,78,76,58.0,63,67,Occasional studier,Warning,Not Started,No feedback provided,Average sports player,67.1,Good
S-11382,REG-2026-2382,M,22,BS Info Tech,1,S1,50,27,55.0,1.89,2.02,28,51,39.5,34,48,22,23.0,43,28,Last-minute crammer,Needs Improvement,Not Started,Irregular attendance and extremely poor focus in class.,Shy and inactive,34.65,Poor
S-11383,REG-2026-2383,M,23,BS Computer Science,6,S1,50,28,57.0,2.11,2.22,21,30,25.5,46,47,51,49.0,50,35,Last-minute crammer,Probation,Not Started,Frequently misses deadlines and lacks motivation.,Shy and inactive,45.85,Poor
S-11384,REG-2026-2384,F,18,BS AI,1,S2,50,19,38.0,2.03,2.3,42,21,31.5,45,44,43,29.0,52,21,Rarely studies,Warning,Not Started,Lacks fundamental understanding of the subject matter.,Shy and inactive,39.05,Poor
S-11385,REG-2026-2385,M,18,BS Info Tech,3,S3,50,46,93.0,3.9,3.9,93,99,96.0,89,85,87,93.0,87,92,Very consistent,Excellent,Completed,Shows excellent leadership and analytical skills.,Outstanding performer in arts,89.8,Excellent
S-11386,REG-2026-2386,F,19,BS Computer Science,5,S3,50,38,76.0,3.19,2.91,66,74,70.0,70,78,78,70.0,76,60,Last-minute crammer,Warning,Not Started,Good effort but needs more consistency in assignments.,Average sports player,72.8,Good
S-11387,REG-2026-2387,M,21,BS Info Tech,2,S1,50,38,77.0,3.07,3.19,55,63,59.0,62,63,71,71.0,78,68,Needs some guidance,Good,Not Started,No feedback provided,Participates occasionally,70.3,Good
S-11388,REG-2026-2388,F,25,BS Info Tech,8,S3,50,43,87.0,3.86,3.71,90,90,90.0,95,81,99,95.0,92,81,Very consistent,Excellent,Completed,"Highly proactive, consistent, and quick learner.",Shows leadership in sports,91.15,Excellent
S-11389,REG-2026-2389,M,23,BS AI,3,S2,50,36,73.0,2.8,2.82,56,66,61.0,69,72,78,59.0,55,63,Needs some guidance,Good,Not Started,Understands the basics but struggles with complex logic.,Learning basics of music,63.95,Average
S-11390,REG-2026-2390,F,20,BS AI,7,S1,50,45,72.69,3.85,3.63,96,90,93.0,84,89,82,96.0,87,90,Regular studier,Excellent,Completed,"Highly proactive, consistent, and quick learner.",Shows leadership in sports,89.15,Excellent
S-11391,REG-2026-2391,F,23,BS Computer Science,2,S1,50,36,72.0,3.19,3.33,75,57,66.0,55,68,70,55.0,55,76,Needs some guidance,Warning,Ongoing,Understands the basics but struggles with complex logic.,Participates occasionally,62.6,Average
S-11392,REG-2026-2392,M,20,BS Data Science,2,S3,50,45,90.0,3.59,3.32,84,95,89.5,95,81,95,82.0,97,86,Highly focused,Excellent,Completed,"Highly proactive, consistent, and quick learner.",Active club president,89.8,Excellent
S-11393,REG-2026-2393,F,19,BS AI,6,S1,50,49,98.0,3.57,3.73,90,80,85.0,90,80,99,88.0,81,99,Regular studier,Excellent,Completed,"Highly proactive, consistent, and quick learner.",Shows leadership in sports,88.5,Excellent
S-11394,REG-2026-2394,F,19,BS Computer Science,7,S2,50,27,54.0,1.4,1.12,33,21,27.0,36,22,44,34.0,21,36,Needs constant monitoring,Needs Improvement,Not Started,Irregular attendance and extremely poor focus in class.,No interest,31.65,Poor
S-11395,REG-2026-2395,F,24,BS Software Eng,5,S2,50,21,42.0,1.78,1.64,31,43,37.0,25,46,46,33.0,44,35,Rarely studies,Needs Improvement,Not Started,Irregular attendance and extremely poor focus in class.,Struggles to participate,39.65,Poor
S-11396,REG-2026-2396,M,22,BS AI,5,S2,50,46,93.0,3.73,3.44,96,95,95.5,93,81,94,87.0,96,80,Very consistent,Excellent,Completed,Brilliant understanding of core concepts. A joy to teach.,Active club president,90.45,Excellent
S-11397,REG-2026-2397,M,21,BS Info Tech,6,S1,50,35,70.0,2.57,2.75,58,71,64.5,68,60,76,78.0,75,56,Last-minute crammer,Warning,Ongoing,Good effort but needs more consistency in assignments.,Learning basics of music,70.7,Good
S-11398,REG-2026-2398,M,23,BS Info Tech,8,S2,50,30,61.0,2.23,2.26,40,36,38.0,32,30,22,34.0,33,39,Rarely studies,Warning,Not Started,Lacks fundamental understanding of the subject matter.,No interest,33.7,Poor
S-11399,REG-2026-2399,M,18,BS Software Eng,2,S3,50,40,80.0,2.67,2.84,72,75,73.5,59,68,61,77.0,64,76,Occasional studier,Warning,Ongoing,"Participates occasionally, can definitely do better.",Average sports player,69.25,Good
S-11400,REG-2026-2400,F,21,BS Data Science,5,S3,50,38,77.0,3.1,3.03,76,67,71.5,68,78,68,62.0,61,55,Last-minute crammer,Warning,Not Started,Understands the basics but struggles with complex logic.,Average sports player,65.55,Good
S-11401,REG-2026-2401,M,20,BS AI,3,S2,50,21,43.0,2.44,2.44,49,23,36.0,44,33,34,22.0,25,22,Rarely studies,Needs Improvement,Not Started,Lacks fundamental understanding of the subject matter.,Shy and inactive,29.2,Poor
S-11402,REG-2026-2402,M,18,BS Info Tech,7,S1,50,47,94.0,3.83,3.67,88,84,86.0,95,89,82,83.0,80,87,Regular studier,Excellent,Completed,Outstanding performance throughout the semester.,Shows leadership in sports,84.55,Excellent
S-11403,REG-2026-2403,F,21,BS AI,8,S3,50,37,74.0,2.83,3.0,60,78,69.0,71,67,63,62.0,70,75,Needs some guidance,Warning,Ongoing,"Participates occasionally, can definitely do better.",Learning basics of music,67.7,Good
S-11404,REG-2026-2404,F,25,BS AI,2,S1,50,47,95.0,3.88,3.93,90,90,90.0,95,91,88,89.0,86,90,Highly focused,Excellent,Completed,"Highly proactive, consistent, and quick learner.",Active club president,89.1,Excellent
S-11405,REG-2026-2405,F,21,BS Computer Science,8,S1,50,37,75.0,2.74,2.67,67,57,62.0,69,58,77,64.0,60,69,Needs some guidance,Good,Ongoing,"Participates occasionally, can definitely do better.",Learning basics of music,65.45,Good
S-11406,REG-2026-2406,M,20,BS Software Eng,4,S2,50,47,94.0,3.88,3.92,84,93,88.5,91,86,89,93.0,82,94,Regular studier,Excellent,Completed,Outstanding performance throughout the semester.,Shows leadership in sports,88.55,Excellent
S-11407,REG-2026-2407,F,19,BS Computer Science,7,S3,50,42,85.0,3.8,4.0,88,93,90.5,95,92,88,93.0,80,95,Regular studier,Excellent,Completed,"Highly proactive, consistent, and quick learner.",Shows leadership in sports,88.55,Excellent
S-11408,REG-2026-2408,F,19,BS AI,6,S3,50,37,74.0,3.24,3.38,55,69,62.0,67,65,77,78.0,76,74,Occasional studier,Good,Ongoing,Understands the basics but struggles with complex logic.,Learning basics of music,73.3,Good
S-11409,REG-2026-2409,F,20,BS Info Tech,8,S2,50,47,95.0,3.73,3.84,86,94,90.0,90,83,88,89.0,86,91,Regular studier,Excellent,Completed,"Highly proactive, consistent, and quick learner.",Active club president,88.15,Excellent
S-11410,REG-2026-2410,F,24,BS Data Science,8,S3,50,28,58.0,2.25,2.34,50,39,44.5,49,31,32,37.0,43,52,Rarely studies,Warning,Not Started,Frequently misses deadlines and lacks motivation.,Shy and inactive,41.05,Poor
S-11411,REG-2026-2411,F,25,BS Computer Science,2,S2,50,33,67.0,2.8,2.74,67,66,66.5,62,72,68,58.0,66,59,Last-minute crammer,Good,Ongoing,Average performance. Needs to focus more on lab work.,Average sports player,64.5,Average
S-11412,REG-2026-2412,F,24,BS Software Eng,2,S3,50,40,81.0,3.09,3.36,67,71,69.0,61,67,71,55.0,73,67,Occasional studier,Warning,Ongoing,Average performance. Needs to focus more on lab work.,Average sports player,67.3,Good
S-11413,REG-2026-2413,F,20,BS Info Tech,5,S3,50,36,73.0,3.15,3.03,68,61,64.5,56,69,61,62.0,76,59,Last-minute crammer,Warning,Ongoing,Good effort but needs more consistency in assignments.,Learning basics of music,66.25,Good
S-11414,REG-2026-2414,M,20,BS Data Science,2,S3,50,26,53.0,1.52,1.59,33,26,29.5,24,29,48,43.0,31,21,Rarely studies,Warning,Not Started,Irregular attendance and extremely poor focus in class.,Shy and inactive,35.35,Poor
S-11415,REG-2026-2415,F,22,BS Software Eng,4,S3,50,25,51.0,2.17,2.06,23,25,24.0,25,27,23,28.0,20,50,Needs constant monitoring,Warning,Not Started,Frequently misses deadlines and lacks motivation.,Shy and inactive,27.95,Poor
S-11416,REG-2026-2416,F,21,BS Info Tech,1,S3,50,43,86.0,3.54,3.72,88,86,87.0,85,91,83,89.0,80,87,Very consistent,Excellent,Completed,Brilliant understanding of core concepts. A joy to teach.,Outstanding performer in arts,85.3,Excellent
S-11417,REG-2026-2417,M,21,BS AI,5,S3,50,45,90.0,3.82,3.58,82,86,84.0,84,92,90,81.0,99,84,Highly focused,Excellent,Completed,Outstanding performance throughout the semester.,Shows leadership in sports,89.15,Excellent
S-11418,REG-2026-2418,M,19,BS AI,5,S1,50,31,62.0,1.09,1.05,41,44,42.5,49,21,34,51.0,43,40,Rarely studies,Warning,Not Started,Frequently misses deadlines and lacks motivation.,Struggles to participate,41.95,Poor
S-11419,REG-2026-2419,M,22,BS Computer Science,6,S2,50,48,97.0,3.6,3.79,87,85,86.0,83,96,82,85.0,97,93,Regular studier,Excellent,Completed,Outstanding performance throughout the semester.,Shows leadership in sports,90.05,Excellent
S-11420,REG-2026-2420,M,24,BS Computer Science,5,S3,50,48,96.0,3.85,3.6,98,95,96.5,91,96,93,80.0,97,85,Highly focused,Excellent,Completed,Brilliant understanding of core concepts. A joy to teach.,Shows leadership in sports,91.3,Excellent
S-11421,REG-2026-2421,F,18,BS Software Eng,5,S2,50,35,71.0,3.38,3.49,69,62,65.5,55,73,72,61.0,65,70,Last-minute crammer,Warning,Not Started,Good effort but needs more consistency in assignments.,Participates occasionally,66.4,Good
S-11422,REG-2026-2422,M,24,BS Data Science,4,S1,50,19,38.0,1.93,2.11,39,23,31.0,43,50,29,25.0,52,21,Needs constant monitoring,Warning,Not Started,"Needs urgent improvement, counseling recommended.",Shy and inactive,36.6,Poor
S-11423,REG-2026-2423,M,21,BS Software Eng,1,S2,50,28,57.0,2.41,2.14,33,40,36.5,34,35,50,26.0,45,41,Needs constant monitoring,Needs Improvement,Not Started,"Needs urgent improvement, counseling recommended.",Shy and inactive,39.75,Poor
S-11424,REG-2026-2424,M,22,BS Info Tech,7,S2,50,35,70.0,2.6,2.65,67,62,64.5,64,63,68,58.0,63,63,Occasional studier,Good,Not Started,"Participates occasionally, can definitely do better.",Average sports player,63.3,Average
S-11425,REG-2026-2425,M,22,BS AI,8,S3,50,36,73.0,3.02,3.28,62,58,60.0,60,72,64,75.0,78,75,Occasional studier,Warning,Ongoing,Average performance. Needs to focus more on lab work.,Participates occasionally,71.45,Good
S-11426,REG-2026-2426,F,25,BS AI,7,S3,50,35,70.0,2.75,2.88,74,77,75.5,77,67,64,78.0,57,55,Occasional studier,Warning,Ongoing,Good effort but needs more consistency in assignments.,Average sports player,66.55,Good
S-11427,REG-2026-2427,M,18,BS Data Science,4,S3,50,39,79.0,2.62,2.68,61,61,61.0,71,73,70,71.0,59,61,Needs some guidance,Warning,Ongoing,"Participates occasionally, can definitely do better.",Learning basics of music,66.45,Good
S-11428,REG-2026-2428,M,22,BS Info Tech,5,S3,50,44,89.0,3.72,3.87,85,89,87.0,93,84,90,90.0,99,97,Highly focused,Excellent,Completed,Brilliant understanding of core concepts. A joy to teach.,Shows leadership in sports,92.15,Excellent
S-11429,REG-2026-2429,M,21,BS Data Science,7,S3,50,41,82.0,3.27,3.21,74,66,70.0,61,60,65,67.0,70,75,Occasional studier,Warning,Not Started,Average performance. Needs to focus more on lab work.,Learning basics of music,68.3,Good
S-11430,REG-2026-2430,M,18,BS Info Tech,1,S3,50,21,43.0,2.09,1.83,44,29,36.5,49,20,45,33.0,32,24,Needs constant monitoring,Probation,Not Started,Lacks fundamental understanding of the subject matter.,No interest,34.0,Poor
S-11431,REG-2026-2431,F,23,BS Software Eng,8,S2,50,34,69.0,3.03,2.88,62,73,67.5,64,65,76,78.0,67,59,Last-minute crammer,Warning,Ongoing,Good effort but needs more consistency in assignments.,Learning basics of music,69.55,Good
S-11432,REG-2026-2432,F,24,BS Computer Science,3,S3,50,43,87.0,3.57,3.44,95,89,92.0,91,98,97,98.0,84,94,Highly focused,Excellent,Completed,"Highly proactive, consistent, and quick learner.",Active club president,92.45,Excellent
S-11433,REG-2026-2433,M,22,BS Software Eng,2,S3,50,24,48.0,2.23,2.16,44,31,37.5,39,38,24,28.0,46,33,Last-minute crammer,Warning,Not Started,Irregular attendance and extremely poor focus in class.,Struggles to participate,35.9,Poor
S-11434,REG-2026-2434,F,25,BS Info Tech,3,S1,50,34,69.0,2.55,2.69,77,74,75.5,77,71,63,65.0,71,58,Occasional studier,Warning,Ongoing,"Participates occasionally, can definitely do better.",Learning basics of music,67.95,Good
S-11435,REG-2026-2435,F,25,BS Info Tech,5,S2,50,46,92.0,3.57,3.8,81,92,86.5,95,82,85,99.0,81,97,Very consistent,Excellent,Completed,Outstanding performance throughout the semester.,Shows leadership in sports,88.7,Excellent
S-11436,REG-2026-2436,F,24,BS Data Science,6,S1,50,33,66.0,2.66,2.81,66,70,68.0,65,78,58,61.0,56,77,Needs some guidance,Warning,Ongoing,Average performance. Needs to focus more on lab work.,Average sports player,63.75,Average
S-11437,REG-2026-2437,M,18,BS Data Science,5,S1,50,45,90.0,3.54,3.55,90,83,86.5,82,89,82,85.0,95,84,Regular studier,Excellent,Completed,Brilliant understanding of core concepts. A joy to teach.,Shows leadership in sports,87.6,Excellent
S-11438,REG-2026-2438,F,23,BS Software Eng,1,S1,50,17,35.0,2.37,2.13,42,51,46.5,34,31,43,22.0,33,24,Last-minute crammer,Needs Improvement,Not Started,"Needs urgent improvement, counseling recommended.",Shy and inactive,32.7,Poor
S-11439,REG-2026-2439,F,22,BS AI,7,S1,50,45,90.0,3.67,3.89,95,93,94.0,91,90,99,91.0,80,82,Regular studier,Excellent,Completed,Shows excellent leadership and analytical skills.,Shows leadership in sports,88.7,Excellent
S-11440,REG-2026-2440,F,19,BS Info Tech,6,S2,50,19,38.0,1.67,1.86,43,51,47.0,50,31,26,39.0,34,33,Needs constant monitoring,Needs Improvement,Not Started,"Needs urgent improvement, counseling recommended.",No interest,35.7,Poor
S-11441,REG-2026-2441,M,22,BS AI,3,S3,50,46,92.0,3.67,3.63,94,99,96.5,94,85,85,82.0,98,89,Highly focused,Excellent,Completed,"Highly proactive, consistent, and quick learner.",Shows leadership in sports,90.0,Excellent
S-11442,REG-2026-2442,F,20,BS Software Eng,2,S2,50,42,85.0,3.61,3.38,95,86,90.5,85,83,83,95.0,94,91,Very consistent,Excellent,Completed,Brilliant understanding of core concepts. A joy to teach.,Shows leadership in sports,89.9,Excellent
S-11443,REG-2026-2443,M,23,BS Data Science,5,S3,50,41,83.0,3.08,2.82,66,56,61.0,77,78,60,69.0,64,78,Occasional studier,Good,Ongoing,"Participates occasionally, can definitely do better.",Participates occasionally,68.5,Good
S-11444,REG-2026-2444,F,25,BS Computer Science,2,S3,50,45,90.0,3.54,3.25,82,85,83.5,90,93,92,89.0,84,80,Very consistent,Excellent,Completed,Shows excellent leadership and analytical skills.,Active club president,87.25,Excellent
S-11445,REG-2026-2445,M,22,BS Software Eng,1,S3,50,21,42.0,2.17,1.97,34,49,41.5,46,48,27,26.0,37,40,Rarely studies,Probation,Not Started,Lacks fundamental understanding of the subject matter.,No interest,35.85,Poor
S-11446,REG-2026-2446,F,22,BS Computer Science,3,S2,50,40,80.0,3.32,3.14,77,77,77.0,64,64,63,63.0,66,74,Needs some guidance,Good,Not Started,"Participates occasionally, can definitely do better.",Learning basics of music,67.25,Good
S-11447,REG-2026-2447,F,20,BS Info Tech,5,S2,50,39,79.0,3.37,3.46,56,69,62.5,69,56,73,73.0,61,78,Last-minute crammer,Good,Ongoing,Average performance. Needs to focus more on lab work.,Learning basics of music,67.85,Good
S-11448,REG-2026-2448,F,20,BS AI,6,S1,50,25,51.0,1.03,1.17,26,38,32.0,44,45,34,40.0,38,39,Rarely studies,Probation,Not Started,"Needs urgent improvement, counseling recommended.",Struggles to participate,38.95,Poor
S-11449,REG-2026-2449,M,22,BS AI,1,S1,50,34,69.0,2.63,2.73,61,55,58.0,76,55,70,61.0,76,68,Occasional studier,Good,Not Started,Understands the basics but struggles with complex logic.,Learning basics of music,67.05,Good
S-11450,REG-2026-2450,F,23,BS Computer Science,5,S3,50,37,74.0,2.94,2.91,65,60,62.5,56,77,69,65.0,72,63,Occasional studier,Warning,Not Started,Understands the basics but struggles with complex logic.,Participates occasionally,68.1,Good
S-11451,REG-2026-2451,F,21,BS Software Eng,6,S2,50,22,45.0,2.2,2.15,37,53,45.0,34,40,24,43.0,24,43,Last-minute crammer,Probation,Not Started,Lacks fundamental understanding of the subject matter.,No interest,34.95,Poor
S-11452,REG-2026-2452,M,19,BS AI,6,S3,50,32,65.0,2.87,2.59,76,76,76.0,66,70,69,66.03,55,70,Last-minute crammer,Warning,Not Started,Understands the basics but struggles with complex logic.,Participates occasionally,66.65,Good
S-11453,REG-2026-2453,F,20,BS Data Science,4,S2,50,49,99.0,3.98,3.76,82,85,83.5,86,90,96,81.0,85,89,Highly focused,Excellent,Completed,Shows excellent leadership and analytical skills.,Active club president,87.35,Excellent
S-11454,REG-2026-2454,M,23,BS Data Science,8,S2,50,45,91.0,3.79,3.92,96,96,96.0,93,95,92,97.0,83,83,Regular studier,Excellent,Completed,Outstanding performance throughout the semester.,Active club president,90.55,Excellent
S-11455,REG-2026-2455,F,21,BS Software Eng,7,S3,50,35,71.0,3.34,3.62,74,68,71.0,67,60,77,71.0,73,62,Needs some guidance,Good,Ongoing,Understands the basics but struggles with complex logic.,Learning basics of music,70.2,Good
S-11456,REG-2026-2456,F,19,BS Computer Science,4,S2,50,36,73.0,3.3,3.48,57,71,64.0,68,65,61,77.0,73,66,Last-minute crammer,Warning,Ongoing,Average performance. Needs to focus more on lab work.,Participates occasionally,69.35,Good
S-11457,REG-2026-2457,M,25,BS Computer Science,3,S3,50,35,71.0,2.64,2.44,55,67,61.0,60,74,59,59.0,64,57,Last-minute crammer,Good,Not Started,Understands the basics but struggles with complex logic.,Participates occasionally,62.4,Average
S-11458,REG-2026-2458,M,21,BS Software Eng,5,S1,50,34,69.0,3.2,3.47,62,66,64.0,59,78,66,57.0,65,56,Last-minute crammer,Warning,Not Started,Understands the basics but struggles with complex logic.,Participates occasionally,63.75,Average
S-11459,REG-2026-2459,F,18,BS AI,8,S3,50,33,66.0,2.8,2.91,64,77,70.5,60,76,76,73.0,66,78,Occasional studier,Warning,Ongoing,Average performance. Needs to focus more on lab work.,Average sports player,71.25,Good
S-11460,REG-2026-2460,M,25,BS Data Science,4,S1,50,34,69.0,3.27,3.08,68,71,69.5,67,61,56,66.03,77,75,Needs some guidance,Warning,Ongoing,Good effort but needs more consistency in assignments.,Average sports player,70.4,Good
S-11461,REG-2026-2461,M,25,BS Data Science,6,S2,50,38,72.69,2.55,2.57,73,74,73.5,72,78,73,66.0,64,71,Occasional studier,Good,Not Started,Average performance. Needs to focus more on lab work.,Learning basics of music,69.8,Good
S-11462,REG-2026-2462,F,18,BS Data Science,4,S1,50,36,73.0,3.07,3.24,70,67,68.5,60,68,58,71.0,68,60,Occasional studier,Warning,Ongoing,Average performance. Needs to focus more on lab work.,Learning basics of music,66.2,Good
S-11463,REG-2026-2463,F,22,BS Info Tech,6,S2,50,40,80.0,2.8,2.68,61,67,64.0,61,71,60,61.0,72,57,Occasional studier,Good,Ongoing,Good effort but needs more consistency in assignments.,Average sports player,65.45,Good
S-11464,REG-2026-2464,F,25,BS Data Science,4,S3,50,35,71.0,3.21,3.02,55,73,64.0,56,71,55,77.0,64,61,Needs some guidance,Warning,Ongoing,Understands the basics but struggles with complex logic.,Participates occasionally,65.6,Good
S-11465,REG-2026-2465,M,18,BS AI,8,S1,50,15,31.0,1.12,1.0,39,49,44.0,48,43,42,40.0,42,46,Last-minute crammer,Warning,Not Started,Frequently misses deadlines and lacks motivation.,Struggles to participate,42.05,Poor
S-11466,REG-2026-2466,F,18,BS AI,4,S3,50,43,86.0,3.59,3.43,81,80,80.5,94,87,94,97.0,82,88,Regular studier,Excellent,Completed,Outstanding performance throughout the semester.,Shows leadership in sports,88.55,Excellent
S-11467,REG-2026-2467,M,24,BS Software Eng,3,S2,50,46,93.0,3.97,3.68,81,89,85.0,87,81,91,96.0,85,96,Regular studier,Excellent,Completed,Outstanding performance throughout the semester.,Outstanding performer in arts,89.3,Excellent
S-11468,REG-2026-2468,F,22,BS Data Science,2,S1,50,32,65.0,3.17,3.43,66,77,71.5,73,56,75,70.0,70,63,Last-minute crammer,Warning,Ongoing,Understands the basics but struggles with complex logic.,Learning basics of music,68.7,Good
S-11469,REG-2026-2469,M,21,BS Software Eng,6,S3,50,37,74.0,3.39,3.31,61,65,63.0,63,63,66,66.0,73,57,Needs some guidance,Warning,Not Started,"Participates occasionally, can definitely do better.",Learning basics of music,66.5,Good
S-11470,REG-2026-2470,M,18,BS Data Science,4,S3,50,44,88.0,3.9,3.68,94,91,92.5,97,99,98,93.0,94,86,Very consistent,Excellent,Completed,Shows excellent leadership and analytical skills.,Outstanding performer in arts,93.8,Excellent
S-11471,REG-2026-2471,F,18,BS Software Eng,4,S2,50,46,93.0,3.78,3.9,87,80,83.5,84,83,85,89.0,93,83,Very consistent,Excellent,Completed,Outstanding performance throughout the semester.,Shows leadership in sports,87.6,Excellent
S-11472,REG-2026-2472,M,25,BS Data Science,2,S1,50,34,68.0,2.68,2.74,72,69,70.5,71,56,75,57.0,71,62,Occasional studier,Good,Not Started,"Participates occasionally, can definitely do better.",Average sports player,66.2,Good
S-11473,REG-2026-2473,F,19,BS AI,5,S2,50,15,31.0,1.63,1.56,29,32,30.5,24,32,43,45.0,46,29,Last-minute crammer,Needs Improvement,Not Started,Lacks fundamental understanding of the subject matter.,No interest,38.85,Poor
S-11474,REG-2026-2474,M,21,BS Computer Science,5,S3,50,17,35.0,2.18,1.93,39,29,34.0,29,53,30,24.0,23,37,Rarely studies,Probation,Not Started,Lacks fundamental understanding of the subject matter.,Struggles to participate,30.65,Poor
S-11475,REG-2026-2475,F,18,BS Software Eng,5,S3,50,38,77.0,2.51,2.35,72,64,68.0,60,55,76,66.0,71,74,Occasional studier,Good,Ongoing,Average performance. Needs to focus more on lab work.,Average sports player,68.9,Good
S-11476,REG-2026-2476,M,21,BS Software Eng,4,S2,50,40,80.0,2.81,2.95,57,73,65.0,66,55,72,72.0,77,61,Occasional studier,Good,Ongoing,Good effort but needs more consistency in assignments.,Participates occasionally,69.85,Good
S-11477,REG-2026-2477,M,23,BS Data Science,8,S1,50,36,73.0,3.23,3.22,70,72,71.0,74,74,76,58.0,61,57,Last-minute crammer,Warning,Ongoing,Good effort but needs more consistency in assignments.,Learning basics of music,65.8,Good
S-11478,REG-2026-2478,F,23,BS AI,3,S1,50,49,99.0,3.8,3.58,84,94,89.0,87,94,93,94.0,81,92,Highly focused,Excellent,Completed,Shows excellent leadership and analytical skills.,Active club president,89.8,Excellent
S-11479,REG-2026-2479,M,18,BS AI,8,S1,50,39,78.0,3.34,3.11,56,61,58.5,60,58,60,56.0,68,56,Last-minute crammer,Good,Ongoing,Average performance. Needs to focus more on lab work.,Average sports player,61.35,Average
S-11480,REG-2026-2480,F,23,BS Computer Science,4,S1,50,39,79.0,2.94,3.0,75,58,66.5,73,65,62,67.0,72,58,Occasional studier,Warning,Ongoing,"Participates occasionally, can definitely do better.",Learning basics of music,67.25,Good
S-11481,REG-2026-2481,M,19,BS Data Science,4,S1,50,35,71.0,3.25,2.98,62,55,58.5,59,77,60,60.0,59,74,Needs some guidance,Warning,Not Started,Understands the basics but struggles with complex logic.,Average sports player,63.2,Average
S-11482,REG-2026-2482,F,22,BS Computer Science,4,S3,50,35,71.0,2.67,2.53,69,77,73.0,63,59,72,78.0,57,71,Needs some guidance,Good,Ongoing,Understands the basics but struggles with complex logic.,Learning basics of music,67.65,Good
S-11483,REG-2026-2483,F,20,BS AI,2,S1,50,39,79.0,2.96,2.76,78,74,76.0,76,61,74,71.0,67,64,Last-minute crammer,Warning,Ongoing,"Participates occasionally, can definitely do better.",Average sports player,69.9,Good
S-11484,REG-2026-2484,M,21,BS Info Tech,4,S2,50,35,71.0,2.87,3.06,76,64,70.0,63,57,60,68.0,64,68,Needs some guidance,Good,Ongoing,Understands the basics but struggles with complex logic.,Learning basics of music,64.8,Average
S-11485,REG-2026-2485,M,21,BS Software Eng,3,S2,50,41,82.0,3.44,3.39,68,70,69.0,63,76,74,77.0,73,59,Needs some guidance,Warning,Ongoing,"Participates occasionally, can definitely do better.",Participates occasionally,72.4,Good
S-11486,REG-2026-2486,M,23,BS Info Tech,6,S1,50,40,80.0,3.11,3.34,59,70,64.5,73,63,72,68.0,67,78,Last-minute crammer,Warning,Ongoing,Understands the basics but struggles with complex logic.,Average sports player,69.35,Good
S-11487,REG-2026-2487,M,24,BS AI,6,S2,50,34,68.0,3.3,3.22,73,76,74.5,64,59,71,61.0,72,62,Last-minute crammer,Warning,Not Started,Average performance. Needs to focus more on lab work.,Average sports player,67.0,Good
S-11488,REG-2026-2488,F,18,BS Info Tech,1,S2,50,31,63.0,1.34,1.48,33,39,36.0,45,28,26,49.0,40,25,Needs constant monitoring,Needs Improvement,Not Started,Lacks fundamental understanding of the subject matter.,Shy and inactive,38.0,Poor
S-11489,REG-2026-2489,M,22,BS Software Eng,1,S3,50,44,88.0,3.69,3.5,87,84,85.5,99,97,95,94.0,97,99,Highly focused,Excellent,Completed,"Highly proactive, consistent, and quick learner.",Outstanding performer in arts,94.8,Excellent
S-11490,REG-2026-2490,F,18,BS Software Eng,3,S3,50,40,81.0,2.52,2.66,77,55,66.0,75,72,68,64.0,78,66,Last-minute crammer,Good,Ongoing,Average performance. Needs to focus more on lab work.,Learning basics of music,70.7,Good
S-11491,REG-2026-2491,F,23,BS Software Eng,1,S3,50,41,72.69,3.33,3.41,63,66,64.5,70,59,56,65.0,60,55,Last-minute crammer,Good,Ongoing,Understands the basics but struggles with complex logic.,Participates occasionally,61.85,Average
S-11492,REG-2026-2492,F,19,BS Info Tech,3,S3,50,35,71.0,2.82,2.96,66,63,64.5,58,57,66,69.0,59,63,Occasional studier,Good,Not Started,Understands the basics but struggles with complex logic.,Learning basics of music,63.35,Average
S-11493,REG-2026-2493,F,19,BS Computer Science,4,S2,50,29,59.0,1.68,1.68,39,45,42.0,41,48,52,41.0,40,20,Rarely studies,Probation,Not Started,Lacks fundamental understanding of the subject matter.,Struggles to participate,42.0,Poor
S-11494,REG-2026-2494,M,18,BS Info Tech,2,S1,50,39,79.0,2.99,2.95,64,72,68.0,64,65,78,57.0,60,75,Last-minute crammer,Good,Ongoing,Average performance. Needs to focus more on lab work.,Average sports player,66.05,Good
S-11495,REG-2026-2495,F,22,BS Software Eng,6,S3,50,43,87.0,3.54,3.83,93,87,90.0,95,83,90,88.0,92,81,Regular studier,Excellent,Completed,Shows excellent leadership and analytical skills.,Shows leadership in sports,88.6,Excellent
S-11496,REG-2026-2496,M,19,BS Data Science,1,S3,50,15,30.0,2.48,2.91,46,48,47.0,25,53,50,47.0,49,48,Needs constant monitoring,Probation,Not Started,Irregular attendance and extremely poor focus in class.,Shy and inactive,46.7,Poor
S-11497,REG-2026-2497,M,23,BS Info Tech,3,S3,50,41,83.0,2.79,2.7,69,69,69.0,61,78,71,61.0,58,74,Last-minute crammer,Good,Ongoing,Average performance. Needs to focus more on lab work.,Learning basics of music,66.65,Good
S-11498,REG-2026-2498,F,23,BS Data Science,6,S1,50,33,66.0,2.55,2.91,63,74,68.5,68,57,62,57.0,72,76,Occasional studier,Good,Not Started,Good effort but needs more consistency in assignments.,Average sports player,65.55,Good
S-11499,REG-2026-2499,M,21,BS Info Tech,1,S2,50,44,89.0,3.78,3.89,84,90,87.0,80,91,98,90.0,87,83,Highly focused,Excellent,Completed,"Highly proactive, consistent, and quick learner.",Active club president,89.0,Excellent
S-11500,REG-2026-2500,M,21,BS Info Tech,7,S2,50,28,58.0,2.4,2.67,23,24,23.5,31,35,37,22.0,46,45,Needs constant monitoring,Warning,Not Started,"Needs urgent improvement, counseling recommended.",Shy and inactive,36.25,Poor
S-11501,REG-2026-2501,F,23,BS Computer Science,3,S1,50,33,66.0,2.57,2.54,60,75,67.5,59,65,70,56.0,61,69,Occasional studier,Good,Not Started,Understands the basics but struggles with complex logic.,Learning basics of music,63.35,Average
S-11502,REG-2026-2502,F,23,BS Info Tech,4,S1,50,48,96.0,3.74,3.68,92,96,94.0,99,89,96,99.0,87,86,Regular studier,Excellent,Completed,Brilliant understanding of core concepts. A joy to teach.,Active club president,92.6,Excellent
S-11503,REG-2026-2503,F,19,BS Data Science,2,S2,50,34,69.0,2.95,3.22,73,78,75.5,62,64,62,69.0,62,56,Needs some guidance,Good,Ongoing,Understands the basics but struggles with complex logic.,Participates occasionally,64.7,Average
S-11504,REG-2026-2504,F,25,BS Computer Science,4,S1,50,35,72.69,3.11,2.86,76,58,67.0,56,66,65,76.0,73,67,Needs some guidance,Good,Ongoing,Average performance. Needs to focus more on lab work.,Average sports player,69.55,Good
S-11505,REG-2026-2505,F,19,BS Data Science,1,S1,50,30,61.0,1.78,2.05,33,50,41.5,45,30,35,52.0,30,35,Needs constant monitoring,Needs Improvement,Not Started,Frequently misses deadlines and lacks motivation.,Shy and inactive,39.1,Poor
S-11506,REG-2026-2506,M,19,BS Info Tech,5,S1,50,30,60.0,2.31,2.36,29,37,33.0,39,47,41,34.0,35,25,Rarely studies,Probation,Not Started,Frequently misses deadlines and lacks motivation.,Shy and inactive,37.15,Poor
S-11507,REG-2026-2507,F,18,BS Data Science,1,S1,50,26,53.0,2.09,1.79,38,39,38.5,38,23,51,34.0,46,26,Last-minute crammer,Probation,Not Started,Frequently misses deadlines and lacks motivation.,Shy and inactive,39.25,Poor
S-11508,REG-2026-2508,M,24,BS Info Tech,5,S1,50,25,50.0,1.65,1.36,53,39,46.0,47,43,50,29.0,40,24,Rarely studies,Needs Improvement,Not Started,Frequently misses deadlines and lacks motivation.,Struggles to participate,39.45,Poor
S-11509,REG-2026-2509,M,24,BS Data Science,5,S2,50,17,35.0,1.51,1.53,50,36,43.0,40,27,36,51.0,35,23,Needs constant monitoring,Probation,Not Started,"Needs urgent improvement, counseling recommended.",Shy and inactive,37.4,Poor
S-11510,REG-2026-2510,F,24,BS AI,1,S3,50,34,69.0,2.67,2.92,63,77,70.0,68,72,64,77.0,77,73,Last-minute crammer,Good,Not Started,Understands the basics but struggles with complex logic.,Participates occasionally,72.6,Good
S-11511,REG-2026-2511,M,20,BS Software Eng,1,S3,50,46,92.0,3.57,3.56,90,90,90.0,95,80,84,83.0,91,90,Regular studier,Excellent,Completed,"Highly proactive, consistent, and quick learner.",Shows leadership in sports,87.3,Excellent
S-11512,REG-2026-2512,M,21,BS Computer Science,5,S3,50,39,79.0,2.95,2.98,66,61,63.5,73,77,62,74.0,62,59,Occasional studier,Warning,Ongoing,Average performance. Needs to focus more on lab work.,Learning basics of music,67.15,Good
S-11513,REG-2026-2513,F,24,BS AI,1,S2,50,41,83.0,3.39,3.63,76,72,74.0,61,61,78,77.0,66,75,Occasional studier,Warning,Not Started,"Participates occasionally, can definitely do better.",Participates occasionally,71.8,Good
S-11514,REG-2026-2514,M,23,BS AI,7,S3,50,49,98.0,3.94,3.74,99,88,93.5,89,90,99,97.0,82,92,Very consistent,Excellent,Completed,Shows excellent leadership and analytical skills.,Outstanding performer in arts,91.65,Excellent
S-11515,REG-2026-2515,M,25,BS Software Eng,4,S2,50,49,98.0,3.8,3.6,92,88,90.0,99,83,93,91.0,88,83,Highly focused,Excellent,Completed,Shows excellent leadership and analytical skills.,Outstanding performer in arts,89.6,Excellent
S-11516,REG-2026-2516,M,18,BS Data Science,1,S2,50,40,81.0,3.1,2.93,71,74,72.5,71,77,59,78.0,57,59,Occasional studier,Good,Ongoing,"Participates occasionally, can definitely do better.",Average sports player,67.15,Good
S-11517,REG-2026-2517,M,24,BS Computer Science,8,S3,50,27,55.0,1.41,1.28,53,42,47.5,28,36,34,32.0,53,22,Needs constant monitoring,Warning,Not Started,Frequently misses deadlines and lacks motivation.,No interest,39.45,Poor
S-11518,REG-2026-2518,M,18,BS Computer Science,1,S1,50,36,73.0,2.93,2.65,56,70,63.0,78,60,76,65.0,58,75,Needs some guidance,Warning,Ongoing,Average performance. Needs to focus more on lab work.,Learning basics of music,66.25,Good
S-11519,REG-2026-2519,M,19,BS Computer Science,1,S2,50,42,85.0,3.52,3.61,83,80,81.5,84,98,98,88.0,88,90,Regular studier,Excellent,Completed,"Highly proactive, consistent, and quick learner.",Outstanding performer in arts,89.7,Excellent
S-11520,REG-2026-2520,F,18,BS Info Tech,7,S2,50,19,38.0,2.43,2.52,45,32,38.5,39,20,52,43.0,40,48,Last-minute crammer,Warning,Not Started,"Needs urgent improvement, counseling recommended.",No interest,40.9,Poor
S-11521,REG-2026-2521,F,22,BS Info Tech,5,S2,50,33,72.69,2.58,2.81,56,63,59.5,55,62,78,71.0,78,62,Needs some guidance,Warning,Ongoing,Average performance. Needs to focus more on lab work.,Average sports player,69.85,Good
S-11522,REG-2026-2522,M,20,BS Software Eng,6,S3,50,49,98.0,3.98,3.83,81,90,85.5,90,96,87,98.0,98,91,Regular studier,Excellent,Completed,"Highly proactive, consistent, and quick learner.",Outstanding performer in arts,93.8,Excellent
S-11523,REG-2026-2523,M,23,BS Computer Science,8,S3,50,36,72.0,3.42,3.13,76,69,72.5,62,63,62,77.0,66,76,Last-minute crammer,Warning,Ongoing,Understands the basics but struggles with complex logic.,Average sports player,69.05,Good
S-11524,REG-2026-2524,F,23,BS AI,3,S2,50,35,70.0,2.83,2.86,61,73,67.0,72,75,56,69.0,77,72,Last-minute crammer,Good,Not Started,"Participates occasionally, can definitely do better.",Participates occasionally,69.95,Good
S-11525,REG-2026-2525,M,21,BS Software Eng,5,S3,50,40,80.0,3.24,3.22,65,74,69.5,62,75,67,74.0,58,69,Last-minute crammer,Warning,Ongoing,Understands the basics but struggles with complex logic.,Average sports player,67.8,Good
S-11526,REG-2026-2526,M,18,BS AI,8,S2,50,35,70.0,3.29,3.41,64,73,68.5,70,75,75,72.0,75,58,Occasional studier,Good,Ongoing,Good effort but needs more consistency in assignments.,Participates occasionally,71.55,Good
S-11527,REG-2026-2527,F,21,BS Software Eng,5,S1,50,26,72.69,2.43,2.7,27,39,33.0,49,26,35,51.0,52,34,Last-minute crammer,Warning,Not Started,Frequently misses deadlines and lacks motivation.,Struggles to participate,42.8,Poor
S-11528,REG-2026-2528,M,21,BS AI,6,S2,50,17,34.0,2.49,2.56,39,43,41.0,37,30,30,30.0,27,46,Last-minute crammer,Probation,Not Started,Lacks fundamental understanding of the subject matter.,Shy and inactive,32.5,Poor
S-11529,REG-2026-2529,M,20,BS Computer Science,1,S2,50,45,91.0,3.5,3.27,94,90,92.0,96,91,93,82.0,97,95,Regular studier,Excellent,Completed,"Highly proactive, consistent, and quick learner.",Shows leadership in sports,91.75,Excellent
S-11530,REG-2026-2530,M,18,BS Software Eng,6,S3,50,35,71.0,2.61,2.85,70,63,66.5,68,60,77,68.0,67,67,Last-minute crammer,Good,Ongoing,Understands the basics but struggles with complex logic.,Learning basics of music,68.2,Good
S-11531,REG-2026-2531,M,18,BS Data Science,5,S3,50,40,81.0,3.47,3.64,72,56,64.0,59,67,64,56.0,77,78,Needs some guidance,Warning,Ongoing,"Participates occasionally, can definitely do better.",Participates occasionally,67.95,Good
S-11532,REG-2026-2532,F,23,BS Computer Science,7,S3,50,35,70.0,3.47,3.47,60,78,69.0,64,65,55,57.0,60,61,Occasional studier,Good,Ongoing,Understands the basics but struggles with complex logic.,Learning basics of music,60.85,Average
S-11533,REG-2026-2533,M,18,BS Info Tech,4,S3,50,33,66.0,2.91,2.65,73,72,72.5,66,62,69,66.03,62,62,Needs some guidance,Good,Ongoing,"Participates occasionally, can definitely do better.",Learning basics of music,65.5,Good
S-11534,REG-2026-2534,F,20,BS Info Tech,7,S3,50,44,89.0,3.75,3.65,91,92,91.5,82,90,87,95.0,96,82,Very consistent,Excellent,Completed,"Highly proactive, consistent, and quick learner.",Active club president,90.95,Excellent
S-11535,REG-2026-2535,M,23,BS Info Tech,3,S1,50,34,69.0,2.63,2.55,55,55,55.0,68,68,60,65.0,63,66,Last-minute crammer,Good,Ongoing,Understands the basics but struggles with complex logic.,Participates occasionally,63.5,Average
S-11536,REG-2026-2536,M,25,BS Software Eng,2,S3,50,36,72.0,2.63,2.34,58,73,65.5,65,64,57,66.03,72,57,Last-minute crammer,Good,Not Started,Understands the basics but struggles with complex logic.,Average sports player,63.65,Average
S-11537,REG-2026-2537,F,23,BS AI,4,S3,50,47,94.0,3.64,3.35,88,96,92.0,95,87,90,91.0,81,81,Very consistent,Excellent,Completed,Outstanding performance throughout the semester.,Shows leadership in sports,87.4,Excellent
S-11538,REG-2026-2538,F,20,BS Info Tech,7,S2,50,38,76.0,3.06,3.14,65,67,66.0,56,55,55,76.0,59,57,Occasional studier,Warning,Not Started,Understands the basics but struggles with complex logic.,Average sports player,62.6,Average
S-11539,REG-2026-2539,M,18,BS Info Tech,2,S1,50,42,85.0,3.9,3.82,89,91,90.0,91,81,82,87.0,99,80,Very consistent,Excellent,Completed,Outstanding performance throughout the semester.,Active club president,88.35,Excellent
S-11540,REG-2026-2540,M,21,BS Data Science,4,S2,50,35,72.69,3.21,3.37,68,76,72.0,62,60,66,56.0,63,60,Needs some guidance,Warning,Not Started,Good effort but needs more consistency in assignments.,Learning basics of music,62.7,Average
S-11541,REG-2026-2541,F,24,BS Software Eng,3,S3,50,37,75.0,2.94,3.16,61,72,66.5,67,71,55,66.03,60,70,Last-minute crammer,Warning,Ongoing,Understands the basics but struggles with complex logic.,Participates occasionally,66.5,Good
S-11542,REG-2026-2542,F,24,BS Computer Science,2,S1,50,32,65.0,2.68,2.58,73,68,70.5,60,76,65,58.0,55,58,Occasional studier,Warning,Ongoing,Understands the basics but struggles with complex logic.,Learning basics of music,61.8,Average
S-11543,REG-2026-2543,F,24,BS Computer Science,6,S3,50,16,33.0,1.05,1.01,41,53,47.0,34,31,49,29.0,22,42,Rarely studies,Needs Improvement,Not Started,Frequently misses deadlines and lacks motivation.,No interest,34.0,Poor
S-11544,REG-2026-2544,F,23,BS Software Eng,6,S2,50,33,66.0,2.9,3.14,71,56,63.5,63,77,65,55.0,73,64,Needs some guidance,Warning,Not Started,Good effort but needs more consistency in assignments.,Average sports player,65.9,Good
S-11545,REG-2026-2545,M,24,BS Data Science,8,S1,50,36,73.0,2.59,2.72,71,67,69.0,57,68,69,67.0,72,73,Occasional studier,Good,Not Started,Good effort but needs more consistency in assignments.,Average sports player,69.25,Good
S-11546,REG-2026-2546,F,21,BS Computer Science,8,S2,50,35,71.0,2.83,2.62,76,55,65.5,68,71,58,68.0,75,64,Needs some guidance,Warning,Not Started,Good effort but needs more consistency in assignments.,Average sports player,68.05,Good
S-11547,REG-2026-2547,M,18,BS Computer Science,3,S3,50,41,82.0,2.52,2.41,71,56,63.5,75,67,75,59.0,58,70,Needs some guidance,Good,Not Started,Good effort but needs more consistency in assignments.,Learning basics of music,65.45,Good
S-11548,REG-2026-2548,F,20,BS Computer Science,7,S2,50,49,98.0,3.83,3.71,98,83,90.5,97,82,83,95.0,83,90,Very consistent,Excellent,Completed,No feedback provided,Shows leadership in sports,88.2,Excellent
S-11549,REG-2026-2549,F,18,BS Computer Science,8,S1,50,19,38.0,1.41,1.41,26,47,36.5,23,45,38,66.03,46,37,Rarely studies,Probation,Not Started,Lacks fundamental understanding of the subject matter.,No interest,40.5,Poor
S-11550,REG-2026-2550,F,21,BS Computer Science,7,S3,50,19,38.0,1.35,1.18,20,37,28.5,51,35,46,20.0,44,45,Last-minute crammer,Probation,Not Started,Lacks fundamental understanding of the subject matter.,No interest,37.2,Poor
S-11551,REG-2026-2551,M,22,BS Info Tech,5,S1,50,21,42.0,1.57,1.54,44,35,39.5,41,22,22,43.0,46,52,Rarely studies,Needs Improvement,Not Started,Frequently misses deadlines and lacks motivation.,No interest,38.9,Poor
S-11552,REG-2026-2552,M,25,BS Info Tech,8,S1,50,35,70.0,3.38,3.66,68,70,69.0,78,61,74,63.0,77,76,Last-minute crammer,Good,Not Started,Understands the basics but struggles with complex logic.,Participates occasionally,70.95,Good
S-11553,REG-2026-2553,M,24,BS Data Science,2,S1,50,46,92.0,3.53,3.6,98,84,91.0,84,90,93,80.0,90,90,Very consistent,Excellent,Completed,"Highly proactive, consistent, and quick learner.",Active club president,88.35,Excellent
S-11554,REG-2026-2554,M,18,BS Info Tech,8,S2,50,47,95.0,3.62,3.66,86,80,83.0,98,93,85,83.0,92,98,Regular studier,Excellent,Completed,Brilliant understanding of core concepts. A joy to teach.,Outstanding performer in arts,89.4,Excellent
S-11555,REG-2026-2555,F,22,BS Data Science,1,S1,50,46,92.0,3.93,3.68,95,94,94.5,88,97,94,82.0,94,97,Regular studier,Excellent,Completed,"Highly proactive, consistent, and quick learner.",Active club president,91.85,Excellent
S-11556,REG-2026-2556,F,22,BS Computer Science,8,S1,50,47,94.0,3.68,3.83,98,81,89.5,85,93,92,90.0,82,89,Regular studier,Excellent,Completed,"Highly proactive, consistent, and quick learner.",Outstanding performer in arts,88.4,Excellent
S-11557,REG-2026-2557,M,21,BS Data Science,8,S1,50,15,72.69,2.44,2.47,34,38,36.0,29,42,46,42.0,20,37,Rarely studies,Probation,Not Started,"Needs urgent improvement, counseling recommended.",No interest,34.8,Poor
S-11558,REG-2026-2558,M,24,BS Data Science,8,S2,50,40,80.0,2.97,3.03,75,73,74.0,77,69,63,65.0,78,70,Occasional studier,Warning,Ongoing,Good effort but needs more consistency in assignments.,Participates occasionally,71.1,Good
S-11559,REG-2026-2559,F,21,BS Computer Science,1,S3,50,46,93.0,3.64,3.67,90,84,87.0,96,94,94,99.0,81,81,Very consistent,Excellent,Completed,"Highly proactive, consistent, and quick learner.",Outstanding performer in arts,89.8,Excellent
S-11560,REG-2026-2560,F,24,BS Data Science,5,S1,50,27,54.0,1.49,2.91,25,27,26.0,47,29,52,44.0,34,50,Needs constant monitoring,Warning,Not Started,Irregular attendance and extremely poor focus in class.,Shy and inactive,40.65,Poor
S-11561,REG-2026-2561,M,25,BS Data Science,7,S2,50,32,65.0,2.96,3.12,72,62,67.0,61,67,66,64.0,72,67,Last-minute crammer,Warning,Not Started,Good effort but needs more consistency in assignments.,Average sports player,67.1,Good
S-11562,REG-2026-2562,F,18,BS Computer Science,3,S3,50,38,77.0,2.73,2.62,65,57,61.0,76,62,77,72.0,56,75,Occasional studier,Good,Not Started,Good effort but needs more consistency in assignments.,Participates occasionally,67.4,Good
S-11563,REG-2026-2563,M,18,BS Computer Science,7,S2,50,24,49.0,1.94,2.13,39,30,34.5,36,20,38,33.0,42,39,Rarely studies,Warning,Not Started,Irregular attendance and extremely poor focus in class.,Shy and inactive,36.4,Poor
S-11564,REG-2026-2564,F,25,BS Software Eng,2,S2,50,32,65.0,3.11,2.84,69,62,65.5,73,62,60,63.0,75,61,Needs some guidance,Good,Not Started,Good effort but needs more consistency in assignments.,Learning basics of music,66.1,Good
S-11565,REG-2026-2565,M,24,BS AI,7,S1,50,46,93.0,3.93,3.71,80,93,86.5,96,83,97,80.0,83,81,Regular studier,Excellent,Completed,"Highly proactive, consistent, and quick learner.",Active club president,85.8,Excellent
S-11566,REG-2026-2566,F,21,BS Data Science,6,S3,50,41,83.0,3.05,3.03,68,73,70.5,64,62,58,68.0,57,77,Last-minute crammer,Warning,Ongoing,Good effort but needs more consistency in assignments.,Average sports player,64.85,Average
S-11567,REG-2026-2567,M,19,BS Data Science,5,S1,50,23,46.0,2.05,2.25,40,38,39.0,27,50,34,22.0,46,26,Rarely studies,Needs Improvement,Not Started,Irregular attendance and extremely poor focus in class.,Shy and inactive,36.15,Poor
S-11568,REG-2026-2568,M,22,BS Info Tech,3,S2,50,36,72.0,3.47,3.77,73,72,72.5,73,68,55,57.0,56,78,Needs some guidance,Good,Ongoing,"Participates occasionally, can definitely do better.",Average sports player,62.75,Average
S-11569,REG-2026-2569,F,25,BS Computer Science,3,S2,50,43,87.0,3.74,3.9,86,90,88.0,96,84,91,80.0,86,91,Regular studier,Excellent,Completed,Brilliant understanding of core concepts. A joy to teach.,Active club president,86.6,Excellent
S-11570,REG-2026-2570,M,21,BS Software Eng,7,S1,50,15,31.0,1.67,1.88,48,34,41.0,41,26,32,51.0,47,52,Needs constant monitoring,Warning,Not Started,"Needs urgent improvement, counseling recommended.",Shy and inactive,42.25,Poor
S-11571,REG-2026-2571,F,21,BS Computer Science,4,S1,50,44,89.0,3.67,3.94,86,97,91.5,82,95,96,66.03,97,90,Highly focused,Excellent,Completed,Outstanding performance throughout the semester.,Active club president,92.45,Excellent
S-11572,REG-2026-2572,M,22,BS Data Science,7,S2,50,39,78.0,3.48,3.27,70,72,71.0,69,68,68,59.0,72,71,Last-minute crammer,Good,Not Started,Good effort but needs more consistency in assignments.,Average sports player,68.35,Good
S-11573,REG-2026-2573,F,23,BS Computer Science,8,S3,50,39,78.0,3.17,3.31,63,75,69.0,57,60,71,68.0,76,69,Last-minute crammer,Good,Not Started,Good effort but needs more consistency in assignments.,Average sports player,69.8,Good
S-11574,REG-2026-2574,F,22,BS Software Eng,3,S1,50,33,67.0,2.73,2.93,71,66,68.5,62,60,67,74.0,72,57,Last-minute crammer,Warning,Not Started,"Participates occasionally, can definitely do better.",Learning basics of music,67.85,Good
S-11575,REG-2026-2575,M,19,BS AI,6,S1,50,36,73.0,3.15,2.99,76,57,66.5,55,75,61,56.0,58,72,Needs some guidance,Warning,Ongoing,Understands the basics but struggles with complex logic.,Learning basics of music,62.6,Average
S-11576,REG-2026-2576,M,22,BS Info Tech,8,S3,50,41,82.0,2.69,2.63,64,76,70.0,78,73,71,58.0,71,65,Last-minute crammer,Warning,Ongoing,Average performance. Needs to focus more on lab work.,Average sports player,68.8,Good
S-11577,REG-2026-2577,F,24,BS Computer Science,1,S1,50,17,34.0,1.98,1.88,53,30,41.5,45,36,46,49.0,32,43,Last-minute crammer,Needs Improvement,Not Started,Lacks fundamental understanding of the subject matter.,No interest,40.7,Poor
S-11578,REG-2026-2578,M,18,BS Data Science,2,S3,50,37,74.0,2.62,2.47,71,68,69.5,62,65,77,73.0,63,62,Occasional studier,Warning,Not Started,Good effort but needs more consistency in assignments.,Average sports player,68.35,Good
S-11579,REG-2026-2579,M,24,BS Software Eng,4,S1,50,32,65.0,3.04,3.26,71,76,73.5,68,78,73,73.0,60,62,Last-minute crammer,Warning,Ongoing,Good effort but needs more consistency in assignments.,Average sports player,68.55,Good
S-11580,REG-2026-2580,F,18,BS Data Science,7,S3,50,33,67.0,3.1,2.9,57,73,65.0,58,75,56,67.0,57,75,Occasional studier,Good,Not Started,Average performance. Needs to focus more on lab work.,Learning basics of music,63.8,Average
S-11581,REG-2026-2581,M,20,BS Info Tech,6,S2,50,44,88.0,3.76,3.75,85,85,85.0,87,87,83,84.0,99,83,Highly focused,Excellent,Completed,Brilliant understanding of core concepts. A joy to teach.,Shows leadership in sports,88.25,Excellent
S-11582,REG-2026-2582,M,25,BS Info Tech,2,S3,50,42,85.0,3.51,3.21,80,91,85.5,97,86,99,83.0,84,99,Very consistent,Excellent,Completed,No feedback provided,Active club president,88.6,Excellent
S-11583,REG-2026-2583,F,25,BS AI,4,S2,50,43,86.0,3.9,3.94,98,85,91.5,92,86,87,93.0,94,99,Very consistent,Excellent,Completed,Brilliant understanding of core concepts. A joy to teach.,Outstanding performer in arts,91.7,Excellent
S-11584,REG-2026-2584,M,19,BS AI,3,S1,50,23,46.0,2.01,1.79,44,42,43.0,24,35,53,21.0,29,28,Rarely studies,Warning,Not Started,Frequently misses deadlines and lacks motivation.,No interest,33.5,Poor
S-11585,REG-2026-2585,F,21,BS Data Science,5,S3,50,45,90.0,3.84,3.86,87,89,88.0,90,81,80,93.0,98,86,Highly focused,Excellent,Completed,"Highly proactive, consistent, and quick learner.",Active club president,89.6,Excellent
S-11586,REG-2026-2586,F,20,BS Computer Science,8,S1,50,20,41.0,1.34,1.05,41,49,45.0,47,37,35,29.0,34,24,Rarely studies,Warning,Not Started,Frequently misses deadlines and lacks motivation.,Struggles to participate,34.55,Poor
S-11587,REG-2026-2587,M,22,BS Computer Science,5,S3,50,42,85.0,3.53,3.74,89,92,90.5,96,85,82,84.0,80,95,Very consistent,Excellent,Completed,Brilliant understanding of core concepts. A joy to teach.,Outstanding performer in arts,85.2,Excellent
S-11588,REG-2026-2588,F,23,BS Computer Science,7,S1,50,42,85.0,3.69,3.94,86,97,91.5,90,84,91,87.0,99,94,Regular studier,Excellent,Completed,Shows excellent leadership and analytical skills.,Outstanding performer in arts,91.5,Excellent
S-11589,REG-2026-2589,F,20,BS Computer Science,1,S1,50,15,30.0,1.99,2.15,20,25,22.5,20,28,24,46.0,27,25,Last-minute crammer,Warning,Not Started,Irregular attendance and extremely poor focus in class.,No interest,29.6,Poor
S-11590,REG-2026-2590,M,21,BS Data Science,7,S3,50,32,65.0,2.72,2.76,75,67,71.0,56,63,56,64.0,62,60,Occasional studier,Warning,Not Started,Good effort but needs more consistency in assignments.,Participates occasionally,62.15,Average
S-11591,REG-2026-2591,F,25,BS Software Eng,6,S3,50,45,90.0,3.83,3.9,99,93,96.0,92,93,95,86.0,88,85,Highly focused,Excellent,Completed,"Highly proactive, consistent, and quick learner.",Active club president,89.95,Excellent
S-11592,REG-2026-2592,M,23,BS Data Science,8,S2,50,45,90.0,3.59,3.49,87,90,88.5,87,94,81,98.0,94,96,Highly focused,Excellent,Completed,Brilliant understanding of core concepts. A joy to teach.,Outstanding performer in arts,91.95,Excellent
S-11593,REG-2026-2593,M,20,BS Computer Science,7,S1,50,36,72.0,3.29,2.91,67,65,66.0,68,55,66,75.0,75,63,Occasional studier,Good,Not Started,Understands the basics but struggles with complex logic.,Average sports player,69.05,Good
S-11594,REG-2026-2594,M,22,BS Computer Science,7,S2,50,43,87.0,3.52,3.39,85,83,84.0,91,82,95,66.03,80,91,Very consistent,Excellent,Completed,Outstanding performance throughout the semester.,Outstanding performer in arts,87.65,Excellent
S-11595,REG-2026-2595,F,20,BS Data Science,2,S1,50,17,35.0,2.46,2.56,20,37,28.5,41,33,39,36.0,20,43,Last-minute crammer,Needs Improvement,Not Started,"Needs urgent improvement, counseling recommended.",Struggles to participate,32.3,Poor
S-11596,REG-2026-2596,F,25,BS Info Tech,2,S3,50,45,91.0,3.74,3.85,93,97,95.0,88,81,98,89.0,98,86,Regular studier,Excellent,Completed,"Highly proactive, consistent, and quick learner.",Shows leadership in sports,92.15,Excellent
S-11597,REG-2026-2597,M,23,BS Info Tech,6,S2,50,36,72.0,3.18,3.05,65,71,68.0,61,77,77,63.0,57,63,Last-minute crammer,Good,Not Started,Understands the basics but struggles with complex logic.,Learning basics of music,65.85,Good
S-11598,REG-2026-2598,F,18,BS Software Eng,1,S2,50,33,67.0,3.09,3.28,55,77,66.0,56,62,75,63.0,64,63,Last-minute crammer,Good,Not Started,Understands the basics but struggles with complex logic.,Participates occasionally,65.1,Good
S-11599,REG-2026-2599,F,19,BS Data Science,6,S1,50,17,35.0,2.47,2.59,47,48,47.5,25,50,44,35.0,39,40,Needs constant monitoring,Probation,Not Started,"Needs urgent improvement, counseling recommended.",No interest,40.1,Poor
S-11600,REG-2026-2600,M,18,BS Info Tech,8,S2,50,23,47.0,1.9,1.91,49,35,42.0,47,51,48,21.0,50,46,Last-minute crammer,Warning,Not Started,"Needs urgent improvement, counseling recommended.",Shy and inactive,42.5,Poor
S-11601,REG-2026-2601,F,20,BS AI,1,S1,50,33,66.0,3.01,3.18,78,64,71.0,69,65,70,76.0,75,55,Last-minute crammer,Warning,Ongoing,Understands the basics but struggles with complex logic.,Learning basics of music,70.3,Good
S-11602,REG-2026-2602,F,22,BS Computer Science,3,S3,50,29,59.0,2.12,2.07,40,43,41.5,35,25,28,49.0,21,23,Last-minute crammer,Probation,Not Started,Irregular attendance and extremely poor focus in class.,No interest,32.9,Poor
S-11603,REG-2026-2603,M,22,BS AI,1,S3,50,33,67.0,2.74,2.52,63,59,61.0,61,57,67,74.0,74,72,Last-minute crammer,Good,Ongoing,Average performance. Needs to focus more on lab work.,Learning basics of music,68.75,Good
S-11604,REG-2026-2604,M,23,BS Data Science,3,S1,50,39,79.0,3.12,2.99,64,55,59.5,73,59,56,77.0,67,73,Needs some guidance,Good,Ongoing,Understands the basics but struggles with complex logic.,Learning basics of music,67.3,Good
S-11605,REG-2026-2605,M,25,BS Info Tech,5,S2,50,34,68.0,3.36,3.14,78,61,69.5,68,72,68,60.0,69,74,Needs some guidance,Good,Ongoing,Understands the basics but struggles with complex logic.,Average sports player,67.8,Good
S-11606,REG-2026-2606,M,20,BS Computer Science,5,S2,50,20,41.0,1.59,1.48,39,39,39.0,27,48,51,40.0,45,28,Rarely studies,Needs Improvement,Not Started,Frequently misses deadlines and lacks motivation.,Shy and inactive,41.8,Poor
S-11607,REG-2026-2607,M,20,BS Software Eng,7,S1,50,33,67.0,2.95,2.85,55,64,59.5,64,74,66,72.0,65,70,Last-minute crammer,Good,Not Started,Average performance. Needs to focus more on lab work.,Average sports player,67.45,Good
S-11608,REG-2026-2608,M,21,BS Software Eng,6,S2,50,47,95.0,3.68,3.92,88,87,87.5,87,95,88,84.0,85,87,Highly focused,Excellent,Completed,Brilliant understanding of core concepts. A joy to teach.,Active club president,87.3,Excellent
S-11609,REG-2026-2609,M,18,BS AI,1,S1,50,36,73.0,2.63,2.54,76,65,70.5,73,71,72,60.0,68,72,Needs some guidance,Warning,Ongoing,Understands the basics but struggles with complex logic.,Average sports player,68.45,Good
S-11610,REG-2026-2610,M,22,BS Data Science,6,S1,50,34,68.0,3.38,3.27,61,70,65.5,73,65,67,72.0,62,62,Occasional studier,Good,Ongoing,"Participates occasionally, can definitely do better.",Average sports player,66.25,Good
S-11611,REG-2026-2611,F,21,BS Info Tech,7,S2,50,34,72.69,3.2,3.2,77,63,70.0,67,55,65,71.0,69,77,Last-minute crammer,Warning,Not Started,Understands the basics but struggles with complex logic.,Learning basics of music,68.2,Good
S-11612,REG-2026-2612,M,23,BS Data Science,5,S2,50,32,65.0,3.04,3.14,56,77,66.5,61,69,64,77.0,60,63,Occasional studier,Good,Ongoing,Average performance. Needs to focus more on lab work.,Learning basics of music,66.15,Good
S-11613,REG-2026-2613,F,22,BS Software Eng,6,S3,50,35,71.0,2.77,2.61,59,55,57.0,70,73,65,74.0,57,55,Needs some guidance,Good,Ongoing,Understands the basics but struggles with complex logic.,Average sports player,64.35,Average
S-11614,REG-2026-2614,M,25,BS Software Eng,8,S1,50,20,41.0,2.42,2.36,44,45,44.5,27,43,22,44.0,26,26,Last-minute crammer,Needs Improvement,Not Started,Irregular attendance and extremely poor focus in class.,No interest,33.35,Poor
S-11615,REG-2026-2615,M,24,BS Data Science,5,S1,50,41,82.0,2.7,2.83,62,69,65.5,60,69,67,65.0,75,65,Last-minute crammer,Warning,Not Started,Understands the basics but struggles with complex logic.,Average sports player,68.85,Good
S-11616,REG-2026-2616,M,18,BS Computer Science,2,S3,50,38,77.0,3.1,2.81,69,58,63.5,59,78,62,59.0,58,69,Needs some guidance,Good,Ongoing,Average performance. Needs to focus more on lab work.,Participates occasionally,63.45,Average
S-11617,REG-2026-2617,M,22,BS Software Eng,7,S2,50,34,69.0,3.42,3.4,74,61,67.5,64,65,56,66.0,62,63,Last-minute crammer,Good,Ongoing,Understands the basics but struggles with complex logic.,Learning basics of music,63.3,Average
S-11618,REG-2026-2618,F,25,BS Data Science,7,S3,50,36,73.0,3.18,2.91,70,71,70.5,67,77,64,75.0,63,77,Needs some guidance,Good,Not Started,"Participates occasionally, can definitely do better.",Average sports player,69.8,Good
S-11619,REG-2026-2619,F,18,BS Computer Science,4,S2,50,18,37.0,1.69,1.56,21,43,32.0,49,35,36,29.0,36,37,Last-minute crammer,Probation,Not Started,Lacks fundamental understanding of the subject matter.,Struggles to participate,34.9,Poor
S-11620,REG-2026-2620,F,21,BS Computer Science,3,S2,50,37,75.0,3.25,3.2,65,74,69.5,65,61,69,61.0,71,76,Needs some guidance,Warning,Ongoing,Average performance. Needs to focus more on lab work.,Participates occasionally,67.95,Good
S-11621,REG-2026-2621,M,20,BS Computer Science,4,S3,50,38,76.0,2.53,2.5,74,76,75.0,64,72,58,56.0,74,70,Needs some guidance,Good,Ongoing,"Participates occasionally, can definitely do better.",Learning basics of music,67.1,Good
S-11622,REG-2026-2622,M,20,BS Software Eng,6,S3,50,48,96.0,3.98,3.76,95,92,93.5,86,97,90,94.0,90,96,Regular studier,Excellent,Completed,Brilliant understanding of core concepts. A joy to teach.,Active club president,92.55,Excellent
S-11623,REG-2026-2623,F,20,BS Data Science,5,S3,50,44,88.0,3.65,3.91,96,84,90.0,91,84,97,82.0,93,95,Very consistent,Excellent,Completed,Outstanding performance throughout the semester.,Active club president,90.05,Excellent
S-11624,REG-2026-2624,M,19,BS AI,1,S1,50,30,61.0,1.51,1.27,33,27,30.0,37,41,30,47.0,51,34,Last-minute crammer,Warning,Not Started,"Needs urgent improvement, counseling recommended.",Shy and inactive,42.05,Poor
S-11625,REG-2026-2625,M,18,BS AI,8,S1,50,33,67.0,3.28,3.09,75,60,67.5,59,75,56,69.0,71,59,Last-minute crammer,Good,Ongoing,"Participates occasionally, can definitely do better.",Participates occasionally,66.4,Good
S-11626,REG-2026-2626,F,24,BS AI,5,S2,50,30,72.69,1.28,1.47,41,34,37.5,23,26,24,26.0,24,21,Needs constant monitoring,Warning,Not Started,Lacks fundamental understanding of the subject matter.,No interest,27.45,Poor
S-11627,REG-2026-2627,F,18,BS Data Science,2,S2,50,32,65.0,2.94,3.13,71,58,64.5,73,65,69,63.0,55,75,Last-minute crammer,Warning,Ongoing,"Participates occasionally, can definitely do better.",Learning basics of music,64.05,Average
S-11628,REG-2026-2628,F,25,BS Info Tech,1,S3,50,40,80.0,3.18,3.02,63,69,66.0,59,61,59,66.0,72,63,Occasional studier,Good,Not Started,"Participates occasionally, can definitely do better.",Participates occasionally,66.0,Good
S-11629,REG-2026-2629,M,20,BS Data Science,3,S2,50,21,42.0,1.91,1.81,31,27,29.0,43,24,29,43.0,31,32,Last-minute crammer,Warning,Not Started,Lacks fundamental understanding of the subject matter.,No interest,33.45,Poor
S-11630,REG-2026-2630,F,24,BS Computer Science,3,S3,50,33,66.0,2.85,2.91,61,68,64.5,76,56,73,62.0,60,78,Occasional studier,Warning,Ongoing,No feedback provided,Participates occasionally,65.3,Good
S-11631,REG-2026-2631,F,23,BS Computer Science,5,S2,50,32,72.69,2.66,2.5,58,66,62.0,55,61,56,67.0,76,74,Needs some guidance,Warning,Ongoing,Average performance. Needs to focus more on lab work.,Learning basics of music,66.5,Good
S-11632,REG-2026-2632,F,19,BS AI,1,S2,50,46,93.0,3.86,3.64,87,88,87.5,81,88,88,88.0,97,85,Highly focused,Excellent,Completed,Outstanding performance throughout the semester.,Outstanding performer in arts,89.8,Excellent
S-11633,REG-2026-2633,F,24,BS Software Eng,2,S1,50,38,76.0,3.22,3.23,61,62,61.5,70,59,63,56.0,58,78,Occasional studier,Good,Ongoing,Good effort but needs more consistency in assignments.,Average sports player,62.3,Average
S-11634,REG-2026-2634,F,20,BS Info Tech,8,S1,50,33,66.0,2.78,2.83,67,64,65.5,57,63,71,55.0,59,59,Last-minute crammer,Good,Ongoing,Good effort but needs more consistency in assignments.,Learning basics of music,61.3,Average
S-11635,REG-2026-2635,M,22,BS Info Tech,5,S3,50,36,72.0,2.73,2.75,63,72,67.5,72,58,68,65.0,74,56,Last-minute crammer,Good,Not Started,Understands the basics but struggles with complex logic.,Participates occasionally,67.05,Good
S-11636,REG-2026-2636,F,20,BS Software Eng,5,S3,50,37,74.0,2.76,2.68,63,62,62.5,73,76,76,78.0,76,74,Occasional studier,Warning,Ongoing,Good effort but needs more consistency in assignments.,Learning basics of music,74.6,Good
S-11637,REG-2026-2637,F,24,BS Computer Science,7,S2,50,34,69.0,3.0,2.97,56,77,66.5,56,67,56,78.0,59,62,Last-minute crammer,Warning,Not Started,Understands the basics but struggles with complex logic.,Participates occasionally,64.55,Average
S-11638,REG-2026-2638,F,24,BS Computer Science,1,S2,50,44,88.0,3.72,3.86,99,89,94.0,86,98,82,83.0,95,89,Regular studier,Excellent,Completed,Outstanding performance throughout the semester.,Outstanding performer in arts,89.45,Excellent
S-11639,REG-2026-2639,M,22,BS AI,2,S2,50,36,73.0,3.2,3.38,59,73,66.0,66,56,72,68.0,61,72,Occasional studier,Warning,Not Started,"Participates occasionally, can definitely do better.",Participates occasionally,66.0,Good
S-11640,REG-2026-2640,F,23,BS Data Science,6,S2,50,30,60.0,2.18,1.89,40,49,44.5,39,21,39,41.0,23,20,Last-minute crammer,Needs Improvement,Not Started,Frequently misses deadlines and lacks motivation.,No interest,33.3,Poor
S-11641,REG-2026-2641,F,20,BS Software Eng,1,S3,50,25,50.0,1.61,1.52,34,43,38.5,43,29,21,48.0,53,20,Rarely studies,Probation,Not Started,Frequently misses deadlines and lacks motivation.,Struggles to participate,39.4,Poor
S-11642,REG-2026-2642,M,21,BS Data Science,5,S2,50,34,68.0,2.68,2.41,67,63,65.0,77,78,55,78.0,70,56,Occasional studier,Good,Ongoing,"Participates occasionally, can definitely do better.",Participates occasionally,68.5,Good
S-11643,REG-2026-2643,F,18,BS Info Tech,5,S3,50,43,87.0,3.78,3.81,82,93,87.5,97,98,99,89.0,99,84,Very consistent,Excellent,Completed,Brilliant understanding of core concepts. A joy to teach.,Active club president,93.55,Excellent
S-11644,REG-2026-2644,M,18,BS Info Tech,7,S3,50,39,78.0,3.41,3.45,61,72,66.5,70,56,67,75.0,55,70,Occasional studier,Warning,Ongoing,Average performance. Needs to focus more on lab work.,Learning basics of music,65.45,Good
S-11645,REG-2026-2645,M,18,BS AI,3,S3,50,30,60.0,1.57,1.36,41,43,42.0,43,46,48,38.0,43,51,Rarely studies,Warning,Not Started,Irregular attendance and extremely poor focus in class.,Struggles to participate,44.6,Poor
S-11646,REG-2026-2646,F,22,BS Info Tech,6,S2,50,33,67.0,3.27,3.45,69,78,73.5,61,67,78,65.0,59,67,Occasional studier,Good,Not Started,Understands the basics but struggles with complex logic.,Participates occasionally,66.6,Good
S-11647,REG-2026-2647,F,22,BS AI,7,S3,50,36,73.0,2.62,2.84,59,55,57.0,65,77,56,66.03,66,60,Occasional studier,Warning,Not Started,Understands the basics but struggles with complex logic.,Average sports player,66.4,Good
S-11648,REG-2026-2648,M,20,BS Software Eng,6,S3,50,40,81.0,2.8,2.69,78,72,75.0,57,65,62,74.0,74,61,Occasional studier,Good,Ongoing,"Participates occasionally, can definitely do better.",Average sports player,69.6,Good
S-11649,REG-2026-2649,M,20,BS Software Eng,7,S1,50,34,69.0,3.35,3.31,66,66,66.0,76,58,56,75.0,57,72,Occasional studier,Good,Ongoing,Good effort but needs more consistency in assignments.,Learning basics of music,64.5,Average
S-11650,REG-2026-2650,M,21,BS Info Tech,5,S3,50,20,40.0,2.2,1.92,36,24,30.0,51,27,44,35.0,24,50,Rarely studies,Probation,Not Started,Irregular attendance and extremely poor focus in class.,No interest,34.85,Poor
S-11651,REG-2026-2651,M,22,BS Info Tech,5,S3,50,41,82.0,2.93,2.71,61,67,64.0,75,64,73,72.0,56,61,Occasional studier,Good,Ongoing,Average performance. Needs to focus more on lab work.,Participates occasionally,66.1,Good
S-11652,REG-2026-2652,F,23,BS Software Eng,8,S1,50,33,66.0,2.99,2.96,61,65,63.0,75,76,64,73.0,72,55,Last-minute crammer,Good,Ongoing,"Participates occasionally, can definitely do better.",Average sports player,68.65,Good
S-11653,REG-2026-2653,M,22,BS Computer Science,6,S1,50,39,78.0,2.51,2.5,67,65,66.0,60,77,61,74.0,75,66,Occasional studier,Good,Ongoing,Understands the basics but struggles with complex logic.,Average sports player,70.5,Good
S-11654,REG-2026-2654,M,18,BS Computer Science,8,S1,50,33,66.0,3.13,3.4,69,68,68.5,58,76,73,66.0,75,64,Occasional studier,Good,Not Started,"Participates occasionally, can definitely do better.",Learning basics of music,69.95,Good
S-11655,REG-2026-2655,M,21,BS AI,5,S3,50,38,77.0,3.07,3.18,65,56,60.5,68,66,62,62.0,71,67,Occasional studier,Warning,Not Started,"Participates occasionally, can definitely do better.",Learning basics of music,66.05,Good
S-11656,REG-2026-2656,F,25,BS Software Eng,6,S2,50,48,96.0,3.56,3.71,82,84,83.0,94,80,95,88.0,99,82,Regular studier,Excellent,Completed,Shows excellent leadership and analytical skills.,Shows leadership in sports,90.6,Excellent
S-11657,REG-2026-2657,M,20,BS AI,8,S3,50,43,87.0,3.55,3.75,93,89,91.0,94,89,93,96.0,92,99,Regular studier,Excellent,Completed,"Highly proactive, consistent, and quick learner.",Outstanding performer in arts,93.1,Excellent
S-11658,REG-2026-2658,F,18,BS Info Tech,4,S2,50,33,66.0,2.56,2.36,55,56,55.5,62,60,63,60.0,64,64,Occasional studier,Warning,Ongoing,Understands the basics but struggles with complex logic.,Learning basics of music,61.8,Average
S-11659,REG-2026-2659,M,18,BS Info Tech,3,S2,50,35,71.0,3.32,3.46,58,76,67.0,67,67,58,76.0,56,55,Occasional studier,Warning,Not Started,Average performance. Needs to focus more on lab work.,Participates occasionally,63.7,Average
S-11660,REG-2026-2660,F,25,BS Data Science,3,S3,50,35,71.0,3.04,2.97,69,60,64.5,61,67,75,78.0,75,76,Occasional studier,Warning,Ongoing,Good effort but needs more consistency in assignments.,Learning basics of music,72.95,Good
S-11661,REG-2026-2661,F,20,BS Data Science,2,S2,50,35,70.0,3.27,3.09,59,74,66.5,59,74,71,59.0,63,78,Needs some guidance,Good,Ongoing,Average performance. Needs to focus more on lab work.,Participates occasionally,66.5,Good
S-11662,REG-2026-2662,M,22,BS Computer Science,8,S2,50,36,73.0,3.26,3.5,74,57,65.5,63,72,63,72.0,63,75,Needs some guidance,Good,Ongoing,"Participates occasionally, can definitely do better.",Average sports player,67.65,Good
S-11663,REG-2026-2663,F,22,BS Computer Science,4,S2,50,38,77.0,3.27,3.45,78,61,69.5,78,74,74,66.0,77,65,Needs some guidance,Good,Ongoing,Understands the basics but struggles with complex logic.,Learning basics of music,72.15,Good
S-11664,REG-2026-2664,M,25,BS AI,2,S1,50,39,78.0,2.84,3.04,55,70,62.5,57,59,60,68.0,56,73,Occasional studier,Warning,Not Started,Good effort but needs more consistency in assignments.,Average sports player,62.8,Average
S-11665,REG-2026-2665,F,22,BS Data Science,6,S1,50,40,81.0,2.55,2.31,57,59,58.0,55,66,58,66.0,78,55,Needs some guidance,Good,Ongoing,Understands the basics but struggles with complex logic.,Average sports player,66.1,Good
S-11666,REG-2026-2666,M,19,BS Computer Science,2,S2,50,33,67.0,3.01,2.91,75,75,75.0,57,66,75,66.03,64,55,Occasional studier,Good,Ongoing,Average performance. Needs to focus more on lab work.,Learning basics of music,66.45,Good
S-11667,REG-2026-2667,M,24,BS Info Tech,7,S2,50,28,57.0,1.17,1.27,52,43,47.5,39,21,36,28.0,23,41,Last-minute crammer,Needs Improvement,Not Started,Frequently misses deadlines and lacks motivation.,Shy and inactive,32.5,Poor
S-11668,REG-2026-2668,M,21,BS Computer Science,8,S3,50,37,74.0,2.51,2.61,74,71,72.5,62,75,56,70.0,72,76,Occasional studier,Good,Ongoing,Average performance. Needs to focus more on lab work.,Participates occasionally,69.55,Good
S-11669,REG-2026-2669,F,24,BS AI,8,S2,50,23,47.0,1.08,1.18,29,22,25.5,28,38,51,34.0,24,29,Needs constant monitoring,Needs Improvement,Not Started,Lacks fundamental understanding of the subject matter.,Shy and inactive,33.45,Poor
S-11670,REG-2026-2670,F,22,BS AI,3,S3,50,37,74.0,2.93,2.97,59,62,60.5,75,65,64,58.0,65,57,Last-minute crammer,Warning,Not Started,Good effort but needs more consistency in assignments.,Participates occasionally,63.15,Average
S-11671,REG-2026-2671,M,21,BS Computer Science,5,S1,50,24,49.0,2.46,2.4,26,39,32.5,47,29,40,66.03,33,29,Needs constant monitoring,Needs Improvement,Not Started,"Needs urgent improvement, counseling recommended.",Shy and inactive,36.5,Poor
S-11672,REG-2026-2672,F,21,BS Info Tech,5,S1,50,48,97.0,3.93,3.96,93,85,89.0,90,83,95,94.0,85,83,Regular studier,Excellent,Completed,"Highly proactive, consistent, and quick learner.",Shows leadership in sports,89.15,Excellent
S-11673,REG-2026-2673,F,19,BS Computer Science,5,S1,50,48,96.0,3.93,4.0,89,90,89.5,92,86,93,88.0,95,85,Highly focused,Excellent,Completed,Brilliant understanding of core concepts. A joy to teach.,Outstanding performer in arts,90.75,Excellent
S-11674,REG-2026-2674,F,22,BS Data Science,7,S3,50,39,78.0,2.97,3.04,57,62,59.5,72,67,68,64.0,66,58,Needs some guidance,Good,Ongoing,Average performance. Needs to focus more on lab work.,Learning basics of music,65.45,Good
S-11675,REG-2026-2675,F,22,BS Info Tech,6,S2,50,45,90.0,3.71,3.65,91,88,89.5,99,83,97,94.0,94,82,Highly focused,Excellent,Completed,"Highly proactive, consistent, and quick learner.",Outstanding performer in arts,91.75,Excellent
S-11676,REG-2026-2676,M,19,BS Software Eng,5,S1,50,46,92.0,3.79,3.54,80,81,80.5,95,98,88,91.0,93,95,Highly focused,Excellent,Completed,Shows excellent leadership and analytical skills.,Outstanding performer in arts,91.35,Excellent
S-11677,REG-2026-2677,F,22,BS Computer Science,6,S2,50,41,83.0,3.21,3.37,66,72,69.0,72,55,71,65.0,63,64,Needs some guidance,Warning,Ongoing,"Participates occasionally, can definitely do better.",Learning basics of music,65.95,Good
S-11678,REG-2026-2678,F,21,BS Computer Science,2,S2,50,45,90.0,3.9,3.88,90,82,86.0,89,94,97,97.0,89,99,Highly focused,Excellent,Completed,Brilliant understanding of core concepts. A joy to teach.,Active club president,93.05,Excellent
S-11679,REG-2026-2679,F,24,BS Computer Science,7,S3,50,44,89.0,3.51,3.74,96,96,96.0,96,89,88,98.0,93,82,Very consistent,Excellent,Completed,Outstanding performance throughout the semester.,Shows leadership in sports,92.0,Excellent
S-11680,REG-2026-2680,F,20,BS AI,1,S3,50,33,66.0,2.55,2.37,62,58,60.0,65,61,58,70.0,73,73,Occasional studier,Warning,Ongoing,Good effort but needs more consistency in assignments.,Participates occasionally,66.9,Good
S-11681,REG-2026-2681,M,25,BS Info Tech,2,S2,50,18,36.0,1.57,1.68,29,23,26.0,24,48,38,25.0,25,49,Needs constant monitoring,Probation,Not Started,Lacks fundamental understanding of the subject matter.,No interest,32.25,Poor
S-11682,REG-2026-2682,M,22,BS Info Tech,5,S2,50,49,98.0,3.96,3.89,87,86,86.5,91,94,80,84.0,80,93,Regular studier,Excellent,Completed,Brilliant understanding of core concepts. A joy to teach.,Outstanding performer in arts,85.6,Excellent
S-11683,REG-2026-2683,M,18,BS AI,8,S2,50,46,93.0,3.89,3.76,90,97,93.5,95,92,87,66.03,81,88,Very consistent,Excellent,Completed,Shows excellent leadership and analytical skills.,Active club president,86.45,Excellent
S-11684,REG-2026-2684,F,18,BS Software Eng,5,S1,50,24,49.0,2.13,2.05,41,35,38.0,32,20,38,44.0,53,39,Last-minute crammer,Warning,Not Started,Lacks fundamental understanding of the subject matter.,Shy and inactive,41.5,Poor
S-11685,REG-2026-2685,F,22,BS Data Science,4,S1,50,46,92.0,3.86,3.7,94,95,94.5,89,93,84,93.0,84,96,Regular studier,Excellent,Completed,Outstanding performance throughout the semester.,Outstanding performer in arts,89.6,Excellent
S-11686,REG-2026-2686,M,23,BS Computer Science,4,S2,50,32,65.0,2.8,2.89,60,61,60.5,74,78,56,60.0,73,73,Occasional studier,Good,Not Started,Average performance. Needs to focus more on lab work.,Participates occasionally,66.75,Good
S-11687,REG-2026-2687,F,25,BS Computer Science,3,S1,50,31,72.69,1.26,1.39,35,49,42.0,42,38,27,40.0,48,53,Rarely studies,Needs Improvement,Not Started,"Needs urgent improvement, counseling recommended.",Struggles to participate,42.55,Poor
S-11688,REG-2026-2688,F,20,BS Computer Science,4,S1,50,24,48.0,2.38,2.13,44,49,46.5,23,29,29,45.0,49,34,Rarely studies,Needs Improvement,Not Started,Frequently misses deadlines and lacks motivation.,Shy and inactive,40.1,Poor
S-11689,REG-2026-2689,F,21,BS Computer Science,7,S2,50,38,76.0,3.17,3.41,60,55,57.5,57,76,74,68.0,69,55,Occasional studier,Warning,Not Started,Average performance. Needs to focus more on lab work.,Participates occasionally,67.45,Good
S-11690,REG-2026-2690,F,24,BS AI,1,S3,50,40,80.0,2.86,2.99,63,71,67.0,61,68,57,58.0,55,65,Occasional studier,Good,Not Started,Good effort but needs more consistency in assignments.,Learning basics of music,60.95,Average
S-11691,REG-2026-2691,M,19,BS Computer Science,7,S2,50,36,73.0,2.5,2.49,59,65,62.0,77,67,78,70.0,70,60,Needs some guidance,Good,Not Started,Good effort but needs more consistency in assignments.,Average sports player,69.6,Good
S-11692,REG-2026-2692,F,25,BS AI,8,S2,50,32,65.0,2.63,2.8,73,69,71.0,67,70,73,64.0,73,64,Occasional studier,Good,Not Started,Good effort but needs more consistency in assignments.,Learning basics of music,69.1,Good
S-11693,REG-2026-2693,F,19,BS AI,5,S2,50,40,81.0,2.9,2.87,57,67,62.0,56,65,70,74.0,55,68,Needs some guidance,Good,Not Started,Understands the basics but struggles with complex logic.,Participates occasionally,65.4,Good
S-11694,REG-2026-2694,F,21,BS AI,5,S2,50,40,80.0,3.11,2.89,63,69,66.0,68,68,56,77.0,76,66,Needs some guidance,Good,Ongoing,Average performance. Needs to focus more on lab work.,Learning basics of music,70.2,Good
S-11695,REG-2026-2695,F,18,BS Software Eng,4,S3,50,43,87.0,3.87,3.8,97,86,91.5,83,91,89,92.0,81,88,Regular studier,Excellent,Completed,"Highly proactive, consistent, and quick learner.",Outstanding performer in arts,87.55,Excellent
S-11696,REG-2026-2696,F,18,BS AI,7,S1,50,27,54.0,1.47,1.71,28,37,32.5,51,29,43,38.0,47,33,Last-minute crammer,Needs Improvement,Not Started,Lacks fundamental understanding of the subject matter.,Struggles to participate,40.5,Poor
S-11697,REG-2026-2697,M,23,BS AI,4,S1,50,49,98.0,3.88,3.62,97,94,95.5,81,81,83,84.0,98,97,Regular studier,Excellent,Completed,Shows excellent leadership and analytical skills.,Outstanding performer in arts,90.05,Excellent
S-11698,REG-2026-2698,M,22,BS Data Science,3,S1,50,36,72.0,3.08,2.83,59,71,65.0,66,78,59,58.0,66,58,Occasional studier,Good,Not Started,Good effort but needs more consistency in assignments.,Participates occasionally,63.95,Average
S-11699,REG-2026-2699,F,22,BS Data Science,8,S3,50,33,67.0,3.18,3.34,55,77,66.0,75,60,69,66.0,63,70,Occasional studier,Warning,Not Started,Average performance. Needs to focus more on lab work.,Learning basics of music,66.0,Good
S-11700,REG-2026-2700,F,25,BS AI,1,S1,50,32,65.0,3.1,3.01,77,57,67.0,55,61,59,78.0,73,72,Needs some guidance,Warning,Ongoing,"Participates occasionally, can definitely do better.",Learning basics of music,68.7,Good
S-11701,REG-2026-2701,F,22,BS Info Tech,1,S3,50,42,85.0,3.91,3.69,92,85,88.5,84,97,96,95.0,83,89,Regular studier,Excellent,Completed,"Highly proactive, consistent, and quick learner.",Active club president,90.05,Excellent
S-11702,REG-2026-2702,M,18,BS Info Tech,5,S1,50,30,60.0,1.14,1.19,45,25,35.0,43,42,34,39.0,43,23,Last-minute crammer,Needs Improvement,Not Started,Lacks fundamental understanding of the subject matter.,Struggles to participate,38.8,Poor
S-11703,REG-2026-2703,M,25,BS Info Tech,2,S1,50,35,70.0,2.71,2.96,71,63,67.0,56,63,57,69.0,66,71,Last-minute crammer,Good,Ongoing,No feedback provided,Average sports player,65.25,Good
S-11704,REG-2026-2704,F,18,BS AI,3,S1,50,38,77.0,2.82,2.84,62,72,67.0,72,57,62,59.0,57,74,Needs some guidance,Good,Ongoing,Average performance. Needs to focus more on lab work.,Average sports player,62.6,Average
S-11705,REG-2026-2705,F,20,BS Computer Science,6,S2,50,33,66.0,3.18,2.91,61,76,68.5,65,78,78,76.0,78,58,Needs some guidance,Warning,Not Started,"Participates occasionally, can definitely do better.",Learning basics of music,73.4,Good
S-11706,REG-2026-2706,F,21,BS Computer Science,7,S2,50,37,74.0,2.82,2.95,64,71,67.5,75,78,74,70.0,78,74,Needs some guidance,Good,Ongoing,Understands the basics but struggles with complex logic.,Participates occasionally,74.0,Good
S-11707,REG-2026-2707,M,25,BS Software Eng,1,S2,50,49,98.0,3.58,3.42,97,84,90.5,94,94,88,85.0,96,87,Very consistent,Excellent,Completed,Shows excellent leadership and analytical skills.,Active club president,90.95,Excellent
S-11708,REG-2026-2708,F,25,BS Software Eng,1,S1,50,42,85.0,3.51,3.66,87,90,88.5,91,83,84,85.0,86,80,Very consistent,Excellent,Completed,Brilliant understanding of core concepts. A joy to teach.,Active club president,85.05,Excellent
S-11709,REG-2026-2709,F,19,BS Computer Science,7,S2,50,26,52.0,1.15,1.21,45,35,40.0,21,42,53,49.0,44,35,Needs constant monitoring,Warning,Not Started,"Needs urgent improvement, counseling recommended.",Shy and inactive,44.1,Poor
S-11710,REG-2026-2710,F,18,BS Data Science,5,S1,50,46,93.0,3.82,3.61,81,92,86.5,89,83,92,88.0,81,81,Very consistent,Excellent,Completed,Shows excellent leadership and analytical skills.,Active club president,85.8,Excellent
S-11711,REG-2026-2711,F,23,BS Data Science,7,S1,50,39,79.0,2.57,2.39,70,61,65.5,76,63,57,62.0,60,67,Occasional studier,Warning,Not Started,Good effort but needs more consistency in assignments.,Learning basics of music,63.25,Average
S-11712,REG-2026-2712,F,21,BS Computer Science,3,S3,50,41,82.0,2.66,2.89,70,68,69.0,65,56,60,68.0,59,70,Occasional studier,Warning,Not Started,"Participates occasionally, can definitely do better.",Learning basics of music,64.2,Average
S-11713,REG-2026-2713,F,21,BS Data Science,3,S3,50,37,74.0,2.98,3.17,77,58,67.5,77,70,63,67.0,78,72,Occasional studier,Warning,Ongoing,Average performance. Needs to focus more on lab work.,Participates occasionally,70.85,Good
S-11714,REG-2026-2714,F,25,BS Data Science,7,S1,50,45,90.0,3.68,3.93,98,81,89.5,97,85,83,96.0,80,85,Very consistent,Excellent,Completed,Outstanding performance throughout the semester.,Active club president,86.95,Excellent
S-11715,REG-2026-2715,M,18,BS AI,7,S2,50,44,89.0,3.69,3.59,82,80,81.0,90,89,87,87.0,94,99,Regular studier,Excellent,Completed,"Highly proactive, consistent, and quick learner.",Active club president,89.8,Excellent
S-11716,REG-2026-2716,F,25,BS AI,2,S2,50,38,76.0,3.32,3.44,70,75,72.5,62,64,63,58.0,69,62,Occasional studier,Good,Ongoing,Average performance. Needs to focus more on lab work.,Participates occasionally,65.05,Good
S-11717,REG-2026-2717,F,22,BS Computer Science,1,S2,50,40,81.0,2.63,2.35,73,77,75.0,64,73,64,55.0,61,65,Occasional studier,Good,Ongoing,Understands the basics but struggles with complex logic.,Participates occasionally,64.4,Average
S-11718,REG-2026-2718,F,18,BS Software Eng,2,S1,50,35,70.0,3.15,3.06,57,61,59.0,69,64,55,70.0,59,66,Last-minute crammer,Good,Ongoing,Understands the basics but struggles with complex logic.,Participates occasionally,62.85,Average
S-11719,REG-2026-2719,F,21,BS Info Tech,3,S2,50,34,68.0,3.03,2.91,64,71,67.5,78,65,64,58.0,62,77,Last-minute crammer,Good,Ongoing,Understands the basics but struggles with complex logic.,Participates occasionally,64.95,Average
S-11720,REG-2026-2720,F,20,BS Data Science,2,S2,50,19,38.0,1.73,1.62,47,37,42.0,44,53,31,23.0,22,28,Rarely studies,Needs Improvement,Not Started,Frequently misses deadlines and lacks motivation.,Struggles to participate,31.15,Poor
S-11721,REG-2026-2721,M,25,BS Info Tech,8,S3,50,46,93.0,3.57,3.41,94,81,87.5,81,99,89,92.0,96,83,Regular studier,Excellent,Completed,Outstanding performance throughout the semester.,Shows leadership in sports,91.4,Excellent
S-11722,REG-2026-2722,F,18,BS AI,6,S1,50,39,78.0,3.13,3.21,57,63,60.0,55,78,75,63.0,72,70,Last-minute crammer,Warning,Not Started,Understands the basics but struggles with complex logic.,Participates occasionally,69.3,Good
S-11723,REG-2026-2723,F,19,BS Software Eng,6,S1,50,36,72.0,3.37,3.43,75,55,65.0,71,76,55,67.0,78,56,Occasional studier,Warning,Ongoing,"Participates occasionally, can definitely do better.",Participates occasionally,68.0,Good
S-11724,REG-2026-2724,F,20,BS AI,7,S1,50,29,59.0,1.99,1.76,49,44,46.5,23,51,26,36.0,27,21,Needs constant monitoring,Needs Improvement,Not Started,"Needs urgent improvement, counseling recommended.",Shy and inactive,33.8,Poor
S-11725,REG-2026-2725,M,25,BS Computer Science,1,S2,50,17,35.0,2.43,2.29,43,47,45.0,50,22,50,41.0,26,23,Needs constant monitoring,Needs Improvement,Not Started,"Needs urgent improvement, counseling recommended.",No interest,35.45,Poor
S-11726,REG-2026-2726,M,22,BS Computer Science,3,S1,50,41,82.0,3.03,2.75,64,70,67.0,61,61,66,71.0,77,57,Last-minute crammer,Warning,Not Started,Understands the basics but struggles with complex logic.,Average sports player,69.0,Good
S-11727,REG-2026-2727,F,21,BS Data Science,2,S3,50,36,72.0,2.51,2.41,55,65,60.0,64,62,67,74.0,69,66,Occasional studier,Warning,Ongoing,"Participates occasionally, can definitely do better.",Learning basics of music,67.7,Good
S-11728,REG-2026-2728,M,25,BS Data Science,2,S2,50,45,90.0,3.96,3.88,82,81,81.5,80,96,99,95.0,80,83,Regular studier,Excellent,Completed,"Highly proactive, consistent, and quick learner.",Active club president,88.4,Excellent
S-11729,REG-2026-2729,F,23,BS Computer Science,3,S1,50,43,86.0,3.63,3.83,80,91,85.5,84,91,92,84.0,93,89,Regular studier,Excellent,Completed,Shows excellent leadership and analytical skills.,Active club president,88.9,Excellent
S-11730,REG-2026-2730,F,18,BS Data Science,1,S2,50,47,95.0,3.92,3.7,96,87,91.5,93,80,88,97.0,87,90,Regular studier,Excellent,Completed,Shows excellent leadership and analytical skills.,Outstanding performer in arts,89.9,Excellent
S-11731,REG-2026-2731,M,18,BS Software Eng,3,S2,50,18,36.0,2.15,2.4,48,47,47.5,48,44,52,47.0,52,23,Last-minute crammer,Needs Improvement,Not Started,Lacks fundamental understanding of the subject matter.,No interest,45.85,Poor
S-11732,REG-2026-2732,M,19,BS Info Tech,2,S1,50,26,53.0,1.77,1.89,22,28,25.0,47,23,22,23.0,22,23,Last-minute crammer,Warning,Not Started,Irregular attendance and extremely poor focus in class.,No interest,25.5,Poor
S-11733,REG-2026-2733,M,21,BS Software Eng,4,S2,50,36,73.0,3.09,3.35,58,59,58.5,75,69,67,75.0,68,76,Occasional studier,Warning,Not Started,Understands the basics but struggles with complex logic.,Learning basics of music,69.8,Good
S-11734,REG-2026-2734,F,19,BS Data Science,6,S1,50,33,67.0,2.9,2.65,63,75,69.0,65,68,55,76.0,62,57,Last-minute crammer,Warning,Not Started,Good effort but needs more consistency in assignments.,Learning basics of music,64.95,Average
S-11735,REG-2026-2735,M,19,BS Info Tech,8,S1,50,18,37.0,2.34,2.51,37,45,41.0,32,38,22,25.0,47,34,Last-minute crammer,Warning,Not Started,Irregular attendance and extremely poor focus in class.,Struggles to participate,34.8,Poor
S-11736,REG-2026-2736,F,20,BS Data Science,3,S3,50,41,82.0,3.01,3.29,73,77,75.0,76,63,60,76.0,74,57,Last-minute crammer,Warning,Ongoing,Average performance. Needs to focus more on lab work.,Participates occasionally,70.1,Good
S-11737,REG-2026-2737,M,23,BS AI,6,S1,50,24,49.0,2.36,2.24,45,50,47.5,30,39,35,50.0,35,32,Last-minute crammer,Warning,Not Started,"Needs urgent improvement, counseling recommended.",Shy and inactive,39.8,Poor
S-11738,REG-2026-2738,M,19,BS AI,1,S2,50,37,75.0,3.3,3.55,68,55,61.5,56,55,58,68.0,63,58,Needs some guidance,Warning,Not Started,Average performance. Needs to focus more on lab work.,Average sports player,62.05,Average
S-11739,REG-2026-2739,F,19,BS Data Science,5,S1,50,39,79.0,3.38,3.24,69,60,64.5,68,65,69,73.0,59,63,Needs some guidance,Good,Not Started,Good effort but needs more consistency in assignments.,Participates occasionally,66.3,Good
S-11740,REG-2026-2740,M,25,BS Computer Science,6,S2,50,35,71.0,3.11,3.2,58,55,56.5,59,64,63,66.03,66,55,Last-minute crammer,Warning,Ongoing,"Participates occasionally, can definitely do better.",Average sports player,63.0,Average
S-11741,REG-2026-2741,M,24,BS AI,6,S2,50,41,82.0,3.17,3.1,69,77,73.0,73,56,61,78.0,60,68,Occasional studier,Warning,Not Started,Good effort but needs more consistency in assignments.,Average sports player,67.2,Good
S-11742,REG-2026-2742,F,18,BS Info Tech,2,S3,50,34,68.0,3.05,3.07,55,65,60.0,65,56,69,68.0,57,69,Needs some guidance,Good,Not Started,Average performance. Needs to focus more on lab work.,Participates occasionally,63.35,Average
S-11743,REG-2026-2743,M,19,BS Software Eng,7,S3,50,46,92.0,3.5,3.58,96,99,97.5,94,99,96,87.0,90,86,Highly focused,Excellent,Completed,No feedback provided,Outstanding performer in arts,91.85,Excellent
S-11744,REG-2026-2744,F,23,BS Computer Science,6,S3,50,24,49.0,1.92,1.89,40,27,33.5,22,23,43,37.0,31,40,Rarely studies,Warning,Not Started,Lacks fundamental understanding of the subject matter.,Shy and inactive,34.8,Poor
S-11745,REG-2026-2745,F,21,BS Computer Science,3,S2,50,39,79.0,2.99,2.91,68,65,66.5,72,71,58,67.0,72,68,Needs some guidance,Good,Not Started,"Participates occasionally, can definitely do better.",Average sports player,68.2,Good
S-11746,REG-2026-2746,F,18,BS Software Eng,4,S2,50,48,97.0,3.84,3.95,95,88,91.5,93,93,98,85.0,88,82,Highly focused,Excellent,Completed,"Highly proactive, consistent, and quick learner.",Outstanding performer in arts,89.85,Excellent
S-11747,REG-2026-2747,F,25,BS Data Science,3,S2,50,34,68.0,3.18,2.91,64,67,65.5,66,69,59,62.0,76,75,Last-minute crammer,Good,Ongoing,Average performance. Needs to focus more on lab work.,Average sports player,67.9,Good
S-11748,REG-2026-2748,M,20,BS Data Science,5,S1,50,41,83.0,3.26,3.2,69,70,69.5,70,76,60,55.0,68,59,Occasional studier,Warning,Ongoing,"Participates occasionally, can definitely do better.",Average sports player,65.1,Good
S-11749,REG-2026-2749,F,23,BS Software Eng,1,S2,50,40,80.0,3.45,3.3,62,76,69.0,70,56,72,66.0,60,76,Needs some guidance,Warning,Not Started,Average performance. Needs to focus more on lab work.,Average sports player,66.6,Good
S-11750,REG-2026-2750,M,23,BS Info Tech,4,S2,50,16,33.0,1.46,1.62,37,48,42.5,39,44,52,39.0,43,41,Needs constant monitoring,Probation,Not Started,Lacks fundamental understanding of the subject matter.,Shy and inactive,42.7,Poor
S-11751,REG-2026-2751,M,19,BS Info Tech,6,S2,50,25,51.0,2.05,2.35,51,35,43.0,41,48,31,31.0,35,20,Rarely studies,Probation,Not Started,Frequently misses deadlines and lacks motivation.,Shy and inactive,35.3,Poor
S-11752,REG-2026-2752,M,20,BS Info Tech,1,S1,50,37,75.0,2.81,2.86,55,64,59.5,64,59,56,62.0,74,62,Needs some guidance,Warning,Not Started,Understands the basics but struggles with complex logic.,Learning basics of music,64.3,Average
S-11753,REG-2026-2753,F,25,BS Computer Science,6,S3,50,17,35.0,1.25,1.14,43,35,39.0,52,29,47,37.0,33,40,Last-minute crammer,Needs Improvement,Not Started,Irregular attendance and extremely poor focus in class.,Shy and inactive,37.85,Poor
S-11754,REG-2026-2754,M,18,BS Computer Science,6,S3,50,33,67.0,2.54,2.5,72,70,71.0,77,68,70,64.0,76,56,Occasional studier,Warning,Ongoing,Good effort but needs more consistency in assignments.,Learning basics of music,69.0,Good
S-11755,REG-2026-2755,M,22,BS AI,1,S2,50,33,67.0,2.92,2.93,62,76,69.0,78,74,71,77.0,60,69,Last-minute crammer,Warning,Ongoing,Good effort but needs more consistency in assignments.,Participates occasionally,69.5,Good
S-11756,REG-2026-2756,M,23,BS Computer Science,4,S1,50,44,89.0,3.52,3.74,83,80,81.5,96,89,93,87.0,85,91,Regular studier,Excellent,Completed,Shows excellent leadership and analytical skills.,Shows leadership in sports,88.0,Excellent
S-11757,REG-2026-2757,F,24,BS Computer Science,8,S2,50,22,45.0,2.36,2.21,26,30,28.0,41,37,32,24.0,34,43,Rarely studies,Warning,Not Started,Frequently misses deadlines and lacks motivation.,Shy and inactive,33.2,Poor
S-11758,REG-2026-2758,F,24,BS Computer Science,2,S3,50,43,87.0,3.99,3.92,95,97,96.0,85,86,88,96.0,87,84,Regular studier,Excellent,Completed,Shows excellent leadership and analytical skills.,Active club president,89.35,Excellent
S-11759,REG-2026-2759,M,18,BS Software Eng,1,S3,50,44,88.0,3.79,3.88,81,87,84.0,94,93,87,88.0,92,88,Very consistent,Excellent,Completed,Brilliant understanding of core concepts. A joy to teach.,Shows leadership in sports,89.25,Excellent
S-11760,REG-2026-2760,M,20,BS Data Science,6,S3,50,28,56.0,1.78,1.69,34,30,32.0,52,38,21,28.0,27,20,Needs constant monitoring,Probation,Not Started,Lacks fundamental understanding of the subject matter.,No interest,29.9,Poor
S-11761,REG-2026-2761,M,22,BS AI,5,S3,50,38,77.0,2.92,3.2,78,59,68.5,73,62,74,70.0,64,60,Occasional studier,Good,Ongoing,Average performance. Needs to focus more on lab work.,Participates occasionally,67.65,Good
S-11762,REG-2026-2762,F,19,BS Data Science,1,S2,50,36,73.0,3.27,3.48,66,58,62.0,75,56,66,73.0,73,74,Occasional studier,Warning,Not Started,Good effort but needs more consistency in assignments.,Average sports player,69.35,Good
S-11763,REG-2026-2763,F,24,BS Computer Science,7,S2,50,32,65.0,3.21,3.26,71,55,63.0,72,56,64,56.0,61,62,Needs some guidance,Good,Ongoing,Understands the basics but struggles with complex logic.,Average sports player,61.0,Average
S-11764,REG-2026-2764,F,20,BS Computer Science,6,S1,50,45,91.0,3.55,3.54,86,94,90.0,89,85,81,95.0,86,85,Very consistent,Excellent,Completed,Outstanding performance throughout the semester.,Active club president,87.65,Excellent
S-11765,REG-2026-2765,F,25,BS Data Science,4,S1,50,28,57.0,2.32,2.33,48,49,48.5,30,27,34,53.0,48,25,Rarely studies,Needs Improvement,Not Started,Irregular attendance and extremely poor focus in class.,Struggles to participate,42.1,Poor
S-11766,REG-2026-2766,F,20,BS Computer Science,4,S1,50,15,30.0,1.91,1.75,28,45,36.5,42,49,50,53.0,29,38,Rarely studies,Needs Improvement,Not Started,Irregular attendance and extremely poor focus in class.,No interest,41.3,Poor
S-11767,REG-2026-2767,M,25,BS Software Eng,4,S3,50,40,80.0,3.33,3.41,59,57,58.0,75,67,62,67.0,64,55,Last-minute crammer,Good,Not Started,"Participates occasionally, can definitely do better.",Average sports player,64.45,Average
S-11768,REG-2026-2768,F,23,BS Data Science,1,S3,50,26,52.0,1.42,1.44,31,29,30.0,32,51,31,32.0,32,42,Last-minute crammer,Probation,Not Started,Irregular attendance and extremely poor focus in class.,No interest,35.55,Poor
S-11769,REG-2026-2769,M,24,BS AI,5,S3,50,36,72.0,3.16,3.06,71,64,67.5,58,58,75,61.0,72,67,Needs some guidance,Good,Ongoing,Understands the basics but struggles with complex logic.,Average sports player,67.2,Good
S-11770,REG-2026-2770,M,25,BS Software Eng,6,S2,50,35,71.0,2.81,2.84,74,65,69.5,71,57,66,67.0,60,58,Needs some guidance,Warning,Ongoing,Average performance. Needs to focus more on lab work.,Average sports player,63.85,Average
S-11771,REG-2026-2771,F,21,BS Info Tech,5,S1,50,40,80.0,2.78,3.03,76,76,76.0,66,65,59,61.0,58,74,Needs some guidance,Good,Ongoing,"Participates occasionally, can definitely do better.",Learning basics of music,64.35,Average
S-11772,REG-2026-2772,M,24,BS AI,1,S2,50,35,71.0,2.72,2.54,61,73,67.0,66,55,58,72.0,78,57,Last-minute crammer,Warning,Ongoing,Average performance. Needs to focus more on lab work.,Learning basics of music,67.35,Good
S-11773,REG-2026-2773,F,23,BS AI,2,S2,50,37,75.0,2.65,2.58,55,73,64.0,64,58,62,55.0,65,63,Last-minute crammer,Good,Not Started,Average performance. Needs to focus more on lab work.,Learning basics of music,62.0,Average
S-11774,REG-2026-2774,F,24,BS Info Tech,6,S3,50,34,69.0,3.24,3.15,57,62,59.5,76,65,72,68.0,72,75,Occasional studier,Good,Ongoing,"Participates occasionally, can definitely do better.",Participates occasionally,69.6,Good
S-11775,REG-2026-2775,F,21,BS Info Tech,8,S1,50,43,86.0,3.97,3.74,90,94,92.0,93,86,90,87.0,89,97,Regular studier,Excellent,Completed,Outstanding performance throughout the semester.,Outstanding performer in arts,89.6,Excellent
S-11776,REG-2026-2776,F,21,BS Info Tech,8,S2,50,35,70.0,3.1,2.96,75,62,68.5,78,70,58,55.0,77,60,Last-minute crammer,Good,Ongoing,"Participates occasionally, can definitely do better.",Average sports player,66.2,Good
S-11777,REG-2026-2777,M,25,BS Data Science,7,S2,50,35,71.0,2.75,2.57,60,73,66.5,73,63,70,71.0,68,56,Needs some guidance,Warning,Not Started,Understands the basics but struggles with complex logic.,Participates occasionally,67.45,Good
S-11778,REG-2026-2778,F,24,BS Computer Science,2,S1,50,34,72.69,2.9,3.06,69,56,62.5,56,77,74,78.0,75,57,Occasional studier,Warning,Not Started,Understands the basics but struggles with complex logic.,Learning basics of music,71.35,Good
S-11779,REG-2026-2779,M,24,BS AI,6,S2,50,38,76.0,2.58,2.63,66,60,63.0,69,73,65,63.0,78,78,Last-minute crammer,Good,Ongoing,Good effort but needs more consistency in assignments.,Learning basics of music,70.5,Good
S-11780,REG-2026-2780,M,24,BS Data Science,7,S2,50,36,72.0,3.09,3.2,56,75,65.5,63,64,65,64.0,65,77,Occasional studier,Good,Not Started,Good effort but needs more consistency in assignments.,Participates occasionally,66.2,Good
S-11781,REG-2026-2781,M,18,BS Data Science,6,S2,50,39,79.0,3.22,3.46,67,57,62.0,71,70,67,61.0,72,73,Last-minute crammer,Good,Ongoing,Average performance. Needs to focus more on lab work.,Participates occasionally,68.25,Good
S-11782,REG-2026-2782,F,23,BS Software Eng,4,S2,50,36,73.0,3.07,3.31,66,74,70.0,55,77,72,58.0,63,56,Occasional studier,Warning,Ongoing,Understands the basics but struggles with complex logic.,Learning basics of music,64.85,Average
S-11783,REG-2026-2783,M,22,BS Software Eng,6,S3,50,17,35.0,1.49,1.2,28,25,26.5,29,40,20,39.0,39,24,Needs constant monitoring,Warning,Not Started,Irregular attendance and extremely poor focus in class.,Struggles to participate,32.8,Poor
S-11784,REG-2026-2784,F,21,BS Info Tech,7,S1,50,27,54.0,2.02,2.15,51,47,49.0,53,32,20,22.0,23,53,Needs constant monitoring,Needs Improvement,Not Started,Lacks fundamental understanding of the subject matter.,Struggles to participate,31.9,Poor
S-11785,REG-2026-2785,M,24,BS Software Eng,6,S1,50,41,82.0,2.79,3.04,70,69,69.5,62,76,65,65.0,55,64,Last-minute crammer,Warning,Not Started,Understands the basics but struggles with complex logic.,Participates occasionally,64.65,Average
S-11786,REG-2026-2786,M,23,BS Computer Science,3,S1,50,33,66.0,3.13,3.03,70,61,65.5,55,57,62,69.0,55,68,Needs some guidance,Warning,Ongoing,Average performance. Needs to focus more on lab work.,Participates occasionally,61.95,Average
S-11787,REG-2026-2787,F,20,BS Data Science,8,S1,50,47,95.0,3.67,3.68,96,86,91.0,86,97,97,90.0,86,82,Regular studier,Excellent,Completed,"Highly proactive, consistent, and quick learner.",Active club president,90.1,Excellent
S-11788,REG-2026-2788,F,22,BS Software Eng,7,S2,50,48,96.0,3.78,3.65,98,84,91.0,83,93,91,85.0,87,84,Regular studier,Excellent,Completed,"Highly proactive, consistent, and quick learner.",Outstanding performer in arts,88.15,Excellent
S-11789,REG-2026-2789,F,21,BS Software Eng,8,S3,50,18,37.0,1.52,1.47,46,34,40.0,49,52,49,30.0,25,44,Rarely studies,Probation,Not Started,Frequently misses deadlines and lacks motivation.,Shy and inactive,37.5,Poor
S-11790,REG-2026-2790,F,22,BS AI,3,S1,50,48,97.0,3.84,3.69,98,88,93.0,90,82,81,83.0,82,99,Very consistent,Excellent,Completed,No feedback provided,Outstanding performer in arts,86.0,Excellent
S-11791,REG-2026-2791,F,25,BS Software Eng,5,S2,50,41,83.0,2.72,2.87,65,61,63.0,58,68,56,70.0,71,71,Needs some guidance,Good,Not Started,Average performance. Needs to focus more on lab work.,Learning basics of music,67.4,Good
S-11792,REG-2026-2792,F,20,BS Software Eng,8,S1,50,40,72.69,3.13,3.27,68,64,66.0,78,63,75,76.0,63,74,Needs some guidance,Good,Ongoing,"Participates occasionally, can definitely do better.",Average sports player,70.4,Good
S-11793,REG-2026-2793,F,24,BS Info Tech,4,S1,50,46,93.0,3.87,3.88,91,96,93.5,86,91,89,88.0,95,92,Very consistent,Excellent,Completed,"Highly proactive, consistent, and quick learner.",Outstanding performer in arts,91.3,Excellent
S-11794,REG-2026-2794,F,22,BS Software Eng,5,S3,50,33,67.0,2.75,2.58,70,63,66.5,66,61,72,59.0,61,66,Needs some guidance,Warning,Ongoing,Average performance. Needs to focus more on lab work.,Learning basics of music,63.85,Average
S-11795,REG-2026-2795,F,23,BS Software Eng,6,S1,50,48,96.0,3.98,3.69,86,82,84.0,94,87,95,88.0,84,85,Highly focused,Excellent,Completed,Outstanding performance throughout the semester.,Shows leadership in sports,87.95,Excellent
S-11796,REG-2026-2796,F,21,BS Computer Science,2,S1,50,34,68.0,2.64,2.58,63,64,63.5,78,65,66,69.0,74,72,Needs some guidance,Warning,Not Started,"Participates occasionally, can definitely do better.",Learning basics of music,69.55,Good
S-11797,REG-2026-2797,M,21,BS Computer Science,1,S2,50,33,66.0,2.66,2.77,69,67,68.0,67,64,72,69.0,66,63,Last-minute crammer,Warning,Ongoing,Understands the basics but struggles with complex logic.,Participates occasionally,67.25,Good
S-11798,REG-2026-2798,F,21,BS AI,5,S2,50,24,48.0,1.17,1.09,22,39,30.5,47,44,20,51.0,30,24,Rarely studies,Warning,Not Started,Frequently misses deadlines and lacks motivation.,No interest,35.3,Poor
S-11799,REG-2026-2799,M,19,BS AI,4,S3,50,38,77.0,2.61,2.56,73,64,68.5,67,56,56,69.0,57,70,Last-minute crammer,Warning,Ongoing,"Participates occasionally, can definitely do better.",Learning basics of music,63.1,Average
S-11800,REG-2026-2800,M,18,BS AI,2,S2,50,30,72.69,1.28,1.05,34,20,27.0,46,24,35,43.0,49,47,Needs constant monitoring,Needs Improvement,Not Started,Irregular attendance and extremely poor focus in class.,No interest,41.2,Poor
S-11801,REG-2026-2801,M,23,BS Data Science,2,S1,50,39,72.69,3.36,3.1,57,62,59.5,66,66,69,69.0,61,61,Last-minute crammer,Good,Not Started,Good effort but needs more consistency in assignments.,Participates occasionally,65.25,Good
S-11802,REG-2026-2802,F,19,BS Software Eng,3,S3,50,43,86.0,3.83,3.57,96,83,89.5,99,82,93,97.0,83,89,Very consistent,Excellent,Completed,Outstanding performance throughout the semester.,Shows leadership in sports,89.4,Excellent
S-11803,REG-2026-2803,M,20,BS Data Science,8,S3,50,49,99.0,3.87,3.63,98,86,92.0,83,88,98,80.0,89,91,Very consistent,Excellent,Completed,"Highly proactive, consistent, and quick learner.",Outstanding performer in arts,89.15,Excellent
S-11804,REG-2026-2804,F,21,BS Computer Science,4,S3,50,48,97.0,3.54,3.49,89,98,93.5,98,95,95,89.0,83,91,Very consistent,Excellent,Completed,Brilliant understanding of core concepts. A joy to teach.,Shows leadership in sports,90.5,Excellent
S-11805,REG-2026-2805,F,19,BS Computer Science,4,S1,50,34,68.0,3.22,3.46,58,67,62.5,78,55,76,65.0,70,62,Needs some guidance,Warning,Ongoing,Understands the basics but struggles with complex logic.,Participates occasionally,67.15,Good
S-11806,REG-2026-2806,M,18,BS Data Science,1,S2,50,34,68.0,2.5,2.66,74,66,70.0,74,76,73,77.0,59,66,Occasional studier,Good,Ongoing,Good effort but needs more consistency in assignments.,Average sports player,69.4,Good
S-11807,REG-2026-2807,M,25,BS AI,6,S2,50,32,65.0,2.61,2.66,62,58,60.0,76,68,72,66.0,67,73,Occasional studier,Warning,Ongoing,Good effort but needs more consistency in assignments.,Average sports player,67.9,Good
S-11808,REG-2026-2808,M,20,BS Software Eng,8,S1,50,37,75.0,2.7,2.52,76,76,76.0,62,74,60,66.0,63,73,Last-minute crammer,Warning,Not Started,Understands the basics but struggles with complex logic.,Participates occasionally,67.1,Good
S-11809,REG-2026-2809,F,18,BS Computer Science,2,S3,50,37,74.0,2.6,2.43,65,78,71.5,78,71,77,75.0,55,77,Last-minute crammer,Warning,Ongoing,Good effort but needs more consistency in assignments.,Average sports player,69.85,Good
S-11810,REG-2026-2810,F,25,BS Data Science,1,S2,50,21,43.0,1.74,1.68,34,50,42.0,33,34,41,25.0,28,23,Rarely studies,Needs Improvement,Not Started,"Needs urgent improvement, counseling recommended.",Shy and inactive,31.85,Poor
S-11811,REG-2026-2811,M,22,BS Data Science,6,S3,50,21,43.0,2.26,2.39,20,40,30.0,25,38,44,39.0,39,26,Rarely studies,Probation,Not Started,Irregular attendance and extremely poor focus in class.,No interest,36.95,Poor
S-11812,REG-2026-2812,M,21,BS Computer Science,8,S2,50,42,85.0,3.94,3.86,85,83,84.0,88,84,93,66.03,99,82,Regular studier,Excellent,Completed,Shows excellent leadership and analytical skills.,Shows leadership in sports,88.55,Excellent
S-11813,REG-2026-2813,F,23,BS Data Science,8,S2,50,28,58.0,1.7,1.59,21,42,31.5,45,34,50,37.0,41,24,Rarely studies,Warning,Not Started,Irregular attendance and extremely poor focus in class.,No interest,39.25,Poor
S-11814,REG-2026-2814,M,23,BS AI,7,S1,50,35,71.0,3.15,2.87,68,70,69.0,60,66,73,58.0,71,72,Needs some guidance,Warning,Not Started,Understands the basics but struggles with complex logic.,Participates occasionally,67.55,Good
S-11815,REG-2026-2815,M,21,BS AI,8,S3,50,34,69.0,3.06,3.18,57,58,57.5,63,72,69,59.0,77,77,Last-minute crammer,Good,Not Started,Average performance. Needs to focus more on lab work.,Average sports player,68.65,Good
S-11816,REG-2026-2816,F,20,BS Software Eng,5,S1,50,38,77.0,3.02,2.77,72,77,74.5,57,55,77,66.0,66,70,Last-minute crammer,Good,Not Started,"Participates occasionally, can definitely do better.",Average sports player,67.9,Good
S-11817,REG-2026-2817,M,24,BS Software Eng,8,S1,50,36,73.0,3.42,3.36,65,64,64.5,76,65,72,67.0,67,56,Last-minute crammer,Good,Not Started,"Participates occasionally, can definitely do better.",Learning basics of music,66.95,Good
S-11818,REG-2026-2818,M,23,BS AI,4,S2,50,42,85.0,3.64,3.47,97,98,97.5,96,85,96,82.0,86,89,Very consistent,Excellent,Completed,"Highly proactive, consistent, and quick learner.",Outstanding performer in arts,88.5,Excellent
S-11819,REG-2026-2819,F,20,BS Software Eng,5,S2,50,37,75.0,2.58,2.91,68,60,64.0,55,64,62,66.0,63,68,Occasional studier,Good,Not Started,"Participates occasionally, can definitely do better.",Average sports player,64.35,Average
S-11820,REG-2026-2820,M,20,BS Software Eng,2,S1,50,19,38.0,1.46,1.54,52,42,47.0,43,37,22,34.0,27,24,Rarely studies,Warning,Not Started,"Needs urgent improvement, counseling recommended.",No interest,31.7,Poor
S-11821,REG-2026-2821,M,19,BS AI,3,S3,50,33,67.0,2.97,2.97,65,71,68.0,57,73,68,67.0,66,78,Occasional studier,Good,Ongoing,Good effort but needs more consistency in assignments.,Average sports player,68.2,Good
S-11822,REG-2026-2822,F,25,BS Info Tech,1,S2,50,28,57.0,2.38,2.18,44,49,46.5,47,45,39,39.0,43,28,Last-minute crammer,Warning,Not Started,Lacks fundamental understanding of the subject matter.,No interest,41.55,Poor
S-11823,REG-2026-2823,M,25,BS AI,1,S3,50,35,71.0,3.48,3.35,73,71,72.0,66,62,69,66.0,72,57,Occasional studier,Good,Ongoing,Average performance. Needs to focus more on lab work.,Learning basics of music,67.5,Good
S-11824,REG-2026-2824,F,24,BS Data Science,3,S2,50,38,77.0,3.35,3.16,59,61,60.0,59,59,68,74.0,77,55,Occasional studier,Good,Not Started,Understands the basics but struggles with complex logic.,Average sports player,68.45,Good
S-11825,REG-2026-2825,M,22,BS Software Eng,5,S2,50,38,77.0,3.05,3.04,73,78,75.5,57,67,64,64.0,67,75,Occasional studier,Warning,Not Started,"Participates occasionally, can definitely do better.",Learning basics of music,67.6,Good
S-11826,REG-2026-2826,M,22,BS AI,6,S2,50,49,99.0,3.57,3.46,89,88,88.5,89,96,82,94.0,85,99,Regular studier,Excellent,Completed,Shows excellent leadership and analytical skills.,Shows leadership in sports,90.1,Excellent
S-11827,REG-2026-2827,F,21,BS Software Eng,7,S1,50,35,70.0,2.65,2.88,64,68,66.0,57,66,60,69.0,73,66,Needs some guidance,Warning,Ongoing,"Participates occasionally, can definitely do better.",Learning basics of music,67.2,Good
S-11828,REG-2026-2828,M,22,BS Data Science,6,S2,50,17,35.0,1.48,1.27,46,39,42.5,31,38,44,31.0,53,32,Last-minute crammer,Warning,Not Started,No feedback provided,Struggles to participate,40.6,Poor
S-11829,REG-2026-2829,F,25,BS Computer Science,8,S1,50,28,57.0,1.74,2.01,53,43,48.0,44,38,35,46.0,49,35,Needs constant monitoring,Needs Improvement,Not Started,Lacks fundamental understanding of the subject matter.,Shy and inactive,43.85,Poor
S-11830,REG-2026-2830,F,23,BS Info Tech,7,S3,50,37,75.0,3.17,3.09,72,77,74.5,66,61,62,60.0,69,61,Last-minute crammer,Warning,Not Started,Average performance. Needs to focus more on lab work.,Participates occasionally,65.25,Good
S-11831,REG-2026-2831,F,20,BS Data Science,6,S1,50,37,74.0,2.72,2.64,63,65,64.0,59,63,55,69.0,62,60,Last-minute crammer,Good,Ongoing,"Participates occasionally, can definitely do better.",Participates occasionally,62.9,Average
S-11832,REG-2026-2832,F,22,BS Software Eng,2,S1,50,48,97.0,3.74,3.84,87,94,90.5,89,96,91,95.0,90,86,Very consistent,Excellent,Completed,Shows excellent leadership and analytical skills.,Active club president,91.7,Excellent
S-11833,REG-2026-2833,M,24,BS Data Science,7,S3,50,33,67.0,2.72,2.59,57,70,63.5,58,57,74,73.0,75,62,Occasional studier,Warning,Not Started,"Participates occasionally, can definitely do better.",Learning basics of music,68.95,Good
S-11834,REG-2026-2834,M,24,BS Software Eng,5,S2,50,47,94.0,3.83,3.86,96,82,89.0,89,88,89,90.0,95,95,Highly focused,Excellent,Completed,Brilliant understanding of core concepts. A joy to teach.,Shows leadership in sports,91.45,Excellent
S-11835,REG-2026-2835,M,21,BS Data Science,2,S2,50,44,88.0,3.84,3.7,96,89,92.5,86,87,84,82.0,97,83,Regular studier,Excellent,Completed,Outstanding performance throughout the semester.,Outstanding performer in arts,88.2,Excellent
S-11836,REG-2026-2836,F,20,BS Data Science,2,S1,50,24,48.0,1.38,1.18,39,34,36.5,25,29,36,32.0,27,44,Rarely studies,Probation,Not Started,Irregular attendance and extremely poor focus in class.,No interest,33.15,Poor
S-11837,REG-2026-2837,M,24,BS AI,1,S1,50,38,77.0,2.84,2.8,60,56,58.0,61,62,55,65.0,59,58,Needs some guidance,Good,Ongoing,Good effort but needs more consistency in assignments.,Participates occasionally,60.7,Average
S-11838,REG-2026-2838,M,19,BS Info Tech,7,S1,50,35,70.0,2.98,3.06,59,67,63.0,61,70,63,77.0,63,68,Last-minute crammer,Warning,Ongoing,Understands the basics but struggles with complex logic.,Learning basics of music,67.25,Good
S-11839,REG-2026-2839,F,18,BS Computer Science,8,S1,50,20,40.0,2.08,2.27,39,31,35.0,53,42,52,49.0,32,27,Last-minute crammer,Probation,Not Started,Lacks fundamental understanding of the subject matter.,Shy and inactive,40.65,Poor
S-11840,REG-2026-2840,F,20,BS Info Tech,6,S2,50,45,90.0,3.56,3.83,88,83,85.5,95,93,95,93.0,92,84,Regular studier,Excellent,Completed,"Highly proactive, consistent, and quick learner.",Shows leadership in sports,91.35,Excellent
S-11841,REG-2026-2841,F,18,BS Info Tech,5,S2,50,48,97.0,3.9,3.79,85,84,84.5,84,93,93,90.0,94,83,Highly focused,Excellent,Completed,Shows excellent leadership and analytical skills.,Shows leadership in sports,90.55,Excellent
S-11842,REG-2026-2842,F,21,BS AI,6,S1,50,43,86.0,3.62,3.87,81,90,85.5,81,80,94,88.0,90,98,Highly focused,Excellent,Completed,"Highly proactive, consistent, and quick learner.",Outstanding performer in arts,88.9,Excellent
S-11843,REG-2026-2843,F,25,BS AI,5,S1,50,41,83.0,2.94,2.91,78,55,66.5,68,75,67,78.0,77,63,Needs some guidance,Good,Ongoing,Good effort but needs more consistency in assignments.,Learning basics of music,72.9,Good
S-11844,REG-2026-2844,F,18,BS Data Science,7,S3,50,37,72.69,3.25,3.09,56,62,59.0,67,55,59,63.0,75,71,Occasional studier,Warning,Not Started,Average performance. Needs to focus more on lab work.,Participates occasionally,65.75,Good
S-11845,REG-2026-2845,F,21,BS Computer Science,1,S1,50,17,34.0,2.4,2.64,39,43,41.0,35,52,20,39.0,36,50,Last-minute crammer,Probation,Not Started,Lacks fundamental understanding of the subject matter.,Shy and inactive,37.55,Poor
S-11846,REG-2026-2846,M,22,BS Computer Science,5,S3,50,40,80.0,3.37,3.28,78,71,74.5,64,76,62,72.0,71,64,Occasional studier,Warning,Not Started,Understands the basics but struggles with complex logic.,Participates occasionally,70.1,Good
S-11847,REG-2026-2847,F,21,BS Info Tech,1,S1,50,38,76.0,2.7,2.47,68,71,69.5,61,55,64,73.0,63,73,Occasional studier,Warning,Not Started,Good effort but needs more consistency in assignments.,Learning basics of music,66.55,Good
S-11848,REG-2026-2848,F,21,BS AI,4,S2,50,48,96.0,3.61,3.44,95,80,87.5,96,89,98,99.0,82,87,Very consistent,Excellent,Completed,Shows excellent leadership and analytical skills.,Active club president,90.95,Excellent
S-11849,REG-2026-2849,F,23,BS Software Eng,8,S3,50,47,94.0,3.6,3.68,81,93,87.0,99,93,85,89.0,86,99,Highly focused,Excellent,Completed,Outstanding performance throughout the semester.,Active club president,89.6,Excellent
S-11850,REG-2026-2850,F,21,BS AI,7,S3,50,35,70.0,2.89,2.85,62,55,58.5,60,77,55,69.0,58,59,Occasional studier,Warning,Ongoing,Good effort but needs more consistency in assignments.,Learning basics of music,62.5,Average
S-11851,REG-2026-2851,M,23,BS Computer Science,4,S1,50,35,71.0,2.52,2.76,75,58,66.5,72,64,59,56.0,58,68,Occasional studier,Warning,Ongoing,Good effort but needs more consistency in assignments.,Participates occasionally,61.55,Average
S-11852,REG-2026-2852,M,25,BS AI,8,S3,50,49,99.0,3.63,3.92,97,83,90.0,83,93,85,86.0,82,89,Regular studier,Excellent,Completed,Shows excellent leadership and analytical skills.,Outstanding performer in arts,86.75,Excellent
S-11853,REG-2026-2853,M,18,BS Data Science,3,S3,50,34,68.0,2.9,2.67,56,55,55.5,72,60,63,77.0,60,61,Needs some guidance,Good,Ongoing,"Participates occasionally, can definitely do better.",Participates occasionally,64.5,Average
S-11854,REG-2026-2854,F,18,BS Computer Science,8,S2,50,37,74.0,3.41,2.91,64,71,67.5,57,76,60,78.0,68,78,Needs some guidance,Good,Not Started,Average performance. Needs to focus more on lab work.,Participates occasionally,70.3,Good
S-11855,REG-2026-2855,M,19,BS Data Science,1,S3,50,35,71.0,3.07,3.17,64,65,64.5,63,55,57,56.0,68,63,Needs some guidance,Good,Not Started,Understands the basics but struggles with complex logic.,Participates occasionally,61.7,Average
S-11856,REG-2026-2856,F,19,BS Computer Science,4,S1,50,38,76.0,2.95,3.25,62,66,64.0,67,61,66,69.0,70,67,Last-minute crammer,Good,Not Started,No feedback provided,Participates occasionally,67.55,Good
S-11857,REG-2026-2857,M,18,BS Data Science,7,S1,50,48,96.0,3.71,3.43,99,82,90.5,92,91,88,87.0,92,88,Very consistent,Excellent,Completed,Brilliant understanding of core concepts. A joy to teach.,Outstanding performer in arts,89.95,Excellent
S-11858,REG-2026-2858,M,19,BS Data Science,3,S2,50,16,32.0,2.07,2.91,41,32,36.5,23,25,51,27.0,31,27,Rarely studies,Warning,Not Started,Lacks fundamental understanding of the subject matter.,Shy and inactive,32.4,Poor
S-11859,REG-2026-2859,F,23,BS Software Eng,8,S3,50,22,44.0,1.69,1.76,31,49,40.0,48,32,47,32.0,32,32,Rarely studies,Probation,Not Started,Lacks fundamental understanding of the subject matter.,No interest,36.45,Poor
S-11860,REG-2026-2860,F,25,BS Computer Science,1,S3,50,36,73.0,3.1,2.96,57,57,57.0,55,66,72,62.0,60,67,Last-minute crammer,Warning,Ongoing,Good effort but needs more consistency in assignments.,Participates occasionally,63.6,Average
S-11861,REG-2026-2861,F,21,BS Info Tech,6,S2,50,34,72.69,3.05,3.23,64,67,65.5,77,56,58,65.0,70,72,Last-minute crammer,Warning,Not Started,Average performance. Needs to focus more on lab work.,Participates occasionally,65.8,Good
S-11862,REG-2026-2862,F,23,BS AI,6,S2,50,41,82.0,2.96,3.05,61,75,68.0,71,70,58,56.0,62,73,Last-minute crammer,Warning,Not Started,Average performance. Needs to focus more on lab work.,Average sports player,64.15,Average
S-11863,REG-2026-2863,M,22,BS AI,4,S1,50,24,48.0,2.39,2.4,34,45,39.5,22,42,31,22.0,39,52,Last-minute crammer,Needs Improvement,Not Started,Lacks fundamental understanding of the subject matter.,No interest,35.65,Poor
S-11864,REG-2026-2864,M,21,BS Info Tech,6,S1,50,27,55.0,1.58,1.73,24,40,32.0,35,32,33,28.0,47,40,Needs constant monitoring,Probation,Not Started,Lacks fundamental understanding of the subject matter.,No interest,37.2,Poor
S-11865,REG-2026-2865,M,25,BS Computer Science,3,S3,50,25,51.0,1.18,1.43,36,53,44.5,29,27,41,36.0,34,44,Last-minute crammer,Needs Improvement,Not Started,"Needs urgent improvement, counseling recommended.",No interest,37.4,Poor
S-11866,REG-2026-2866,M,25,BS AI,3,S1,50,18,37.0,1.61,1.73,31,53,42.0,34,42,29,43.0,50,29,Last-minute crammer,Probation,Not Started,Frequently misses deadlines and lacks motivation.,No interest,40.3,Poor
S-11867,REG-2026-2867,M,23,BS AI,3,S3,50,41,83.0,2.68,2.93,66,65,65.5,58,75,66,59.0,73,60,Last-minute crammer,Good,Not Started,Good effort but needs more consistency in assignments.,Participates occasionally,67.05,Good
S-11868,REG-2026-2868,M,21,BS Info Tech,1,S2,50,35,71.0,3.39,3.31,59,59,59.0,59,66,64,74.0,61,55,Needs some guidance,Warning,Not Started,Good effort but needs more consistency in assignments.,Average sports player,64.15,Average
S-11869,REG-2026-2869,M,20,BS AI,4,S2,50,30,60.0,1.23,1.24,32,49,40.5,20,49,38,21.0,25,25,Last-minute crammer,Needs Improvement,Not Started,Frequently misses deadlines and lacks motivation.,Shy and inactive,31.6,Poor
S-11870,REG-2026-2870,F,23,BS Info Tech,5,S2,50,42,85.0,3.98,3.99,93,96,94.5,85,96,83,91.0,93,91,Very consistent,Excellent,Completed,Brilliant understanding of core concepts. A joy to teach.,Outstanding performer in arts,90.55,Excellent
S-11871,REG-2026-2871,F,19,BS Computer Science,1,S3,50,28,58.0,1.17,1.02,24,49,36.5,30,47,39,24.0,23,33,Needs constant monitoring,Probation,Not Started,Frequently misses deadlines and lacks motivation.,No interest,32.45,Poor
S-11872,REG-2026-2872,F,22,BS Data Science,5,S2,50,33,66.0,2.95,3.12,56,74,65.0,74,59,56,72.0,77,66,Last-minute crammer,Good,Ongoing,Good effort but needs more consistency in assignments.,Learning basics of music,68.05,Good
S-11873,REG-2026-2873,F,25,BS AI,4,S1,50,35,70.0,3.04,2.91,62,61,61.5,70,61,77,63.0,63,74,Last-minute crammer,Good,Ongoing,Average performance. Needs to focus more on lab work.,Learning basics of music,66.55,Good
S-11874,REG-2026-2874,M,25,BS Data Science,8,S2,50,41,82.0,2.7,2.92,71,63,67.0,75,60,68,61.0,76,73,Last-minute crammer,Warning,Not Started,Understands the basics but struggles with complex logic.,Participates occasionally,69.25,Good
S-11875,REG-2026-2875,F,25,BS Software Eng,6,S1,50,18,37.0,1.03,1.3,44,21,32.5,37,32,27,22.0,42,40,Rarely studies,Warning,Not Started,Lacks fundamental understanding of the subject matter.,Shy and inactive,33.1,Poor
S-11876,REG-2026-2876,M,21,BS Software Eng,2,S2,50,24,48.0,1.49,1.77,53,37,45.0,24,33,33,45.0,40,21,Needs constant monitoring,Probation,Not Started,Frequently misses deadlines and lacks motivation.,Struggles to participate,37.45,Poor
S-11877,REG-2026-2877,F,23,BS Computer Science,8,S3,50,36,73.0,2.94,2.73,69,59,64.0,75,70,71,71.0,64,76,Occasional studier,Warning,Not Started,Understands the basics but struggles with complex logic.,Learning basics of music,69.25,Good
S-11878,REG-2026-2878,M,20,BS AI,7,S1,50,38,77.0,3.19,3.15,68,57,62.5,74,65,71,64.0,69,60,Last-minute crammer,Warning,Ongoing,Understands the basics but struggles with complex logic.,Participates occasionally,67.0,Good
S-11879,REG-2026-2879,F,23,BS Data Science,5,S1,50,45,91.0,4.0,3.71,83,98,90.5,95,91,99,85.0,93,81,Regular studier,Excellent,Completed,Outstanding performance throughout the semester.,Shows leadership in sports,90.65,Excellent
S-11880,REG-2026-2880,M,19,BS Info Tech,7,S3,50,35,70.0,3.45,3.31,77,66,71.5,71,78,77,63.0,63,76,Last-minute crammer,Warning,Ongoing,Understands the basics but struggles with complex logic.,Average sports player,69.5,Good
S-11881,REG-2026-2881,F,25,BS AI,8,S2,50,35,71.0,3.24,3.17,62,56,59.0,69,70,61,61.0,77,76,Occasional studier,Warning,Not Started,Understands the basics but struggles with complex logic.,Participates occasionally,68.1,Good
S-11882,REG-2026-2882,M,20,BS Software Eng,1,S3,50,35,70.0,3.42,3.44,56,62,59.0,58,69,55,74.0,70,71,Needs some guidance,Warning,Ongoing,Average performance. Needs to focus more on lab work.,Participates occasionally,66.85,Good
S-11883,REG-2026-2883,M,19,BS Software Eng,6,S3,50,23,47.0,1.81,1.7,35,40,37.5,31,51,26,30.0,22,26,Needs constant monitoring,Warning,Not Started,Irregular attendance and extremely poor focus in class.,Shy and inactive,30.75,Poor
S-11884,REG-2026-2884,M,25,BS Data Science,4,S3,50,45,90.0,3.7,3.71,81,85,83.0,87,95,80,92.0,81,89,Very consistent,Excellent,Completed,Shows excellent leadership and analytical skills.,Shows leadership in sports,86.2,Excellent
S-11885,REG-2026-2885,F,19,BS AI,2,S2,50,34,69.0,3.06,2.9,76,57,66.5,70,67,59,70.0,56,69,Needs some guidance,Good,Ongoing,Understands the basics but struggles with complex logic.,Average sports player,64.05,Average
S-11886,REG-2026-2886,F,25,BS AI,7,S2,50,41,83.0,2.58,2.64,57,70,63.5,64,69,78,61.0,60,62,Occasional studier,Warning,Ongoing,Average performance. Needs to focus more on lab work.,Learning basics of music,65.7,Good
S-11887,REG-2026-2887,F,21,BS Info Tech,4,S2,50,34,69.0,3.15,3.06,66,59,62.5,67,70,68,61.0,75,56,Last-minute crammer,Warning,Ongoing,Good effort but needs more consistency in assignments.,Participates occasionally,66.8,Good
S-11888,REG-2026-2888,F,20,BS Info Tech,6,S1,50,39,79.0,2.79,2.99,63,74,68.5,77,77,66,74.0,60,72,Occasional studier,Good,Ongoing,Average performance. Needs to focus more on lab work.,Participates occasionally,69.25,Good
S-11889,REG-2026-2889,F,20,BS Computer Science,5,S1,50,43,87.0,3.89,3.81,95,98,96.5,95,83,90,83.0,84,88,Highly focused,Excellent,Completed,Outstanding performance throughout the semester.,Outstanding performer in arts,86.95,Excellent
S-11890,REG-2026-2890,F,20,BS Info Tech,5,S3,50,37,74.0,2.68,2.85,61,60,60.5,70,67,78,71.0,66,59,Last-minute crammer,Good,Ongoing,"Participates occasionally, can definitely do better.",Learning basics of music,68.25,Good
S-11891,REG-2026-2891,M,24,BS Software Eng,2,S3,50,35,70.0,3.22,3.14,73,72,72.5,66,61,70,57.0,70,71,Needs some guidance,Good,Ongoing,Good effort but needs more consistency in assignments.,Learning basics of music,66.65,Good
S-11892,REG-2026-2892,F,23,BS Data Science,7,S1,50,36,72.0,2.54,2.24,69,70,69.5,70,74,76,76.0,72,69,Last-minute crammer,Good,Ongoing,"Participates occasionally, can definitely do better.",Learning basics of music,72.95,Good
S-11893,REG-2026-2893,M,23,BS Info Tech,2,S2,50,43,72.69,3.85,3.56,99,89,94.0,86,85,95,88.0,87,92,Highly focused,Excellent,Completed,Brilliant understanding of core concepts. A joy to teach.,Active club president,89.35,Excellent
S-11894,REG-2026-2894,M,23,BS AI,7,S2,50,37,75.0,2.74,2.75,78,66,72.0,68,73,72,55.0,73,71,Last-minute crammer,Good,Ongoing,Understands the basics but struggles with complex logic.,Participates occasionally,68.8,Good
S-11895,REG-2026-2895,F,24,BS Data Science,7,S2,50,37,75.0,3.0,2.86,66,59,62.5,66,73,68,59.0,70,66,Needs some guidance,Warning,Not Started,Understands the basics but struggles with complex logic.,Learning basics of music,66.7,Good
S-11896,REG-2026-2896,M,22,BS Software Eng,7,S3,50,21,42.0,1.37,1.14,23,52,37.5,26,25,42,31.0,39,52,Rarely studies,Probation,Not Started,Irregular attendance and extremely poor focus in class.,Shy and inactive,37.1,Poor
S-11897,REG-2026-2897,F,24,BS Info Tech,2,S3,50,40,81.0,3.09,3.19,61,57,59.0,62,70,67,75.0,58,77,Last-minute crammer,Good,Not Started,"Participates occasionally, can definitely do better.",Learning basics of music,67.3,Good
S-11898,REG-2026-2898,F,24,BS AI,8,S2,50,41,83.0,2.65,2.65,76,72,74.0,73,76,77,77.0,62,71,Needs some guidance,Good,Ongoing,Good effort but needs more consistency in assignments.,Learning basics of music,72.35,Good
S-11899,REG-2026-2899,F,25,BS AI,3,S3,50,37,75.0,3.08,3.1,77,77,77.0,55,59,67,65.0,68,60,Occasional studier,Warning,Not Started,Understands the basics but struggles with complex logic.,Participates occasionally,66.15,Good
S-11900,REG-2026-2900,M,22,BS Computer Science,8,S3,50,25,51.0,2.27,2.35,25,43,34.0,20,27,44,51.0,41,41,Needs constant monitoring,Probation,Not Started,Lacks fundamental understanding of the subject matter.,Struggles to participate,40.8,Poor
S-11901,REG-2026-2901,F,24,BS Info Tech,3,S3,50,20,41.0,1.92,2.03,34,25,29.5,33,53,45,25.0,50,46,Rarely studies,Warning,Not Started,Irregular attendance and extremely poor focus in class.,Struggles to participate,40.8,Poor
S-11902,REG-2026-2902,F,22,BS Software Eng,3,S2,50,48,97.0,3.85,3.6,89,83,86.0,89,88,80,99.0,90,84,Highly focused,Excellent,Completed,Shows excellent leadership and analytical skills.,Outstanding performer in arts,89.4,Excellent
S-11903,REG-2026-2903,F,23,BS Data Science,1,S2,50,39,79.0,3.42,3.26,75,73,74.0,69,60,59,62.0,72,67,Needs some guidance,Good,Ongoing,Average performance. Needs to focus more on lab work.,Learning basics of music,66.75,Good
S-11904,REG-2026-2904,M,20,BS Software Eng,6,S2,50,25,50.0,2.0,2.23,43,44,43.5,21,45,27,48.0,53,39,Needs constant monitoring,Probation,Not Started,Irregular attendance and extremely poor focus in class.,No interest,43.2,Poor
S-11905,REG-2026-2905,F,24,BS Software Eng,4,S3,50,46,92.0,3.61,3.38,81,80,80.5,85,92,84,93.0,83,93,Highly focused,Excellent,Completed,Shows excellent leadership and analytical skills.,Shows leadership in sports,87.35,Excellent
S-11906,REG-2026-2906,M,20,BS Computer Science,4,S2,50,21,43.0,1.44,1.63,38,23,30.5,22,43,42,37.0,47,25,Needs constant monitoring,Warning,Not Started,Irregular attendance and extremely poor focus in class.,Struggles to participate,38.55,Poor
S-11907,REG-2026-2907,F,21,BS Data Science,7,S1,50,47,94.0,3.95,3.67,96,92,94.0,87,83,98,97.0,99,83,Regular studier,Excellent,Completed,Shows excellent leadership and analytical skills.,Active club president,93.9,Excellent
S-11908,REG-2026-2908,M,19,BS Software Eng,6,S1,50,34,68.0,3.27,2.98,63,76,69.5,71,56,59,59.0,61,56,Occasional studier,Warning,Ongoing,"Participates occasionally, can definitely do better.",Participates occasionally,61.0,Average
S-11909,REG-2026-2909,M,20,BS Info Tech,1,S1,50,19,38.0,1.31,1.36,26,37,31.5,39,46,39,52.0,48,36,Rarely studies,Probation,Not Started,Lacks fundamental understanding of the subject matter.,No interest,43.45,Poor
S-11910,REG-2026-2910,M,20,BS AI,4,S2,50,41,82.0,2.8,2.55,56,59,57.5,65,61,62,78.0,73,63,Last-minute crammer,Warning,Ongoing,Average performance. Needs to focus more on lab work.,Average sports player,68.65,Good
S-11911,REG-2026-2911,M,20,BS AI,1,S3,50,33,67.0,3.11,3.31,55,61,58.0,62,65,73,58.0,58,57,Occasional studier,Warning,Not Started,"Participates occasionally, can definitely do better.",Participates occasionally,61.5,Average
S-11912,REG-2026-2912,F,19,BS AI,6,S3,50,37,74.0,2.59,2.79,64,57,60.5,70,59,64,57.0,65,69,Occasional studier,Warning,Not Started,Good effort but needs more consistency in assignments.,Learning basics of music,63.3,Average
S-11913,REG-2026-2913,F,25,BS Data Science,8,S2,50,49,98.0,3.94,3.64,81,83,82.0,86,82,92,93.0,95,92,Regular studier,Excellent,Completed,Outstanding performance throughout the semester.,Outstanding performer in arts,90.95,Excellent
S-11914,REG-2026-2914,M,25,BS AI,6,S2,50,18,37.0,1.68,1.9,34,21,27.5,53,35,38,27.0,53,47,Rarely studies,Warning,Not Started,Lacks fundamental understanding of the subject matter.,No interest,39.8,Poor
S-11915,REG-2026-2915,M,22,BS Computer Science,7,S1,50,45,91.0,3.55,3.46,94,84,89.0,85,82,96,81.0,98,88,Regular studier,Excellent,Completed,"Highly proactive, consistent, and quick learner.",Outstanding performer in arts,89.8,Excellent
S-11916,REG-2026-2916,M,25,BS Info Tech,6,S1,50,30,61.0,1.63,1.84,38,52,45.0,23,30,30,42.0,52,31,Needs constant monitoring,Probation,Not Started,Irregular attendance and extremely poor focus in class.,Struggles to participate,40.7,Poor
S-11917,REG-2026-2917,F,20,BS Computer Science,7,S3,50,49,99.0,3.92,3.99,85,93,89.0,98,89,90,97.0,91,84,Very consistent,Excellent,Completed,Outstanding performance throughout the semester.,Shows leadership in sports,91.7,Excellent
S-11918,REG-2026-2918,F,24,BS Data Science,5,S1,50,19,38.0,2.1,2.23,35,40,37.5,31,24,27,32.0,38,36,Last-minute crammer,Probation,Not Started,Frequently misses deadlines and lacks motivation.,No interest,33.15,Poor
S-11919,REG-2026-2919,M,22,BS AI,4,S1,50,44,72.69,3.98,3.9,83,81,82.0,89,83,95,85.0,91,94,Highly focused,Excellent,Completed,Outstanding performance throughout the semester.,Shows leadership in sports,88.75,Excellent
S-11920,REG-2026-2920,F,24,BS Info Tech,1,S2,50,20,41.0,1.46,1.28,27,52,39.5,46,53,47,66.03,25,51,Rarely studies,Probation,Not Started,Lacks fundamental understanding of the subject matter.,Shy and inactive,38.4,Poor
S-11921,REG-2026-2921,M,21,BS Info Tech,6,S2,50,33,67.0,2.75,2.64,55,58,56.5,71,63,73,71.0,71,60,Occasional studier,Good,Not Started,Good effort but needs more consistency in assignments.,Participates occasionally,67.75,Good
S-11922,REG-2026-2922,M,20,BS Computer Science,7,S3,50,18,36.0,2.12,2.35,43,21,32.0,43,30,49,52.0,29,52,Rarely studies,Warning,Not Started,Lacks fundamental understanding of the subject matter.,Shy and inactive,40.35,Poor
S-11923,REG-2026-2923,F,18,BS Info Tech,1,S3,50,48,96.0,3.84,3.72,94,87,90.5,97,82,94,93.0,96,86,Highly focused,Excellent,Completed,No feedback provided,Active club president,92.2,Excellent
S-11924,REG-2026-2924,M,21,BS Software Eng,4,S3,50,36,73.0,2.83,3.04,75,58,66.5,70,60,76,70.0,77,68,Needs some guidance,Good,Ongoing,Good effort but needs more consistency in assignments.,Participates occasionally,71.25,Good
S-11925,REG-2026-2925,F,18,BS AI,6,S1,50,32,65.0,3.3,3.08,59,75,67.0,65,78,63,56.0,70,76,Needs some guidance,Good,Ongoing,Average performance. Needs to focus more on lab work.,Average sports player,66.75,Good
S-11926,REG-2026-2926,M,25,BS Software Eng,2,S2,50,16,72.69,1.43,1.49,31,27,29.0,43,35,48,24.0,31,49,Needs constant monitoring,Warning,Not Started,Irregular attendance and extremely poor focus in class.,Shy and inactive,34.85,Poor
S-11927,REG-2026-2927,M,18,BS Info Tech,7,S2,50,49,98.0,3.87,3.63,82,92,87.0,83,93,89,92.0,85,83,Very consistent,Excellent,Completed,Brilliant understanding of core concepts. A joy to teach.,Active club president,88.35,Excellent
S-11928,REG-2026-2928,F,23,BS Computer Science,6,S1,50,40,80.0,3.39,3.44,68,69,68.5,75,64,56,64.0,55,61,Occasional studier,Good,Ongoing,Understands the basics but struggles with complex logic.,Participates occasionally,62.05,Average
S-11929,REG-2026-2929,M,24,BS Computer Science,3,S3,50,41,83.0,2.65,2.47,58,65,61.5,64,62,69,62.0,67,60,Occasional studier,Warning,Not Started,Good effort but needs more consistency in assignments.,Participates occasionally,65.2,Good
S-11930,REG-2026-2930,M,23,BS Info Tech,8,S2,50,43,87.0,3.8,3.85,83,88,85.5,86,84,85,96.0,92,93,Very consistent,Excellent,Completed,Brilliant understanding of core concepts. A joy to teach.,Active club president,89.85,Excellent
S-11931,REG-2026-2931,M,25,BS Data Science,5,S3,50,40,81.0,2.87,2.87,59,76,67.5,76,59,59,64.0,56,58,Occasional studier,Warning,Not Started,Understands the basics but struggles with complex logic.,Learning basics of music,61.95,Average
S-11932,REG-2026-2932,M,19,BS Info Tech,6,S2,50,44,88.0,3.94,3.73,97,85,91.0,89,93,91,80.0,94,81,Regular studier,Excellent,Completed,No feedback provided,Shows leadership in sports,88.5,Excellent
S-11933,REG-2026-2933,M,19,BS Software Eng,3,S3,50,47,94.0,3.77,3.62,81,86,83.5,84,93,81,83.0,97,98,Highly focused,Excellent,Completed,"Highly proactive, consistent, and quick learner.",Active club president,89.35,Excellent
S-11934,REG-2026-2934,M,24,BS Info Tech,5,S3,50,38,76.0,2.8,2.74,61,65,63.0,77,65,70,76.0,64,72,Last-minute crammer,Good,Not Started,Understands the basics but struggles with complex logic.,Average sports player,69.35,Good
S-11935,REG-2026-2935,M,23,BS Computer Science,7,S2,50,34,69.0,3.14,3.01,55,62,58.5,76,72,75,69.0,61,58,Last-minute crammer,Warning,Ongoing,Good effort but needs more consistency in assignments.,Average sports player,66.4,Good
S-11936,REG-2026-2936,M,18,BS Software Eng,4,S3,50,47,95.0,3.54,3.8,80,93,86.5,95,90,81,99.0,92,86,Very consistent,Excellent,Completed,Outstanding performance throughout the semester.,Outstanding performer in arts,90.7,Excellent
S-11937,REG-2026-2937,M,19,BS Data Science,8,S2,50,35,71.0,2.79,2.96,56,68,62.0,57,74,66,59.0,75,77,Last-minute crammer,Warning,Not Started,Good effort but needs more consistency in assignments.,Learning basics of music,68.15,Good
S-11938,REG-2026-2938,M,25,BS Computer Science,5,S3,50,39,79.0,2.89,3.07,60,61,60.5,72,71,70,67.0,73,62,Occasional studier,Good,Not Started,Understands the basics but struggles with complex logic.,Participates occasionally,69.05,Good
S-11939,REG-2026-2939,F,24,BS Software Eng,3,S3,50,33,66.0,2.54,2.57,75,61,68.0,73,59,64,65.0,59,75,Last-minute crammer,Warning,Not Started,"Participates occasionally, can definitely do better.",Average sports player,64.5,Average
S-11940,REG-2026-2940,F,20,BS Software Eng,7,S1,50,37,75.0,2.74,3.03,70,58,64.0,76,71,77,75.0,70,70,Needs some guidance,Good,Ongoing,Average performance. Needs to focus more on lab work.,Average sports player,72.1,Good
S-11941,REG-2026-2941,M,24,BS Data Science,2,S1,50,34,68.0,3.23,2.99,56,61,58.5,66,69,60,55.0,70,71,Occasional studier,Warning,Ongoing,"Participates occasionally, can definitely do better.",Average sports player,64.05,Average
S-11942,REG-2026-2942,F,25,BS AI,3,S1,50,40,81.0,2.85,2.61,58,78,68.0,55,57,62,69.0,65,64,Needs some guidance,Good,Not Started,Understands the basics but struggles with complex logic.,Participates occasionally,65.05,Good
S-11943,REG-2026-2943,M,22,BS Computer Science,2,S3,50,34,68.0,2.72,2.51,57,69,63.0,76,73,64,66.0,77,62,Needs some guidance,Warning,Not Started,"Participates occasionally, can definitely do better.",Average sports player,69.05,Good
S-11944,REG-2026-2944,M,24,BS Data Science,8,S3,50,46,93.0,3.52,3.32,85,95,90.0,84,90,98,85.0,85,97,Highly focused,Excellent,Completed,Shows excellent leadership and analytical skills.,Shows leadership in sports,89.5,Excellent
S-11945,REG-2026-2945,M,23,BS Info Tech,3,S2,50,28,58.0,1.37,1.34,33,23,28.0,48,20,30,32.0,36,41,Rarely studies,Needs Improvement,Not Started,Irregular attendance and extremely poor focus in class.,No interest,34.1,Poor
S-11946,REG-2026-2946,F,25,BS Data Science,8,S1,50,36,72.0,2.71,2.74,66,72,69.0,78,57,72,68.0,75,75,Needs some guidance,Good,Not Started,Good effort but needs more consistency in assignments.,Learning basics of music,70.75,Good
S-11947,REG-2026-2947,M,23,BS Computer Science,4,S3,50,28,57.0,1.74,1.54,46,23,34.5,28,51,49,41.0,33,49,Last-minute crammer,Warning,Not Started,Lacks fundamental understanding of the subject matter.,No interest,41.5,Poor
S-11948,REG-2026-2948,F,19,BS Computer Science,2,S1,50,48,96.0,3.82,3.68,83,90,86.5,86,88,82,66.03,98,94,Highly focused,Excellent,Completed,"Highly proactive, consistent, and quick learner.",Outstanding performer in arts,92.35,Excellent
S-11949,REG-2026-2949,F,22,BS Computer Science,7,S2,50,42,85.0,3.81,3.64,94,89,91.5,99,80,81,90.0,86,85,Highly focused,Excellent,Completed,Outstanding performance throughout the semester.,Active club president,86.5,Excellent
S-11950,REG-2026-2950,F,23,BS Data Science,2,S2,50,45,91.0,3.9,3.97,85,96,90.5,94,98,87,91.0,92,90,Highly focused,Excellent,Completed,Outstanding performance throughout the semester.,Active club president,91.35,Excellent
S-11951,REG-2026-2951,F,19,BS Data Science,8,S1,50,39,79.0,3.19,2.97,78,72,75.0,65,61,62,73.0,57,56,Occasional studier,Good,Ongoing,Understands the basics but struggles with complex logic.,Participates occasionally,64.55,Average
S-11952,REG-2026-2952,M,18,BS Data Science,5,S2,50,22,45.0,2.34,2.5,50,51,50.5,49,37,38,53.0,42,40,Rarely studies,Needs Improvement,Not Started,Irregular attendance and extremely poor focus in class.,No interest,44.25,Poor
S-11953,REG-2026-2953,M,18,BS Computer Science,4,S2,50,39,79.0,3.06,2.92,69,78,73.5,73,67,76,61.0,77,64,Last-minute crammer,Good,Ongoing,Understands the basics but struggles with complex logic.,Participates occasionally,70.9,Good
S-11954,REG-2026-2954,M,19,BS Software Eng,1,S1,50,28,56.0,2.31,2.42,30,40,35.0,30,42,25,22.0,38,28,Last-minute crammer,Probation,Not Started,Frequently misses deadlines and lacks motivation.,Struggles to participate,32.45,Poor
S-11955,REG-2026-2955,F,23,BS AI,7,S1,50,32,65.0,2.72,2.75,69,78,73.5,76,78,74,62.0,77,70,Needs some guidance,Good,Ongoing,Good effort but needs more consistency in assignments.,Learning basics of music,71.95,Good
S-11956,REG-2026-2956,F,24,BS Info Tech,5,S1,50,30,60.0,2.46,2.33,24,38,31.0,34,23,29,66.03,44,48,Rarely studies,Probation,Not Started,Lacks fundamental understanding of the subject matter.,Shy and inactive,34.65,Poor
S-11957,REG-2026-2957,F,23,BS Data Science,2,S3,50,49,99.0,3.9,3.93,96,99,97.5,99,89,91,98.0,88,88,Highly focused,Excellent,Completed,Shows excellent leadership and analytical skills.,Outstanding performer in arts,92.6,Excellent
S-11958,REG-2026-2958,M,23,BS Data Science,2,S1,50,39,72.69,2.54,2.53,69,65,67.0,62,60,66,75.0,72,75,Needs some guidance,Good,Ongoing,Understands the basics but struggles with complex logic.,Average sports player,70.1,Good
S-11959,REG-2026-2959,M,20,BS AI,8,S1,50,22,45.0,1.33,1.5,29,30,29.5,43,34,40,23.0,47,29,Last-minute crammer,Warning,Not Started,"Needs urgent improvement, counseling recommended.",Shy and inactive,36.0,Poor
S-11960,REG-2026-2960,M,21,BS Software Eng,5,S2,50,34,68.0,2.5,2.73,69,73,71.0,62,64,59,62.0,59,75,Occasional studier,Warning,Not Started,Understands the basics but struggles with complex logic.,Participates occasionally,63.5,Average
S-11961,REG-2026-2961,M,20,BS Data Science,7,S3,50,24,49.0,2.26,2.16,36,25,30.5,33,53,53,48.0,23,42,Needs constant monitoring,Needs Improvement,Not Started,"Needs urgent improvement, counseling recommended.",Struggles to participate,39.95,Poor
S-11962,REG-2026-2962,M,21,BS Info Tech,2,S3,50,38,76.0,3.16,3.11,59,62,60.5,70,58,63,64.0,56,78,Needs some guidance,Good,Not Started,Average performance. Needs to focus more on lab work.,Participates occasionally,63.2,Average
S-11963,REG-2026-2963,F,22,BS Info Tech,1,S1,50,48,97.0,3.85,3.82,91,82,86.5,85,83,95,98.0,98,99,Very consistent,Excellent,Completed,No feedback provided,Active club president,94.3,Excellent
S-11964,REG-2026-2964,M,19,BS AI,2,S2,50,49,99.0,3.81,3.9,82,98,90.0,80,80,99,97.0,88,89,Regular studier,Excellent,Completed,"Highly proactive, consistent, and quick learner.",Active club president,91.1,Excellent
S-11965,REG-2026-2965,M,24,BS Software Eng,5,S3,50,44,88.0,3.77,3.87,91,86,88.5,83,89,88,97.0,94,92,Regular studier,Excellent,Completed,"Highly proactive, consistent, and quick learner.",Active club president,91.6,Excellent
S-11966,REG-2026-2966,F,21,BS Data Science,2,S1,50,47,95.0,3.67,3.81,99,95,97.0,99,83,98,83.0,96,82,Highly focused,Excellent,Completed,Shows excellent leadership and analytical skills.,Outstanding performer in arts,91.2,Excellent
S-11967,REG-2026-2967,M,20,BS AI,5,S3,50,33,67.0,2.61,2.77,72,70,71.0,77,74,74,70.0,70,67,Needs some guidance,Good,Ongoing,Good effort but needs more consistency in assignments.,Learning basics of music,71.0,Good
S-11968,REG-2026-2968,F,18,BS Software Eng,3,S2,50,48,96.0,3.57,2.91,99,84,91.5,90,83,81,92.0,96,90,Highly focused,Excellent,Completed,Brilliant understanding of core concepts. A joy to teach.,Active club president,90.3,Excellent
S-11969,REG-2026-2969,M,21,BS Software Eng,3,S3,50,43,86.0,3.82,3.83,91,86,88.5,90,89,99,98.0,84,95,Highly focused,Excellent,Completed,Outstanding performance throughout the semester.,Shows leadership in sports,91.5,Excellent
S-11970,REG-2026-2970,F,22,BS Info Tech,3,S2,50,35,71.0,3.29,3.08,64,64,64.0,73,65,62,56.0,75,59,Needs some guidance,Good,Ongoing,"Participates occasionally, can definitely do better.",Participates occasionally,65.25,Good
S-11971,REG-2026-2971,F,23,BS Computer Science,6,S2,50,34,68.0,3.2,2.92,63,59,61.0,62,63,76,59.0,69,76,Occasional studier,Good,Not Started,Understands the basics but struggles with complex logic.,Learning basics of music,66.95,Good
S-11972,REG-2026-2972,F,18,BS Computer Science,6,S1,50,26,52.0,1.03,1.23,31,27,29.0,25,36,25,46.0,52,30,Last-minute crammer,Warning,Not Started,Lacks fundamental understanding of the subject matter.,No interest,39.3,Poor
S-11973,REG-2026-2973,M,19,BS AI,4,S2,50,21,42.0,1.3,1.05,51,27,39.0,42,41,35,39.0,35,50,Rarely studies,Warning,Not Started,Frequently misses deadlines and lacks motivation.,No interest,39.0,Poor
S-11974,REG-2026-2974,F,23,BS Software Eng,6,S2,50,43,86.0,3.51,3.43,83,95,89.0,88,93,86,89.0,97,89,Highly focused,Excellent,Completed,Brilliant understanding of core concepts. A joy to teach.,Outstanding performer in arts,90.75,Excellent
S-11975,REG-2026-2975,F,24,BS AI,3,S3,50,45,90.0,3.66,3.5,89,91,90.0,80,81,88,89.0,98,89,Highly focused,Excellent,Completed,Outstanding performance throughout the semester.,Active club president,90.0,Excellent
S-11976,REG-2026-2976,F,21,BS Computer Science,8,S2,50,33,67.0,3.41,3.29,64,57,60.5,66,65,73,74.0,59,70,Last-minute crammer,Good,Not Started,Average performance. Needs to focus more on lab work.,Average sports player,66.7,Good
S-11977,REG-2026-2977,M,24,BS Data Science,3,S2,50,39,79.0,2.58,2.34,67,75,71.0,70,75,66,77.0,78,71,Last-minute crammer,Good,Not Started,"Participates occasionally, can definitely do better.",Participates occasionally,73.95,Good
S-11978,REG-2026-2978,F,19,BS Data Science,1,S1,50,35,71.0,2.7,2.82,70,65,67.5,66,73,60,55.0,77,68,Needs some guidance,Good,Not Started,Good effort but needs more consistency in assignments.,Average sports player,66.95,Good
S-11979,REG-2026-2979,M,23,BS Info Tech,7,S3,50,35,71.0,3.38,3.65,78,67,72.5,75,68,57,58.0,78,74,Last-minute crammer,Good,Ongoing,No feedback provided,Learning basics of music,68.4,Good
S-11980,REG-2026-2980,M,22,BS Info Tech,8,S1,50,45,91.0,3.76,3.82,99,88,93.5,81,89,81,85.0,99,81,Very consistent,Excellent,Completed,"Highly proactive, consistent, and quick learner.",Shows leadership in sports,88.85,Excellent
S-11981,REG-2026-2981,F,24,BS Info Tech,6,S1,50,32,65.0,2.86,3.04,70,73,71.5,71,63,63,76.0,68,65,Last-minute crammer,Good,Ongoing,Understands the basics but struggles with complex logic.,Learning basics of music,68.4,Good
S-11982,REG-2026-2982,M,20,BS Computer Science,4,S1,50,16,32.0,1.89,1.74,24,23,23.5,23,41,35,26.0,51,34,Needs constant monitoring,Needs Improvement,Not Started,Frequently misses deadlines and lacks motivation.,No interest,35.8,Poor
S-11983,REG-2026-2983,M,20,BS Software Eng,1,S3,50,33,66.0,2.69,2.54,70,68,69.0,66,57,73,55.0,69,75,Occasional studier,Good,Ongoing,"Participates occasionally, can definitely do better.",Average sports player,65.9,Good
S-11984,REG-2026-2984,M,18,BS AI,3,S3,50,44,89.0,3.57,3.62,98,90,94.0,95,90,99,66.03,96,81,Very consistent,Excellent,Completed,Brilliant understanding of core concepts. A joy to teach.,Active club president,92.15,Excellent
S-11985,REG-2026-2985,M,23,BS Info Tech,3,S2,50,45,90.0,3.89,3.59,92,91,91.5,89,83,98,92.0,80,84,Very consistent,Excellent,Completed,Brilliant understanding of core concepts. A joy to teach.,Outstanding performer in arts,87.9,Excellent
S-11986,REG-2026-2986,F,25,BS Info Tech,4,S3,50,47,95.0,3.81,3.69,94,92,93.0,87,88,88,99.0,83,98,Regular studier,Excellent,Completed,Shows excellent leadership and analytical skills.,Shows leadership in sports,90.75,Excellent
S-11987,REG-2026-2987,F,21,BS Software Eng,7,S1,50,37,75.0,3.08,3.12,59,62,60.5,55,75,58,56.0,75,63,Last-minute crammer,Good,Not Started,Average performance. Needs to focus more on lab work.,Learning basics of music,65.0,Good
S-11988,REG-2026-2988,M,19,BS AI,3,S1,50,39,79.0,2.67,2.59,77,61,69.0,62,78,59,66.0,59,56,Needs some guidance,Good,Ongoing,Average performance. Needs to focus more on lab work.,Average sports player,64.15,Average
S-11989,REG-2026-2989,F,19,BS AI,2,S3,50,33,66.0,2.57,2.69,56,76,66.0,73,65,61,66.03,71,68,Needs some guidance,Warning,Ongoing,Average performance. Needs to focus more on lab work.,Participates occasionally,68.35,Good
S-11990,REG-2026-2990,F,20,BS Info Tech,6,S2,50,23,47.0,1.54,1.55,29,36,32.5,46,41,39,50.0,39,29,Needs constant monitoring,Needs Improvement,Not Started,Lacks fundamental understanding of the subject matter.,No interest,40.5,Poor
S-11991,REG-2026-2991,F,22,BS AI,1,S3,50,40,80.0,3.43,3.21,75,70,72.5,63,63,78,69.0,67,63,Needs some guidance,Warning,Ongoing,"Participates occasionally, can definitely do better.",Learning basics of music,69.25,Good
S-11992,REG-2026-2992,M,25,BS Info Tech,6,S1,50,49,98.0,3.96,3.89,96,85,90.5,94,86,99,66.03,86,95,Very consistent,Excellent,Completed,Shows excellent leadership and analytical skills.,Active club president,91.1,Excellent
S-11993,REG-2026-2993,M,24,BS Software Eng,1,S1,50,37,75.0,3.29,3.52,56,66,61.0,72,70,59,71.0,77,67,Needs some guidance,Good,Not Started,Understands the basics but struggles with complex logic.,Learning basics of music,69.45,Good
S-11994,REG-2026-2994,M,24,BS Software Eng,8,S2,50,40,80.0,2.93,2.64,64,59,61.5,60,64,69,65.0,66,66,Needs some guidance,Good,Not Started,Understands the basics but struggles with complex logic.,Average sports player,66.0,Good
S-11995,REG-2026-2995,M,23,BS Data Science,5,S1,50,42,85.0,3.58,3.46,85,92,88.5,94,93,87,84.0,98,83,Regular studier,Excellent,Completed,Shows excellent leadership and analytical skills.,Active club president,89.75,Excellent
S-11996,REG-2026-2996,M,21,BS Info Tech,1,S3,50,33,66.0,2.72,2.52,56,57,56.5,65,70,60,75.0,58,63,Occasional studier,Warning,Ongoing,"Participates occasionally, can definitely do better.",Average sports player,64.0,Average
S-11997,REG-2026-2997,M,18,BS Data Science,7,S2,50,24,49.0,2.15,2.36,22,22,22.0,20,24,31,27.0,48,48,Last-minute crammer,Warning,Not Started,Frequently misses deadlines and lacks motivation.,No interest,34.9,Poor
S-11998,REG-2026-2998,M,23,BS AI,2,S2,50,36,72.0,3.41,3.45,65,72,68.5,77,78,73,74.0,70,61,Occasional studier,Good,Ongoing,"Participates occasionally, can definitely do better.",Participates occasionally,71.45,Good
S-11999,REG-2026-2999,M,20,BS Data Science,4,S3,50,32,65.0,2.71,2.45,62,70,66.0,62,74,59,59.0,65,77,Last-minute crammer,Warning,Not Started,Average performance. Needs to focus more on lab work.,Participates occasionally,64.95,Average
S-12000,REG-2026-3000,M,22,BS Software Eng,2,S2,50,49,99.0,3.86,3.65,85,82,83.5,97,96,89,83.0,89,83,Highly focused,Excellent,Completed,Shows excellent leadership and analytical skills.,Active club president,88.25,Excellent
S-12001,REG-2026-3001,F,23,BS Info Tech,5,S1,50,39,78.0,2.73,2.61,73,55,64.0,63,76,67,57.0,76,62,Last-minute crammer,Good,Ongoing,Understands the basics but struggles with complex logic.,Learning basics of music,67.7,Good
S-12002,REG-2026-3002,F,23,BS Computer Science,3,S1,50,25,50.0,1.13,1.17,41,25,33.0,40,30,43,33.0,30,40,Needs constant monitoring,Needs Improvement,Not Started,"Needs urgent improvement, counseling recommended.",No interest,35.35,Poor
S-12003,REG-2026-3003,M,19,BS Computer Science,4,S2,50,35,70.0,2.55,2.91,69,77,73.0,60,65,64,66.03,65,72,Needs some guidance,Warning,Not Started,Understands the basics but struggles with complex logic.,Average sports player,68.15,Good
S-12004,REG-2026-3004,M,19,BS Computer Science,1,S3,50,34,69.0,3.01,2.93,57,64,60.5,60,73,61,69.0,57,63,Needs some guidance,Good,Ongoing,"Participates occasionally, can definitely do better.",Participates occasionally,63.3,Average
S-12005,REG-2026-3005,F,22,BS Software Eng,8,S1,50,16,32.0,2.08,1.85,48,27,37.5,45,37,46,47.0,32,30,Rarely studies,Needs Improvement,Not Started,Irregular attendance and extremely poor focus in class.,Struggles to participate,38.6,Poor
S-12006,REG-2026-3006,M,24,BS Computer Science,2,S3,50,43,86.0,3.85,3.62,97,96,96.5,93,81,88,99.0,92,81,Highly focused,Excellent,Completed,Shows excellent leadership and analytical skills.,Active club president,90.8,Excellent
S-12007,REG-2026-3007,M,22,BS Info Tech,6,S2,50,37,75.0,3.11,3.17,57,57,57.0,67,74,76,68.0,55,78,Needs some guidance,Good,Ongoing,"Participates occasionally, can definitely do better.",Learning basics of music,66.75,Good
S-12008,REG-2026-3008,M,22,BS Computer Science,2,S2,50,27,55.0,2.45,2.48,42,28,35.0,51,31,53,44.0,31,27,Rarely studies,Probation,Not Started,Frequently misses deadlines and lacks motivation.,No interest,39.1,Poor
S-12009,REG-2026-3009,F,18,BS Software Eng,6,S3,50,35,71.0,2.91,3.12,76,60,68.0,66,56,58,75.0,61,74,Occasional studier,Good,Not Started,"Participates occasionally, can definitely do better.",Learning basics of music,65.6,Good
S-12010,REG-2026-3010,F,21,BS Info Tech,5,S2,50,40,81.0,2.54,2.74,60,57,58.5,69,67,68,65.0,55,57,Occasional studier,Good,Ongoing,"Participates occasionally, can definitely do better.",Average sports player,62.7,Average
S-12011,REG-2026-3011,M,18,BS Data Science,4,S2,50,41,82.0,2.71,2.82,59,67,63.0,60,63,76,59.0,67,56,Last-minute crammer,Good,Not Started,Average performance. Needs to focus more on lab work.,Learning basics of music,65.25,Good
S-12012,REG-2026-3012,M,21,BS Computer Science,7,S2,50,45,91.0,3.69,3.6,96,89,92.5,92,85,99,87.0,82,94,Highly focused,Excellent,Completed,Outstanding performance throughout the semester.,Shows leadership in sports,89.05,Excellent
S-12013,REG-2026-3013,F,19,BS Software Eng,1,S1,50,33,66.0,3.44,3.2,71,72,71.5,57,55,74,63.0,66,75,Occasional studier,Good,Ongoing,Good effort but needs more consistency in assignments.,Average sports player,66.5,Good
S-12014,REG-2026-3014,M,21,BS Computer Science,2,S3,50,33,67.0,3.15,3.34,73,69,71.0,69,64,59,66.0,72,59,Last-minute crammer,Warning,Ongoing,Average performance. Needs to focus more on lab work.,Participates occasionally,66.25,Good
S-12015,REG-2026-3015,M,19,BS Info Tech,6,S1,50,47,95.0,3.75,3.72,98,92,95.0,87,90,87,96.0,91,82,Highly focused,Excellent,Completed,Outstanding performance throughout the semester.,Shows leadership in sports,90.8,Excellent
S-12016,REG-2026-3016,F,20,BS Computer Science,7,S3,50,35,71.0,2.87,2.72,77,78,77.5,74,77,59,77.0,78,65,Needs some guidance,Good,Not Started,"Participates occasionally, can definitely do better.",Average sports player,72.95,Good
S-12017,REG-2026-3017,M,25,BS Computer Science,7,S2,50,35,71.0,3.44,3.36,55,60,57.5,72,62,75,63.0,69,70,Occasional studier,Warning,Not Started,Good effort but needs more consistency in assignments.,Average sports player,67.2,Good
S-12018,REG-2026-3018,F,18,BS Info Tech,8,S3,50,37,75.0,3.38,3.43,70,61,65.5,73,62,66,72.0,77,74,Last-minute crammer,Warning,Not Started,Average performance. Needs to focus more on lab work.,Participates occasionally,71.1,Good
S-12019,REG-2026-3019,M,23,BS Computer Science,4,S1,50,32,65.0,2.86,2.92,57,56,56.5,68,70,75,76.0,55,59,Needs some guidance,Warning,Ongoing,Understands the basics but struggles with complex logic.,Participates occasionally,65.4,Good
S-12020,REG-2026-3020,F,24,BS Info Tech,1,S1,50,22,44.0,1.07,1.15,43,25,34.0,45,21,29,39.0,49,51,Last-minute crammer,Needs Improvement,Not Started,"Needs urgent improvement, counseling recommended.",Shy and inactive,39.45,Poor
S-12021,REG-2026-3021,M,18,BS Info Tech,8,S2,50,46,92.0,3.54,3.25,86,98,92.0,80,82,91,99.0,81,93,Highly focused,Excellent,Completed,Shows excellent leadership and analytical skills.,Shows leadership in sports,89.0,Excellent
S-12022,REG-2026-3022,F,22,BS Software Eng,1,S3,50,38,77.0,2.68,2.47,59,64,61.5,63,58,73,74.0,61,62,Last-minute crammer,Good,Not Started,"Participates occasionally, can definitely do better.",Learning basics of music,66.15,Good
S-12023,REG-2026-3023,M,24,BS Software Eng,6,S2,50,38,76.0,3.26,3.48,69,59,64.0,75,76,58,57.0,57,66,Needs some guidance,Warning,Ongoing,Average performance. Needs to focus more on lab work.,Average sports player,62.5,Average
S-12024,REG-2026-3024,F,20,BS Info Tech,7,S3,50,18,36.0,1.23,1.28,36,40,38.0,40,40,43,47.0,37,25,Last-minute crammer,Needs Improvement,Not Started,"Needs urgent improvement, counseling recommended.",Struggles to participate,39.2,Poor
S-12025,REG-2026-3025,F,18,BS Info Tech,3,S3,50,37,75.0,2.65,2.79,70,57,63.5,59,63,62,60.0,75,75,Last-minute crammer,Warning,Ongoing,Good effort but needs more consistency in assignments.,Average sports player,66.9,Good
S-12026,REG-2026-3026,M,25,BS AI,4,S3,50,37,74.0,3.29,3.54,68,76,72.0,61,76,70,62.0,59,75,Needs some guidance,Warning,Not Started,Average performance. Needs to focus more on lab work.,Learning basics of music,66.7,Good
S-12027,REG-2026-3027,F,20,BS Computer Science,4,S3,50,28,58.0,1.39,1.16,41,40,40.5,23,36,52,36.0,32,28,Needs constant monitoring,Probation,Not Started,Irregular attendance and extremely poor focus in class.,Struggles to participate,37.5,Poor
S-12028,REG-2026-3028,M,21,BS Software Eng,6,S1,50,29,72.69,2.1,2.07,44,26,35.0,39,51,25,51.0,25,33,Rarely studies,Probation,Not Started,"Needs urgent improvement, counseling recommended.",Shy and inactive,37.0,Poor
S-12029,REG-2026-3029,M,18,BS Info Tech,8,S3,50,42,85.0,3.83,3.92,84,83,83.5,96,89,82,93.0,84,82,Regular studier,Excellent,Completed,"Highly proactive, consistent, and quick learner.",Active club president,86.4,Excellent
S-12030,REG-2026-3030,M,25,BS Software Eng,2,S2,50,36,73.0,3.0,3.03,55,75,65.0,66,56,74,70.0,63,63,Last-minute crammer,Warning,Not Started,"Participates occasionally, can definitely do better.",Participates occasionally,66.2,Good
S-12031,REG-2026-3031,M,21,BS AI,2,S1,50,24,48.0,2.47,2.32,29,29,29.0,41,33,36,43.0,47,39,Needs constant monitoring,Needs Improvement,Not Started,Irregular attendance and extremely poor focus in class.,Shy and inactive,40.3,Poor
S-12032,REG-2026-3032,M,24,BS Info Tech,8,S2,50,49,98.0,3.92,3.9,94,82,88.0,98,96,94,96.0,86,83,Very consistent,Excellent,Completed,Brilliant understanding of core concepts. A joy to teach.,Outstanding performer in arts,91.3,Excellent
S-12033,REG-2026-3033,F,20,BS Software Eng,8,S1,50,49,99.0,3.58,3.46,82,80,81.0,80,84,98,85.0,94,85,Very consistent,Excellent,Completed,Shows excellent leadership and analytical skills.,Shows leadership in sports,89.15,Excellent
S-12034,REG-2026-3034,M,24,BS Software Eng,7,S1,50,42,85.0,3.67,3.92,99,89,94.0,82,92,87,92.0,80,88,Very consistent,Excellent,Completed,Brilliant understanding of core concepts. A joy to teach.,Shows leadership in sports,87.2,Excellent
S-12035,REG-2026-3035,M,23,BS Software Eng,4,S1,50,36,73.0,3.1,3.34,76,67,71.5,57,71,61,74.0,61,56,Needs some guidance,Good,Ongoing,Understands the basics but struggles with complex logic.,Learning basics of music,65.55,Good
S-12036,REG-2026-3036,F,18,BS Computer Science,2,S2,50,33,66.0,3.05,2.98,56,74,65.0,72,75,57,77.0,60,66,Needs some guidance,Warning,Ongoing,Understands the basics but struggles with complex logic.,Participates occasionally,66.45,Good
S-12037,REG-2026-3037,F,23,BS Computer Science,2,S1,50,32,65.0,2.64,2.47,61,71,66.0,67,76,71,64.0,71,77,Needs some guidance,Warning,Ongoing,Average performance. Needs to focus more on lab work.,Average sports player,69.7,Good
S-12038,REG-2026-3038,M,25,BS Software Eng,1,S2,50,42,85.0,3.94,3.7,92,88,90.0,92,85,83,93.0,88,86,Very consistent,Excellent,Completed,Brilliant understanding of core concepts. A joy to teach.,Active club president,88.0,Excellent
S-12039,REG-2026-3039,F,20,BS Computer Science,7,S2,50,34,68.0,2.77,2.56,72,71,71.5,65,76,61,59.0,68,64,Occasional studier,Warning,Not Started,Average performance. Needs to focus more on lab work.,Average sports player,65.75,Good
S-12040,REG-2026-3040,M,22,BS Data Science,8,S3,50,22,44.0,1.64,1.57,39,26,32.5,48,20,31,51.0,48,37,Last-minute crammer,Probation,Not Started,Irregular attendance and extremely poor focus in class.,Struggles to participate,40.4,Poor
S-12041,REG-2026-3041,M,18,BS Computer Science,8,S2,50,41,82.0,2.98,2.7,78,55,66.5,58,57,76,69.0,68,61,Needs some guidance,Good,Not Started,"Participates occasionally, can definitely do better.",Participates occasionally,67.65,Good
S-12042,REG-2026-3042,F,25,BS AI,1,S3,50,27,55.0,1.44,1.54,31,53,42.0,42,30,44,38.0,27,26,Last-minute crammer,Warning,Not Started,Frequently misses deadlines and lacks motivation.,Shy and inactive,35.6,Poor
S-12043,REG-2026-3043,F,24,BS Data Science,3,S2,50,35,70.0,2.81,2.82,73,60,66.5,56,60,77,74.0,58,62,Occasional studier,Good,Not Started,Understands the basics but struggles with complex logic.,Learning basics of music,66.0,Good
S-12044,REG-2026-3044,M,18,BS Info Tech,2,S2,50,33,66.0,3.0,2.85,74,70,72.0,67,56,60,59.0,55,68,Needs some guidance,Warning,Not Started,Understands the basics but struggles with complex logic.,Learning basics of music,60.8,Average
S-12045,REG-2026-3045,M,18,BS Software Eng,1,S2,50,37,75.0,2.8,2.7,62,72,67.0,55,71,71,78.0,56,75,Needs some guidance,Good,Ongoing,Good effort but needs more consistency in assignments.,Average sports player,68.05,Good
S-12046,REG-2026-3046,F,20,BS Info Tech,5,S2,50,27,55.0,1.93,1.73,50,23,36.5,52,22,49,36.0,53,38,Needs constant monitoring,Warning,Not Started,Frequently misses deadlines and lacks motivation.,Struggles to participate,42.8,Poor
S-12047,REG-2026-3047,F,18,BS Data Science,5,S2,50,33,66.0,3.25,3.05,56,58,57.0,70,72,62,76.0,73,55,Last-minute crammer,Warning,Ongoing,"Participates occasionally, can definitely do better.",Learning basics of music,67.95,Good
S-12048,REG-2026-3048,F,23,BS Data Science,4,S2,50,45,90.0,3.67,3.91,98,94,96.0,96,82,93,93.0,82,97,Highly focused,Excellent,Completed,Brilliant understanding of core concepts. A joy to teach.,Outstanding performer in arts,89.85,Excellent
S-12049,REG-2026-3049,M,24,BS Data Science,7,S1,50,41,82.0,2.57,2.58,67,58,62.5,63,62,76,64.0,64,73,Last-minute crammer,Good,Ongoing,Understands the basics but struggles with complex logic.,Participates occasionally,67.2,Good
S-12050,REG-2026-3050,F,24,BS Computer Science,7,S1,50,46,92.0,3.78,3.61,87,85,86.0,80,92,96,97.0,97,91,Highly focused,Excellent,Completed,Brilliant understanding of core concepts. A joy to teach.,Shows leadership in sports,93.55,Excellent
S-12051,REG-2026-3051,F,25,BS Computer Science,3,S1,50,46,93.0,3.93,3.82,92,90,91.0,95,94,95,87.0,99,86,Regular studier,Excellent,Completed,"Highly proactive, consistent, and quick learner.",Active club president,92.9,Excellent
S-12052,REG-2026-3052,F,24,BS Computer Science,6,S3,50,35,71.0,3.46,3.31,76,72,74.0,59,61,55,63.0,74,58,Needs some guidance,Warning,Ongoing,Average performance. Needs to focus more on lab work.,Average sports player,65.15,Good
S-12053,REG-2026-3053,M,19,BS Computer Science,2,S1,50,46,93.0,3.52,2.91,93,85,89.0,92,96,93,81.0,98,82,Highly focused,Excellent,Completed,Outstanding performance throughout the semester.,Outstanding performer in arts,90.6,Excellent
S-12054,REG-2026-3054,M,24,BS Info Tech,8,S2,50,40,80.0,3.05,3.04,55,77,66.0,73,55,77,57.0,63,59,Occasional studier,Warning,Ongoing,Understands the basics but struggles with complex logic.,Learning basics of music,64.35,Average
S-12055,REG-2026-3055,F,18,BS Info Tech,4,S3,50,38,76.0,3.16,3.39,75,65,70.0,66,77,56,70.0,72,65,Needs some guidance,Warning,Not Started,"Participates occasionally, can definitely do better.",Average sports player,68.7,Good
S-12056,REG-2026-3056,M,18,BS AI,6,S1,50,48,96.0,3.94,3.67,99,90,94.5,98,89,88,89.0,81,98,Highly focused,Excellent,Completed,Shows excellent leadership and analytical skills.,Shows leadership in sports,89.1,Excellent
S-12057,REG-2026-3057,F,24,BS Software Eng,3,S3,50,39,79.0,2.83,2.97,67,77,72.0,66,64,67,71.0,66,69,Last-minute crammer,Warning,Not Started,Good effort but needs more consistency in assignments.,Average sports player,68.5,Good
S-12058,REG-2026-3058,F,22,BS Computer Science,6,S2,50,35,70.0,3.27,3.44,69,55,62.0,69,72,78,65.0,59,72,Last-minute crammer,Warning,Not Started,Understands the basics but struggles with complex logic.,Learning basics of music,67.0,Good
S-12059,REG-2026-3059,F,25,BS Data Science,6,S1,50,35,71.0,2.87,3.05,56,75,65.5,58,60,72,58.0,55,55,Needs some guidance,Warning,Ongoing,No feedback provided,Learning basics of music,60.65,Average
S-12060,REG-2026-3060,M,18,BS Data Science,4,S2,50,33,67.0,3.31,3.41,68,71,69.5,73,64,74,78.0,71,73,Needs some guidance,Warning,Ongoing,"Participates occasionally, can definitely do better.",Participates occasionally,72.1,Good
S-12061,REG-2026-3061,M,21,BS Computer Science,7,S1,50,39,79.0,2.83,3.11,71,57,64.0,76,55,70,71.0,71,72,Occasional studier,Warning,Not Started,Understands the basics but struggles with complex logic.,Learning basics of music,69.3,Good
S-12062,REG-2026-3062,M,23,BS Data Science,3,S1,50,39,78.0,2.64,2.94,69,70,69.5,57,65,67,61.0,66,67,Occasional studier,Warning,Not Started,Average performance. Needs to focus more on lab work.,Learning basics of music,65.65,Good
S-12063,REG-2026-3063,M,25,BS Data Science,2,S3,50,47,95.0,3.67,3.44,93,80,86.5,98,95,90,94.0,95,93,Very consistent,Excellent,Completed,Shows excellent leadership and analytical skills.,Outstanding performer in arts,93.15,Excellent
S-12064,REG-2026-3064,F,18,BS Info Tech,6,S1,50,32,65.0,2.6,2.7,67,63,65.0,56,77,60,66.03,65,61,Needs some guidance,Good,Not Started,Average performance. Needs to focus more on lab work.,Learning basics of music,66.6,Good
S-12065,REG-2026-3065,M,18,BS Info Tech,5,S1,50,32,65.0,3.33,3.46,75,78,76.5,71,64,57,77.0,71,63,Needs some guidance,Warning,Not Started,Good effort but needs more consistency in assignments.,Learning basics of music,68.85,Good
S-12066,REG-2026-3066,M,21,BS AI,4,S1,50,45,90.0,3.93,3.92,84,94,89.0,89,89,92,99.0,93,90,Regular studier,Excellent,Completed,"Highly proactive, consistent, and quick learner.",Shows leadership in sports,92.6,Excellent
S-12067,REG-2026-3067,M,25,BS Info Tech,6,S3,50,45,91.0,3.72,3.93,96,80,88.0,80,90,87,89.0,93,85,Very consistent,Excellent,Completed,Brilliant understanding of core concepts. A joy to teach.,Active club president,88.95,Excellent
S-12068,REG-2026-3068,M,21,BS Software Eng,1,S2,50,37,74.0,3.37,3.28,71,60,65.5,70,56,59,60.0,71,62,Needs some guidance,Good,Not Started,"Participates occasionally, can definitely do better.",Learning basics of music,64.15,Average
S-12069,REG-2026-3069,M,25,BS Data Science,6,S3,50,32,65.0,2.89,3.18,64,62,63.0,55,69,66,72.0,68,55,Last-minute crammer,Warning,Not Started,Average performance. Needs to focus more on lab work.,Average sports player,66.0,Good
S-12070,REG-2026-3070,M,18,BS Computer Science,6,S2,50,38,76.0,2.56,2.35,59,78,68.5,61,72,63,75.0,66,68,Needs some guidance,Warning,Not Started,Good effort but needs more consistency in assignments.,Learning basics of music,68.65,Good
S-12071,REG-2026-3071,F,24,BS AI,5,S2,50,40,80.0,3.09,2.89,59,74,66.5,56,71,71,71.0,59,61,Last-minute crammer,Good,Not Started,Average performance. Needs to focus more on lab work.,Learning basics of music,66.25,Good
S-12072,REG-2026-3072,F,22,BS Info Tech,1,S2,50,44,89.0,3.85,3.96,85,80,82.5,94,80,97,98.0,97,83,Very consistent,Excellent,Completed,Brilliant understanding of core concepts. A joy to teach.,Shows leadership in sports,92.1,Excellent
S-12073,REG-2026-3073,M,20,BS Software Eng,3,S3,50,19,72.69,1.68,1.49,48,39,43.5,47,24,46,22.0,25,43,Last-minute crammer,Warning,Not Started,"Needs urgent improvement, counseling recommended.",No interest,32.9,Poor
S-12074,REG-2026-3074,F,24,BS Data Science,1,S2,50,29,59.0,1.36,2.91,21,53,37.0,22,29,30,49.0,26,51,Needs constant monitoring,Warning,Not Started,Irregular attendance and extremely poor focus in class.,Struggles to participate,36.55,Poor
S-12075,REG-2026-3075,M,25,BS AI,7,S3,50,41,82.0,3.45,3.64,66,77,71.5,60,61,70,55.0,69,65,Last-minute crammer,Warning,Not Started,Understands the basics but struggles with complex logic.,Learning basics of music,65.6,Good
S-12076,REG-2026-3076,F,20,BS Data Science,7,S3,50,23,46.0,2.32,2.47,52,39,45.5,46,36,45,30.0,41,46,Rarely studies,Probation,Not Started,Irregular attendance and extremely poor focus in class.,Struggles to participate,40.35,Poor
S-12077,REG-2026-3077,F,20,BS Info Tech,1,S3,50,38,72.69,3.0,3.17,75,65,70.0,68,57,60,73.0,58,63,Last-minute crammer,Warning,Ongoing,Understands the basics but struggles with complex logic.,Participates occasionally,64.3,Average
S-12078,REG-2026-3078,M,24,BS AI,6,S1,50,38,76.0,2.92,3.13,58,72,65.0,60,63,76,63.0,59,74,Last-minute crammer,Warning,Not Started,Understands the basics but struggles with complex logic.,Average sports player,65.75,Good
S-12079,REG-2026-3079,M,22,BS AI,5,S3,50,35,71.0,3.18,3.14,72,60,66.0,62,67,69,74.0,63,77,Last-minute crammer,Good,Not Started,"Participates occasionally, can definitely do better.",Average sports player,68.55,Good
S-12080,REG-2026-3080,M,19,BS AI,4,S1,50,41,83.0,3.26,3.37,56,61,58.5,73,73,75,70.0,66,74,Needs some guidance,Warning,Ongoing,Understands the basics but struggles with complex logic.,Learning basics of music,70.1,Good
S-12081,REG-2026-3081,M,23,BS Computer Science,7,S2,50,36,72.0,3.26,3.44,75,73,74.0,63,78,73,73.0,65,65,Needs some guidance,Warning,Ongoing,Understands the basics but struggles with complex logic.,Participates occasionally,70.25,Good
S-12082,REG-2026-3082,M,19,BS Data Science,7,S2,50,35,71.0,2.67,2.94,61,72,66.5,60,70,76,62.0,58,72,Last-minute crammer,Good,Not Started,Understands the basics but struggles with complex logic.,Participates occasionally,65.7,Good
S-12083,REG-2026-3083,F,25,BS Info Tech,7,S3,50,41,82.0,2.68,2.48,56,70,63.0,63,59,70,64.0,63,63,Occasional studier,Good,Not Started,Understands the basics but struggles with complex logic.,Participates occasionally,64.8,Average
S-12084,REG-2026-3084,F,18,BS Data Science,3,S2,50,33,72.69,3.21,3.12,71,58,64.5,58,69,63,74.0,62,64,Last-minute crammer,Warning,Ongoing,"Participates occasionally, can definitely do better.",Participates occasionally,65.7,Good
S-12085,REG-2026-3085,M,22,BS AI,3,S1,50,40,80.0,3.32,2.91,63,74,68.5,77,69,74,73.0,57,74,Occasional studier,Warning,Ongoing,Average performance. Needs to focus more on lab work.,Average sports player,68.95,Good
S-12086,REG-2026-3086,F,20,BS Computer Science,8,S1,50,35,70.0,3.02,3.03,68,77,72.5,64,64,56,65.0,64,77,Last-minute crammer,Warning,Ongoing,Good effort but needs more consistency in assignments.,Learning basics of music,65.45,Good
S-12087,REG-2026-3087,M,24,BS Info Tech,1,S3,50,36,72.0,2.62,2.38,59,58,58.5,56,78,56,64.0,66,75,Needs some guidance,Good,Not Started,Average performance. Needs to focus more on lab work.,Participates occasionally,65.25,Good
S-12088,REG-2026-3088,F,21,BS AI,1,S2,50,34,69.0,2.57,2.86,55,73,64.0,58,71,74,61.0,73,76,Last-minute crammer,Good,Not Started,"Participates occasionally, can definitely do better.",Average sports player,69.0,Good
S-12089,REG-2026-3089,M,24,BS Info Tech,1,S2,50,37,75.0,2.51,2.73,65,71,68.0,69,71,68,73.0,60,66,Last-minute crammer,Warning,Not Started,"Participates occasionally, can definitely do better.",Learning basics of music,67.5,Good
S-12090,REG-2026-3090,F,19,BS Computer Science,5,S1,50,44,88.0,3.58,3.63,93,99,96.0,86,87,80,93.0,98,93,Highly focused,Excellent,Completed,"Highly proactive, consistent, and quick learner.",Active club president,91.4,Excellent
S-12091,REG-2026-3091,M,22,BS Software Eng,1,S1,50,36,72.0,3.43,3.28,65,69,67.0,60,71,71,58.0,65,65,Occasional studier,Warning,Not Started,"Participates occasionally, can definitely do better.",Learning basics of music,65.4,Good
S-12092,REG-2026-3092,M,21,BS Info Tech,4,S1,50,40,81.0,3.26,3.54,60,68,64.0,69,73,63,66.03,63,60,Last-minute crammer,Good,Not Started,"Participates occasionally, can definitely do better.",Participates occasionally,64.6,Average
S-12093,REG-2026-3093,M,20,BS Software Eng,7,S1,50,45,90.0,3.51,3.79,80,81,80.5,96,98,95,87.0,95,98,Regular studier,Excellent,Completed,"Highly proactive, consistent, and quick learner.",Shows leadership in sports,92.35,Excellent
S-12094,REG-2026-3094,F,24,BS Computer Science,4,S2,50,40,81.0,2.97,3.2,77,73,75.0,76,58,62,67.0,65,70,Needs some guidance,Warning,Ongoing,Understands the basics but struggles with complex logic.,Average sports player,67.1,Good
S-12095,REG-2026-3095,M,23,BS AI,5,S3,50,32,65.0,2.66,2.52,65,58,61.5,70,75,58,71.0,66,75,Needs some guidance,Good,Not Started,Understands the basics but struggles with complex logic.,Average sports player,67.3,Good
S-12096,REG-2026-3096,F,19,BS AI,4,S3,50,46,93.0,3.59,3.63,85,89,87.0,91,91,93,86.0,88,90,Highly focused,Excellent,Completed,Brilliant understanding of core concepts. A joy to teach.,Active club president,89.15,Excellent
S-12097,REG-2026-3097,F,19,BS Data Science,7,S1,50,34,68.0,3.24,3.48,64,78,71.0,68,63,69,58.0,61,73,Needs some guidance,Good,Ongoing,Understands the basics but struggles with complex logic.,Learning basics of music,64.7,Average
S-12098,REG-2026-3098,M,23,BS Info Tech,4,S1,50,28,56.0,1.16,1.24,47,24,35.5,38,20,35,20.0,37,20,Needs constant monitoring,Needs Improvement,Not Started,Irregular attendance and extremely poor focus in class.,No interest,30.75,Poor
S-12099,REG-2026-3099,M,21,BS AI,2,S2,50,46,92.0,3.92,3.78,91,96,93.5,95,85,84,90.0,90,81,Highly focused,Excellent,Completed,Outstanding performance throughout the semester.,Shows leadership in sports,88.4,Excellent
S-12100,REG-2026-3100,F,21,BS Software Eng,2,S3,50,43,86.0,3.79,3.94,96,92,94.0,97,91,99,91.0,95,92,Regular studier,Excellent,Completed,Shows excellent leadership and analytical skills.,Shows leadership in sports,93.65,Excellent
S-12101,REG-2026-3101,M,22,BS Data Science,7,S2,50,21,43.0,1.45,1.37,41,26,33.5,22,22,31,20.0,30,50,Rarely studies,Needs Improvement,Not Started,Irregular attendance and extremely poor focus in class.,No interest,29.95,Poor
S-12102,REG-2026-3102,F,18,BS Computer Science,2,S1,50,41,82.0,3.03,3.28,61,55,58.0,62,59,69,77.0,70,68,Last-minute crammer,Warning,Ongoing,"Participates occasionally, can definitely do better.",Average sports player,68.95,Good
S-12103,REG-2026-3103,M,21,BS Computer Science,3,S3,50,42,85.0,3.77,3.76,95,89,92.0,92,94,81,95.0,96,89,Regular studier,Excellent,Completed,"Highly proactive, consistent, and quick learner.",Outstanding performer in arts,91.5,Excellent
S-12104,REG-2026-3104,M,20,BS Computer Science,1,S2,50,38,77.0,2.74,2.85,56,69,62.5,76,67,57,64.0,58,59,Occasional studier,Good,Ongoing,Good effort but needs more consistency in assignments.,Learning basics of music,62.35,Average
S-12105,REG-2026-3105,F,24,BS AI,8,S3,50,33,66.0,3.03,3.12,78,76,77.0,62,72,72,68.0,76,61,Last-minute crammer,Warning,Ongoing,"Participates occasionally, can definitely do better.",Participates occasionally,70.8,Good
S-12106,REG-2026-3106,F,23,BS Data Science,5,S1,50,47,95.0,3.67,3.59,96,97,96.5,90,96,89,96.0,95,98,Very consistent,Excellent,Completed,No feedback provided,Active club president,94.6,Excellent
S-12107,REG-2026-3107,F,18,BS Info Tech,1,S1,50,41,83.0,2.59,2.42,78,71,74.5,55,75,61,66.0,59,55,Needs some guidance,Warning,Not Started,Good effort but needs more consistency in assignments.,Learning basics of music,64.45,Average
S-12108,REG-2026-3108,M,19,BS AI,7,S3,50,17,35.0,1.01,1.0,46,24,35.0,38,47,23,33.0,26,31,Needs constant monitoring,Warning,Not Started,"Needs urgent improvement, counseling recommended.",Struggles to participate,31.5,Poor
S-12109,REG-2026-3109,F,25,BS Computer Science,1,S3,50,15,30.0,1.8,1.6,50,27,38.5,22,53,46,33.0,39,44,Needs constant monitoring,Probation,Not Started,Frequently misses deadlines and lacks motivation.,No interest,39.4,Poor
S-12110,REG-2026-3110,F,21,BS Software Eng,7,S3,50,44,89.0,3.91,3.92,84,87,85.5,83,85,89,91.0,91,98,Highly focused,Excellent,Completed,No feedback provided,Outstanding performer in arts,89.75,Excellent
S-12111,REG-2026-3111,F,19,BS Data Science,2,S1,50,39,79.0,2.79,2.96,68,57,62.5,76,58,59,77.0,68,77,Needs some guidance,Warning,Ongoing,"Participates occasionally, can definitely do better.",Learning basics of music,68.75,Good
S-12112,REG-2026-3112,F,18,BS Computer Science,1,S2,50,36,72.0,2.68,2.76,74,68,71.0,62,66,64,76.0,68,73,Occasional studier,Warning,Not Started,Average performance. Needs to focus more on lab work.,Average sports player,69.5,Good
S-12113,REG-2026-3113,M,24,BS Computer Science,4,S3,50,47,94.0,3.64,3.82,94,81,87.5,83,85,86,99.0,95,92,Regular studier,Excellent,Completed,"Highly proactive, consistent, and quick learner.",Shows leadership in sports,91.75,Excellent
S-12114,REG-2026-3114,F,20,BS Computer Science,5,S1,50,38,76.0,2.54,2.54,57,72,64.5,77,60,62,68.0,75,67,Needs some guidance,Warning,Not Started,Average performance. Needs to focus more on lab work.,Average sports player,68.45,Good
S-12115,REG-2026-3115,M,19,BS AI,8,S2,50,42,85.0,3.57,3.78,86,95,90.5,87,95,98,98.0,92,87,Regular studier,Excellent,Completed,Brilliant understanding of core concepts. A joy to teach.,Shows leadership in sports,93.15,Excellent
S-12116,REG-2026-3116,F,20,BS Computer Science,4,S2,50,41,82.0,3.45,3.28,62,57,59.5,73,65,61,68.0,58,74,Last-minute crammer,Warning,Ongoing,Understands the basics but struggles with complex logic.,Learning basics of music,64.85,Average
S-12117,REG-2026-3117,F,25,BS AI,5,S1,50,27,54.0,1.55,1.38,48,53,50.5,27,22,27,42.0,49,33,Needs constant monitoring,Warning,Not Started,Lacks fundamental understanding of the subject matter.,No interest,39.3,Poor
S-12118,REG-2026-3118,M,22,BS Software Eng,4,S2,50,49,98.0,3.73,3.63,94,93,93.5,87,86,92,83.0,92,89,Highly focused,Excellent,Completed,Brilliant understanding of core concepts. A joy to teach.,Active club president,89.5,Excellent
S-12119,REG-2026-3119,F,19,BS Computer Science,4,S3,50,23,46.0,1.07,1.31,41,31,36.0,20,42,31,42.0,25,48,Rarely studies,Needs Improvement,Not Started,Frequently misses deadlines and lacks motivation.,No interest,35.2,Poor
S-12120,REG-2026-3120,M,25,BS AI,8,S1,50,36,72.0,2.55,2.68,70,71,70.5,76,73,75,55.0,59,55,Occasional studier,Good,Not Started,"Participates occasionally, can definitely do better.",Learning basics of music,64.25,Average
S-12121,REG-2026-3121,F,18,BS AI,7,S1,50,44,88.0,3.63,3.73,85,95,90.0,89,86,98,96.0,84,92,Very consistent,Excellent,Completed,Shows excellent leadership and analytical skills.,Shows leadership in sports,90.55,Excellent
S-12122,REG-2026-3122,M,19,BS Software Eng,4,S3,50,38,77.0,3.11,3.36,56,70,63.0,58,62,73,70.0,64,58,Occasional studier,Good,Ongoing,Average performance. Needs to focus more on lab work.,Participates occasionally,66.0,Good
S-12123,REG-2026-3123,M,19,BS AI,1,S1,50,21,42.0,2.03,2.25,35,27,31.0,47,35,33,36.0,51,47,Rarely studies,Needs Improvement,Not Started,Irregular attendance and extremely poor focus in class.,Shy and inactive,40.65,Poor
S-12124,REG-2026-3124,M,22,BS Software Eng,2,S1,50,20,40.0,1.76,1.77,43,26,34.5,21,31,50,20.0,43,43,Rarely studies,Probation,Not Started,No feedback provided,Shy and inactive,36.15,Poor
S-12125,REG-2026-3125,M,23,BS Software Eng,1,S1,50,35,70.0,3.19,2.93,62,65,63.5,58,62,70,67.0,64,77,Last-minute crammer,Good,Not Started,Understands the basics but struggles with complex logic.,Learning basics of music,66.55,Good
S-12126,REG-2026-3126,F,21,BS Software Eng,7,S1,50,34,68.0,3.02,3.14,57,60,58.5,64,68,78,59.0,61,78,Needs some guidance,Warning,Not Started,Average performance. Needs to focus more on lab work.,Learning basics of music,65.8,Good
S-12127,REG-2026-3127,F,22,BS Info Tech,8,S2,50,45,90.0,3.74,3.55,95,97,96.0,95,91,85,87.0,89,83,Highly focused,Excellent,Completed,"Highly proactive, consistent, and quick learner.",Outstanding performer in arts,88.65,Excellent
S-12128,REG-2026-3128,F,24,BS AI,5,S2,50,41,83.0,2.86,2.75,58,68,63.0,71,59,75,77.0,58,70,Last-minute crammer,Warning,Ongoing,Average performance. Needs to focus more on lab work.,Average sports player,68.05,Good
S-12129,REG-2026-3129,M,19,BS AI,7,S1,50,49,99.0,3.9,3.81,84,95,89.5,97,81,90,83.0,88,95,Highly focused,Excellent,Completed,Outstanding performance throughout the semester.,Active club president,88.45,Excellent
S-12130,REG-2026-3130,F,18,BS Data Science,3,S1,50,32,65.0,2.75,2.46,71,64,67.5,67,65,68,77.0,77,68,Needs some guidance,Good,Ongoing,Understands the basics but struggles with complex logic.,Participates occasionally,71.5,Good
S-12131,REG-2026-3131,F,19,BS AI,6,S3,50,49,99.0,3.82,2.91,93,88,90.5,95,99,83,94.0,82,98,Regular studier,Excellent,Completed,Brilliant understanding of core concepts. A joy to teach.,Shows leadership in sports,90.2,Excellent
S-12132,REG-2026-3132,F,24,BS AI,3,S3,50,49,99.0,3.88,3.96,96,99,97.5,99,98,87,97.0,84,96,Very consistent,Excellent,Completed,"Highly proactive, consistent, and quick learner.",Active club president,92.5,Excellent
S-12133,REG-2026-3133,M,22,BS Software Eng,7,S1,50,37,72.69,3.08,2.83,59,62,60.5,62,65,75,62.0,64,73,Occasional studier,Warning,Ongoing,Good effort but needs more consistency in assignments.,Participates occasionally,66.35,Good
S-12134,REG-2026-3134,M,21,BS Computer Science,1,S3,50,49,98.0,3.78,3.88,95,99,97.0,93,88,98,88.0,88,97,Regular studier,Excellent,Completed,"Highly proactive, consistent, and quick learner.",Shows leadership in sports,92.05,Excellent
S-12135,REG-2026-3135,F,21,BS AI,8,S2,50,35,71.0,3.14,3.14,66,77,71.5,66,64,67,57.0,62,66,Needs some guidance,Good,Not Started,"Participates occasionally, can definitely do better.",Participates occasionally,63.95,Average
S-12136,REG-2026-3136,F,21,BS Software Eng,6,S2,50,34,69.0,3.42,3.51,60,78,69.0,74,78,63,61.0,60,74,Occasional studier,Good,Ongoing,Understands the basics but struggles with complex logic.,Learning basics of music,65.9,Good
S-12137,REG-2026-3137,M,22,BS Info Tech,5,S3,50,37,75.0,3.4,3.5,62,74,68.0,59,55,66,70.0,68,73,Needs some guidance,Warning,Ongoing,Understands the basics but struggles with complex logic.,Learning basics of music,67.2,Good
S-12138,REG-2026-3138,F,23,BS Data Science,8,S3,50,38,76.0,3.26,3.38,58,65,61.5,67,56,72,78.0,61,75,Last-minute crammer,Good,Ongoing,Average performance. Needs to focus more on lab work.,Participates occasionally,68.05,Good
S-12139,REG-2026-3139,F,25,BS AI,7,S1,50,36,73.0,2.75,2.98,76,68,72.0,72,57,77,78.0,69,60,Occasional studier,Good,Not Started,Understands the basics but struggles with complex logic.,Average sports player,70.55,Good
S-12140,REG-2026-3140,M,23,BS Software Eng,8,S2,50,41,83.0,3.35,3.56,61,78,69.5,77,66,57,78.0,76,76,Needs some guidance,Good,Not Started,Good effort but needs more consistency in assignments.,Participates occasionally,72.3,Good
S-12141,REG-2026-3141,M,19,BS Computer Science,3,S1,50,47,95.0,3.61,3.81,90,93,91.5,93,87,83,97.0,86,95,Highly focused,Excellent,Completed,Brilliant understanding of core concepts. A joy to teach.,Outstanding performer in arts,90.1,Excellent
S-12142,REG-2026-3142,M,20,BS Data Science,4,S3,50,16,32.0,1.18,1.33,31,37,34.0,49,53,34,36.0,39,53,Rarely studies,Needs Improvement,Not Started,Lacks fundamental understanding of the subject matter.,No interest,40.1,Poor
S-12143,REG-2026-3143,M,20,BS Data Science,2,S3,50,46,93.0,3.85,3.93,87,85,86.0,89,80,91,94.0,97,80,Highly focused,Excellent,Completed,"Highly proactive, consistent, and quick learner.",Shows leadership in sports,90.4,Excellent
S-12144,REG-2026-3144,F,25,BS Data Science,3,S1,50,24,49.0,1.36,1.61,21,39,30.0,34,21,29,48.0,37,43,Last-minute crammer,Needs Improvement,Not Started,Lacks fundamental understanding of the subject matter.,Struggles to participate,36.75,Poor
S-12145,REG-2026-3145,M,22,BS AI,8,S2,50,40,81.0,3.37,3.55,69,61,65.0,59,68,75,71.0,76,63,Last-minute crammer,Good,Not Started,Understands the basics but struggles with complex logic.,Average sports player,71.05,Good
S-12146,REG-2026-3146,F,21,BS AI,4,S2,50,15,30.0,2.25,2.5,52,43,47.5,27,49,42,39.0,39,50,Rarely studies,Warning,Not Started,Frequently misses deadlines and lacks motivation.,No interest,41.35,Poor
S-12147,REG-2026-3147,F,22,BS AI,7,S2,50,44,89.0,3.8,3.74,95,85,90.0,93,86,89,87.0,83,99,Regular studier,Excellent,Completed,Brilliant understanding of core concepts. A joy to teach.,Outstanding performer in arts,88.1,Excellent
S-12148,REG-2026-3148,F,18,BS Info Tech,6,S2,50,41,83.0,2.57,2.63,60,57,58.5,55,73,59,66.0,70,77,Last-minute crammer,Good,Ongoing,Understands the basics but struggles with complex logic.,Average sports player,67.3,Good
S-12149,REG-2026-3149,M,21,BS Data Science,7,S1,50,29,59.0,1.04,1.31,30,41,35.5,35,37,23,26.0,20,31,Last-minute crammer,Probation,Not Started,Irregular attendance and extremely poor focus in class.,Shy and inactive,28.7,Poor
S-12150,REG-2026-3150,F,22,BS Info Tech,1,S3,50,38,77.0,2.86,2.82,68,71,69.5,67,58,66,65.0,67,73,Occasional studier,Warning,Not Started,Average performance. Needs to focus more on lab work.,Participates occasionally,66.9,Good
S-12151,REG-2026-3151,F,18,BS Software Eng,2,S2,50,27,54.0,1.82,1.58,50,40,45.0,46,53,27,66.03,21,28,Last-minute crammer,Needs Improvement,Not Started,"Needs urgent improvement, counseling recommended.",Struggles to participate,31.1,Poor
S-12152,REG-2026-3152,M,19,BS Software Eng,5,S2,50,25,50.0,1.19,1.01,26,23,24.5,27,52,32,43.0,21,39,Needs constant monitoring,Warning,Not Started,Frequently misses deadlines and lacks motivation.,No interest,34.05,Poor
S-12153,REG-2026-3153,F,21,BS Computer Science,2,S1,50,35,70.0,2.96,3.09,75,71,73.0,65,58,56,76.0,64,57,Last-minute crammer,Warning,Not Started,Good effort but needs more consistency in assignments.,Participates occasionally,65.15,Good
S-12154,REG-2026-3154,F,18,BS Software Eng,2,S1,50,36,72.0,3.06,2.89,59,58,58.5,77,59,59,69.0,55,77,Needs some guidance,Good,Not Started,Understands the basics but struggles with complex logic.,Participates occasionally,63.3,Average
S-12155,REG-2026-3155,M,25,BS Info Tech,8,S2,50,44,89.0,3.58,3.87,82,88,85.0,92,90,98,99.0,81,97,Regular studier,Excellent,Completed,Outstanding performance throughout the semester.,Active club president,91.0,Excellent
S-12156,REG-2026-3156,M,25,BS Software Eng,7,S2,50,41,82.0,3.47,2.91,77,60,68.5,75,56,69,69.0,75,72,Occasional studier,Warning,Ongoing,Good effort but needs more consistency in assignments.,Learning basics of music,70.4,Good
S-12157,REG-2026-3157,F,25,BS Info Tech,8,S2,50,43,72.69,3.52,3.78,91,92,91.5,80,86,90,88.0,85,96,Regular studier,Excellent,Completed,"Highly proactive, consistent, and quick learner.",Outstanding performer in arts,88.0,Excellent
S-12158,REG-2026-3158,F,22,BS AI,8,S2,50,19,38.0,2.13,2.21,44,40,42.0,34,31,52,26.0,34,51,Rarely studies,Probation,Not Started,"Needs urgent improvement, counseling recommended.",Struggles to participate,37.5,Poor
S-12159,REG-2026-3159,F,19,BS Info Tech,1,S2,50,33,67.0,2.6,2.73,67,59,63.0,58,72,73,56.0,70,67,Last-minute crammer,Good,Ongoing,Average performance. Needs to focus more on lab work.,Average sports player,66.1,Good
S-12160,REG-2026-3160,F,25,BS Info Tech,5,S3,50,16,72.69,1.63,1.41,28,31,29.5,46,49,53,41.0,32,21,Needs constant monitoring,Needs Improvement,Not Started,Lacks fundamental understanding of the subject matter.,Shy and inactive,38.05,Poor
S-12161,REG-2026-3161,F,24,BS Software Eng,8,S2,50,41,82.0,2.82,2.63,65,69,67.0,63,65,62,57.0,58,56,Needs some guidance,Good,Not Started,"Participates occasionally, can definitely do better.",Participates occasionally,61.25,Average
S-12162,REG-2026-3162,M,19,BS Info Tech,4,S2,50,40,80.0,3.25,3.09,58,74,66.0,58,78,55,66.0,71,77,Needs some guidance,Warning,Not Started,Average performance. Needs to focus more on lab work.,Participates occasionally,68.2,Good
S-12163,REG-2026-3163,F,25,BS Software Eng,1,S3,50,48,97.0,3.61,3.68,95,84,89.5,84,87,88,84.0,99,84,Very consistent,Excellent,Completed,"Highly proactive, consistent, and quick learner.",Active club president,89.85,Excellent
S-12164,REG-2026-3164,F,18,BS Data Science,6,S2,50,34,68.0,3.1,2.91,74,74,74.0,75,66,64,57.0,66,69,Last-minute crammer,Warning,Ongoing,"Participates occasionally, can definitely do better.",Average sports player,65.55,Good
S-12165,REG-2026-3165,F,25,BS Software Eng,1,S2,50,17,34.0,1.37,1.27,24,34,29.0,25,34,30,38.0,20,48,Rarely studies,Warning,Not Started,Lacks fundamental understanding of the subject matter.,Struggles to participate,31.15,Poor
S-12166,REG-2026-3166,F,19,BS Data Science,8,S3,50,40,80.0,3.13,3.06,70,73,71.5,60,64,75,73.0,76,66,Last-minute crammer,Warning,Ongoing,Average performance. Needs to focus more on lab work.,Average sports player,72.0,Good
S-12167,REG-2026-3167,F,19,BS Data Science,1,S2,50,33,67.0,3.39,3.41,68,65,66.5,78,55,67,77.0,64,76,Last-minute crammer,Warning,Not Started,Good effort but needs more consistency in assignments.,Average sports player,68.45,Good
S-12168,REG-2026-3168,F,20,BS Software Eng,3,S2,50,28,57.0,2.47,2.72,45,20,32.5,32,49,40,32.0,53,50,Last-minute crammer,Warning,Not Started,Irregular attendance and extremely poor focus in class.,Shy and inactive,43.25,Poor
S-12169,REG-2026-3169,M,18,BS AI,5,S3,50,38,76.0,3.32,3.61,66,57,61.5,66,71,72,70.0,62,56,Needs some guidance,Warning,Ongoing,Understands the basics but struggles with complex logic.,Learning basics of music,66.25,Good
S-12170,REG-2026-3170,F,24,BS Info Tech,1,S1,50,30,60.0,1.35,1.5,36,53,44.5,44,37,51,30.0,53,38,Needs constant monitoring,Probation,Not Started,Frequently misses deadlines and lacks motivation.,Struggles to participate,44.05,Poor
S-12171,REG-2026-3171,M,24,BS Computer Science,6,S2,50,33,67.0,3.19,3.32,69,71,70.0,59,65,57,65.0,76,55,Needs some guidance,Good,Ongoing,Understands the basics but struggles with complex logic.,Participates occasionally,65.85,Good
S-12172,REG-2026-3172,M,19,BS Software Eng,8,S2,50,33,67.0,2.71,2.51,69,70,69.5,70,71,65,58.0,65,65,Needs some guidance,Good,Ongoing,Average performance. Needs to focus more on lab work.,Participates occasionally,65.0,Good
S-12173,REG-2026-3173,M,18,BS Computer Science,4,S1,50,35,70.0,2.85,3.02,57,69,63.0,74,70,65,72.0,59,69,Occasional studier,Warning,Ongoing,"Participates occasionally, can definitely do better.",Average sports player,66.3,Good
S-12174,REG-2026-3174,F,18,BS Software Eng,3,S2,50,46,93.0,3.77,3.51,90,81,85.5,92,83,92,87.0,85,89,Very consistent,Excellent,Completed,Brilliant understanding of core concepts. A joy to teach.,Outstanding performer in arts,87.45,Excellent
S-12175,REG-2026-3175,M,24,BS Software Eng,4,S3,50,43,86.0,3.93,3.72,98,81,89.5,88,93,81,96.0,85,92,Very consistent,Excellent,Completed,Brilliant understanding of core concepts. A joy to teach.,Shows leadership in sports,88.75,Excellent
S-12176,REG-2026-3176,M,22,BS Info Tech,4,S3,50,18,36.0,1.6,1.38,45,20,32.5,28,43,40,36.0,28,34,Rarely studies,Needs Improvement,Not Started,Irregular attendance and extremely poor focus in class.,Struggles to participate,34.35,Poor
S-12177,REG-2026-3177,M,20,BS Software Eng,3,S2,50,38,76.0,3.04,2.77,73,71,72.0,60,78,69,66.03,67,65,Last-minute crammer,Warning,Ongoing,"Participates occasionally, can definitely do better.",Participates occasionally,69.0,Good
S-12178,REG-2026-3178,F,18,BS AI,2,S2,50,41,83.0,3.33,3.29,59,65,62.0,63,77,69,70.0,56,62,Occasional studier,Warning,Not Started,Average performance. Needs to focus more on lab work.,Learning basics of music,65.75,Good
S-12179,REG-2026-3179,F,21,BS Data Science,6,S3,50,40,80.0,3.21,3.02,68,70,69.0,55,61,66,58.0,62,77,Needs some guidance,Good,Not Started,Understands the basics but struggles with complex logic.,Participates occasionally,64.45,Average
S-12180,REG-2026-3180,F,25,BS Data Science,2,S1,50,38,76.0,3.42,3.63,64,61,62.5,71,64,76,77.0,67,68,Last-minute crammer,Good,Not Started,Average performance. Needs to focus more on lab work.,Average sports player,70.35,Good
S-12181,REG-2026-3181,F,22,BS Data Science,2,S1,50,35,70.0,3.12,3.0,57,66,61.5,59,58,73,77.0,55,69,Occasional studier,Good,Not Started,Good effort but needs more consistency in assignments.,Participates occasionally,65.4,Good
S-12182,REG-2026-3182,F,21,BS Info Tech,2,S2,50,41,82.0,3.34,3.44,68,65,66.5,59,74,69,64.0,77,57,Last-minute crammer,Warning,Not Started,Good effort but needs more consistency in assignments.,Average sports player,69.2,Good
S-12183,REG-2026-3183,M,20,BS Software Eng,3,S1,50,42,85.0,3.93,3.75,88,98,93.0,96,91,89,89.0,85,90,Highly focused,Excellent,Completed,Shows excellent leadership and analytical skills.,Shows leadership in sports,88.85,Excellent
S-12184,REG-2026-3184,M,25,BS Data Science,7,S3,50,37,75.0,3.26,3.26,68,69,68.5,75,55,76,75.0,75,74,Last-minute crammer,Good,Not Started,Average performance. Needs to focus more on lab work.,Learning basics of music,72.4,Good
S-12185,REG-2026-3185,M,20,BS Info Tech,8,S2,50,43,86.0,3.51,3.21,92,88,90.0,88,84,83,88.0,99,81,Very consistent,Excellent,Completed,"Highly proactive, consistent, and quick learner.",Shows leadership in sports,89.0,Excellent
S-12186,REG-2026-3186,F,19,BS AI,5,S3,50,40,81.0,3.29,3.37,67,66,66.5,71,68,59,61.0,60,70,Occasional studier,Good,Not Started,"Participates occasionally, can definitely do better.",Learning basics of music,64.1,Average
S-12187,REG-2026-3187,M,23,BS Software Eng,8,S3,50,17,35.0,2.03,1.73,24,28,26.0,24,37,40,31.0,41,40,Last-minute crammer,Warning,Not Started,Lacks fundamental understanding of the subject matter.,No interest,35.7,Poor
S-12188,REG-2026-3188,M,19,BS AI,4,S2,50,36,73.0,2.68,2.47,56,70,63.0,58,59,64,70.0,62,55,Needs some guidance,Good,Ongoing,"Participates occasionally, can definitely do better.",Average sports player,63.35,Average
S-12189,REG-2026-3189,M,22,BS Data Science,8,S3,50,30,60.0,2.25,2.91,34,41,37.5,28,47,25,37.0,44,53,Last-minute crammer,Needs Improvement,Not Started,Frequently misses deadlines and lacks motivation.,No interest,40.3,Poor
S-12190,REG-2026-3190,F,21,BS Computer Science,6,S1,50,42,85.0,3.5,3.8,97,90,93.5,87,92,92,97.0,92,83,Highly focused,Excellent,Completed,"Highly proactive, consistent, and quick learner.",Shows leadership in sports,91.65,Excellent
S-12191,REG-2026-3191,F,25,BS Data Science,5,S3,50,45,91.0,3.53,3.32,89,81,85.0,82,96,84,94.0,88,83,Highly focused,Excellent,Completed,Brilliant understanding of core concepts. A joy to teach.,Active club president,88.45,Excellent
S-12192,REG-2026-3192,M,23,BS Computer Science,6,S2,50,39,79.0,3.07,3.04,57,72,64.5,77,59,67,76.0,58,77,Occasional studier,Warning,Ongoing,Average performance. Needs to focus more on lab work.,Learning basics of music,67.6,Good
S-12193,REG-2026-3193,M,21,BS Data Science,3,S3,50,17,72.69,1.22,1.09,48,22,35.0,21,22,36,20.0,50,48,Needs constant monitoring,Probation,Not Started,Irregular attendance and extremely poor focus in class.,Shy and inactive,35.15,Poor
S-12194,REG-2026-3194,F,18,BS Computer Science,3,S2,50,46,92.0,3.89,3.6,82,94,88.0,86,85,92,83.0,89,92,Very consistent,Excellent,Completed,"Highly proactive, consistent, and quick learner.",Shows leadership in sports,88.05,Excellent
S-12195,REG-2026-3195,F,19,BS Computer Science,6,S2,50,47,95.0,3.53,3.6,95,99,97.0,91,83,90,83.0,80,91,Regular studier,Excellent,Completed,Shows excellent leadership and analytical skills.,Shows leadership in sports,86.5,Excellent
S-12196,REG-2026-3196,M,25,BS Software Eng,5,S1,50,20,41.0,1.96,1.92,53,46,49.5,33,29,25,33.0,28,33,Rarely studies,Needs Improvement,Not Started,"Needs urgent improvement, counseling recommended.",No interest,32.2,Poor
S-12197,REG-2026-3197,M,21,BS Software Eng,1,S3,50,35,70.0,2.95,3.11,78,63,70.5,65,64,57,75.0,66,69,Last-minute crammer,Good,Ongoing,Average performance. Needs to focus more on lab work.,Participates occasionally,67.15,Good
S-12198,REG-2026-3198,F,25,BS Info Tech,4,S2,50,47,95.0,3.98,3.99,82,91,86.5,97,94,83,88.0,84,81,Very consistent,Excellent,Completed,Shows excellent leadership and analytical skills.,Shows leadership in sports,86.8,Excellent
S-12199,REG-2026-3199,M,22,BS Software Eng,5,S2,50,46,92.0,3.58,3.72,86,85,85.5,96,87,97,82.0,98,91,Regular studier,Excellent,Completed,Outstanding performance throughout the semester.,Active club president,91.2,Excellent
S-12200,REG-2026-3200,M,21,BS Info Tech,5,S3,50,32,65.0,2.7,2.9,64,56,60.0,72,73,60,66.0,59,66,Last-minute crammer,Warning,Not Started,Understands the basics but struggles with complex logic.,Participates occasionally,63.7,Average
S-12201,REG-2026-3201,F,24,BS AI,5,S1,50,41,82.0,3.23,3.51,77,68,72.5,57,70,72,70.0,75,73,Needs some guidance,Warning,Not Started,Good effort but needs more consistency in assignments.,Average sports player,72.05,Good
S-12202,REG-2026-3202,M,23,BS Software Eng,6,S2,50,40,81.0,3.47,3.21,55,56,55.5,55,72,64,78.0,56,62,Needs some guidance,Good,Not Started,Understands the basics but struggles with complex logic.,Participates occasionally,64.95,Average
S-12203,REG-2026-3203,M,20,BS AI,1,S3,50,49,99.0,3.95,3.79,89,83,86.0,90,91,81,94.0,90,99,Regular studier,Excellent,Completed,Outstanding performance throughout the semester.,Shows leadership in sports,90.5,Excellent
S-12204,REG-2026-3204,M,22,BS Computer Science,3,S2,50,43,86.0,3.63,3.7,87,88,87.5,86,92,87,66.03,96,81,Regular studier,Excellent,Completed,"Highly proactive, consistent, and quick learner.",Active club president,89.5,Excellent
S-12205,REG-2026-3205,M,22,BS Computer Science,7,S2,50,39,79.0,2.51,2.54,73,66,69.5,75,58,65,60.0,61,71,Last-minute crammer,Good,Ongoing,Good effort but needs more consistency in assignments.,Learning basics of music,64.55,Average
S-12206,REG-2026-3206,M,24,BS Data Science,4,S3,50,26,53.0,2.25,2.54,51,37,44.0,26,43,42,51.0,35,46,Last-minute crammer,Needs Improvement,Not Started,"Needs urgent improvement, counseling recommended.",Shy and inactive,42.5,Poor
S-12207,REG-2026-3207,F,23,BS AI,6,S1,50,37,74.0,3.22,3.07,78,62,70.0,71,69,71,74.0,68,59,Needs some guidance,Good,Ongoing,Good effort but needs more consistency in assignments.,Average sports player,69.5,Good
S-12208,REG-2026-3208,F,22,BS AI,1,S2,50,34,68.0,2.69,2.82,74,63,68.5,67,56,65,68.0,64,61,Occasional studier,Good,Not Started,Good effort but needs more consistency in assignments.,Average sports player,64.65,Average
S-12209,REG-2026-3209,M,24,BS Data Science,7,S2,50,40,81.0,2.98,3.24,76,57,66.5,69,66,62,77.0,67,57,Occasional studier,Good,Not Started,Understands the basics but struggles with complex logic.,Average sports player,67.9,Good
S-12210,REG-2026-3210,F,21,BS Data Science,5,S3,50,33,66.0,2.68,2.53,70,76,73.0,74,58,74,71.0,70,67,Last-minute crammer,Good,Ongoing,Good effort but needs more consistency in assignments.,Participates occasionally,69.6,Good
S-12211,REG-2026-3211,M,24,BS Computer Science,7,S3,50,38,77.0,3.33,3.51,65,76,70.5,76,55,56,67.0,77,58,Needs some guidance,Good,Not Started,Average performance. Needs to focus more on lab work.,Participates occasionally,67.05,Good
S-12212,REG-2026-3212,M,18,BS Computer Science,3,S1,50,48,72.69,3.95,2.91,82,87,84.5,88,89,88,85.0,91,85,Highly focused,Excellent,Completed,Brilliant understanding of core concepts. A joy to teach.,Outstanding performer in arts,88.0,Excellent
S-12213,REG-2026-3213,M,23,BS AI,7,S1,50,40,81.0,2.73,2.71,58,60,59.0,66,70,74,57.0,65,76,Needs some guidance,Good,Ongoing,"Participates occasionally, can definitely do better.",Participates occasionally,66.6,Good
S-12214,REG-2026-3214,M,19,BS AI,8,S3,50,40,80.0,3.45,3.17,62,57,59.5,73,73,71,75.0,57,66,Last-minute crammer,Warning,Ongoing,"Participates occasionally, can definitely do better.",Average sports player,67.4,Good
S-12215,REG-2026-3215,M,25,BS Software Eng,5,S3,50,48,97.0,3.86,3.64,93,94,93.5,92,82,82,80.0,94,88,Regular studier,Excellent,Completed,Shows excellent leadership and analytical skills.,Outstanding performer in arts,87.6,Excellent
S-12216,REG-2026-3216,M,18,BS Software Eng,5,S3,50,36,73.0,2.91,3.13,71,77,74.0,73,71,73,70.0,74,72,Last-minute crammer,Good,Not Started,Good effort but needs more consistency in assignments.,Learning basics of music,72.45,Good
S-12217,REG-2026-3217,F,22,BS Computer Science,1,S1,50,35,71.0,3.3,3.6,61,75,68.0,61,75,64,66.0,58,59,Last-minute crammer,Good,Not Started,"Participates occasionally, can definitely do better.",Learning basics of music,64.1,Average
S-12218,REG-2026-3218,F,20,BS Computer Science,8,S2,50,39,78.0,2.93,2.73,76,66,71.0,71,64,73,64.0,63,77,Last-minute crammer,Warning,Not Started,"Participates occasionally, can definitely do better.",Participates occasionally,68.15,Good
S-12219,REG-2026-3219,M,24,BS AI,4,S1,50,47,94.0,3.82,3.85,83,95,89.0,82,93,87,81.0,89,97,Highly focused,Excellent,Completed,Brilliant understanding of core concepts. A joy to teach.,Shows leadership in sports,88.2,Excellent
S-12220,REG-2026-3220,F,21,BS Data Science,8,S2,50,44,89.0,3.57,3.38,94,95,94.5,98,98,83,92.0,94,97,Highly focused,Excellent,Completed,Brilliant understanding of core concepts. A joy to teach.,Outstanding performer in arts,92.65,Excellent
S-12221,REG-2026-3221,F,24,BS Computer Science,5,S2,50,49,72.69,3.69,3.5,88,83,85.5,92,91,94,89.0,92,92,Very consistent,Excellent,Completed,Brilliant understanding of core concepts. A joy to teach.,Shows leadership in sports,91.25,Excellent
S-12222,REG-2026-3222,M,22,BS Computer Science,7,S1,50,28,58.0,1.78,1.59,24,28,26.0,26,45,46,66.03,23,42,Rarely studies,Needs Improvement,Not Started,Frequently misses deadlines and lacks motivation.,No interest,34.55,Poor
S-12223,REG-2026-3223,M,19,BS Data Science,4,S3,50,43,86.0,3.61,3.63,93,84,88.5,94,99,94,81.0,80,92,Very consistent,Excellent,Completed,Outstanding performance throughout the semester.,Shows leadership in sports,87.25,Excellent
S-12224,REG-2026-3224,M,23,BS Data Science,6,S2,50,33,67.0,3.09,3.03,74,56,65.0,72,62,65,74.0,77,59,Needs some guidance,Good,Ongoing,Understands the basics but struggles with complex logic.,Participates occasionally,69.35,Good
S-12225,REG-2026-3225,F,22,BS AI,5,S2,50,37,74.0,2.89,2.63,63,68,65.5,78,76,76,57.0,57,58,Needs some guidance,Good,Ongoing,Good effort but needs more consistency in assignments.,Learning basics of music,64.6,Average
S-12226,REG-2026-3226,M,18,BS Info Tech,3,S2,50,39,79.0,2.72,2.74,70,78,74.0,67,67,68,61.0,59,78,Needs some guidance,Warning,Not Started,Good effort but needs more consistency in assignments.,Learning basics of music,66.35,Good
S-12227,REG-2026-3227,M,22,BS Info Tech,4,S1,50,45,91.0,3.67,3.92,87,89,88.0,87,95,86,83.0,90,93,Very consistent,Excellent,Completed,"Highly proactive, consistent, and quick learner.",Active club president,88.5,Excellent
S-12228,REG-2026-3228,M,25,BS AI,5,S1,50,28,58.0,2.39,2.43,26,32,29.0,24,26,50,37.0,27,45,Last-minute crammer,Warning,Not Started,Frequently misses deadlines and lacks motivation.,Shy and inactive,35.75,Poor
S-12229,REG-2026-3229,M,20,BS AI,8,S2,50,39,78.0,3.25,3.3,74,68,71.0,73,55,77,60.0,66,67,Last-minute crammer,Good,Not Started,"Participates occasionally, can definitely do better.",Average sports player,66.9,Good
S-12230,REG-2026-3230,M,22,BS AI,1,S1,50,40,72.69,3.11,2.89,55,74,64.5,78,61,71,72.0,71,70,Last-minute crammer,Warning,Not Started,"Participates occasionally, can definitely do better.",Learning basics of music,70.25,Good
S-12231,REG-2026-3231,M,23,BS Computer Science,6,S3,50,32,65.0,3.17,3.1,61,61,61.0,71,71,62,71.0,74,56,Occasional studier,Good,Ongoing,Understands the basics but struggles with complex logic.,Participates occasionally,67.6,Good
S-12232,REG-2026-3232,F,18,BS Software Eng,5,S3,50,21,42.0,2.31,2.2,38,45,41.5,20,20,23,52.0,32,24,Last-minute crammer,Probation,Not Started,"Needs urgent improvement, counseling recommended.",Struggles to participate,33.5,Poor
S-12233,REG-2026-3233,M,24,BS Software Eng,8,S3,50,34,68.0,2.58,2.91,77,61,69.0,56,70,56,66.03,62,61,Needs some guidance,Good,Ongoing,Good effort but needs more consistency in assignments.,Average sports player,65.7,Good
S-12234,REG-2026-3234,F,23,BS Data Science,6,S1,50,42,85.0,3.51,3.27,91,94,92.5,87,94,85,81.0,88,92,Highly focused,Excellent,Completed,Shows excellent leadership and analytical skills.,Active club president,87.4,Excellent
S-12235,REG-2026-3235,M,22,BS Data Science,7,S3,50,40,80.0,2.84,2.67,62,63,62.5,64,71,66,62.0,56,76,Occasional studier,Good,Ongoing,Understands the basics but struggles with complex logic.,Average sports player,64.45,Average
S-12236,REG-2026-3236,F,18,BS Info Tech,3,S3,50,48,96.0,3.59,3.8,82,93,87.5,82,82,98,96.0,84,97,Highly focused,Excellent,Completed,Outstanding performance throughout the semester.,Outstanding performer in arts,90.45,Excellent
S-12237,REG-2026-3237,F,20,BS AI,7,S2,50,29,59.0,1.2,1.2,51,23,37.0,26,35,27,38.0,35,21,Last-minute crammer,Needs Improvement,Not Started,Irregular attendance and extremely poor focus in class.,No interest,33.95,Poor
S-12238,REG-2026-3238,M,21,BS Data Science,7,S2,50,34,68.0,3.02,3.07,60,69,64.5,62,56,65,66.0,59,66,Last-minute crammer,Warning,Ongoing,"Participates occasionally, can definitely do better.",Learning basics of music,62.85,Average
S-12239,REG-2026-3239,M,21,BS Software Eng,3,S1,50,39,79.0,3.23,3.0,73,58,65.5,61,69,70,76.0,68,70,Last-minute crammer,Warning,Not Started,Good effort but needs more consistency in assignments.,Average sports player,70.15,Good
S-12240,REG-2026-3240,M,20,BS AI,5,S3,50,37,75.0,3.01,2.81,65,66,65.5,60,76,65,65.0,76,67,Last-minute crammer,Warning,Not Started,"Participates occasionally, can definitely do better.",Learning basics of music,69.35,Good
S-12241,REG-2026-3241,F,18,BS AI,5,S3,50,40,80.0,3.43,3.6,64,57,60.5,62,71,57,59.0,74,77,Last-minute crammer,Warning,Not Started,"Participates occasionally, can definitely do better.",Participates occasionally,66.8,Good
S-12242,REG-2026-3242,F,18,BS Software Eng,6,S2,50,42,85.0,3.92,3.7,91,86,88.5,90,99,83,92.0,94,92,Very consistent,Excellent,Completed,Shows excellent leadership and analytical skills.,Shows leadership in sports,91.05,Excellent
S-12243,REG-2026-3243,M,22,BS Info Tech,7,S3,50,37,75.0,3.32,3.52,68,68,68.0,60,73,65,65.0,67,67,Needs some guidance,Warning,Ongoing,Average performance. Needs to focus more on lab work.,Learning basics of music,67.05,Good
S-12244,REG-2026-3244,F,25,BS Data Science,6,S2,50,32,65.0,2.85,2.62,71,65,68.0,57,74,66,63.0,77,60,Occasional studier,Good,Not Started,Average performance. Needs to focus more on lab work.,Learning basics of music,68.05,Good
S-12245,REG-2026-3245,M,22,BS Computer Science,2,S1,50,36,73.0,3.39,3.6,66,62,64.0,58,62,56,56.0,59,61,Needs some guidance,Warning,Ongoing,"Participates occasionally, can definitely do better.",Learning basics of music,59.6,Average
S-12246,REG-2026-3246,M,23,BS AI,3,S2,50,28,58.0,1.35,1.23,28,46,37.0,24,44,33,20.0,53,20,Last-minute crammer,Needs Improvement,Not Started,"Needs urgent improvement, counseling recommended.",No interest,36.4,Poor
S-12247,REG-2026-3247,F,24,BS Data Science,8,S3,50,35,70.0,2.98,2.82,64,67,65.5,63,55,71,57.0,61,73,Occasional studier,Warning,Ongoing,"Participates occasionally, can definitely do better.",Learning basics of music,63.3,Average
S-12248,REG-2026-3248,F,20,BS Computer Science,6,S3,50,40,80.0,2.67,2.73,72,70,71.0,68,70,64,57.0,73,64,Last-minute crammer,Good,Ongoing,Average performance. Needs to focus more on lab work.,Average sports player,67.15,Good
S-12249,REG-2026-3249,F,25,BS AI,7,S3,50,35,71.0,2.92,2.94,57,60,58.5,68,69,72,58.0,76,76,Last-minute crammer,Warning,Not Started,Understands the basics but struggles with complex logic.,Participates occasionally,68.7,Good
S-12250,REG-2026-3250,M,20,BS Data Science,1,S3,50,37,74.0,3.04,3.13,64,75,69.5,55,58,73,75.0,68,70,Occasional studier,Warning,Ongoing,Understands the basics but struggles with complex logic.,Learning basics of music,69.15,Good
S-12251,REG-2026-3251,M,21,BS Computer Science,7,S2,50,32,65.0,2.86,3.15,70,69,69.5,71,57,58,68.0,57,67,Needs some guidance,Warning,Not Started,Good effort but needs more consistency in assignments.,Learning basics of music,62.7,Average
S-12252,REG-2026-3252,M,25,BS Info Tech,7,S3,50,44,89.0,3.78,3.86,83,80,81.5,85,88,97,90.0,80,84,Highly focused,Excellent,Completed,Outstanding performance throughout the semester.,Outstanding performer in arts,86.6,Excellent
S-12253,REG-2026-3253,F,24,BS AI,4,S1,50,18,36.0,2.04,2.25,33,27,30.0,25,42,52,39.0,21,20,Needs constant monitoring,Warning,Not Started,Lacks fundamental understanding of the subject matter.,Shy and inactive,33.1,Poor
S-12254,REG-2026-3254,F,18,BS Data Science,1,S1,50,37,75.0,2.88,3.1,71,76,73.5,71,70,70,60.0,73,61,Occasional studier,Good,Not Started,Average performance. Needs to focus more on lab work.,Learning basics of music,68.5,Good
S-12255,REG-2026-3255,M,24,BS Data Science,2,S3,50,27,54.0,2.26,2.24,21,46,33.5,23,44,37,28.0,34,34,Last-minute crammer,Probation,Not Started,"Needs urgent improvement, counseling recommended.",Struggles to participate,34.65,Poor
S-12256,REG-2026-3256,M,22,BS Computer Science,5,S2,50,36,72.0,3.0,3.05,75,78,76.5,70,73,55,78.0,71,75,Occasional studier,Warning,Not Started,Average performance. Needs to focus more on lab work.,Participates occasionally,71.15,Good
S-12257,REG-2026-3257,F,23,BS Software Eng,8,S2,50,40,80.0,2.68,2.72,71,75,73.0,66,73,75,70.0,55,57,Occasional studier,Warning,Ongoing,No feedback provided,Participates occasionally,66.6,Good
S-12258,REG-2026-3258,F,20,BS Data Science,8,S2,50,46,92.0,3.52,3.62,96,80,88.0,90,93,91,88.0,91,90,Regular studier,Excellent,Completed,"Highly proactive, consistent, and quick learner.",Active club president,90.2,Excellent
S-12259,REG-2026-3259,M,20,BS AI,4,S2,50,49,99.0,3.83,3.95,93,99,96.0,83,82,93,98.0,86,92,Regular studier,Excellent,Completed,Shows excellent leadership and analytical skills.,Shows leadership in sports,91.15,Excellent
S-12260,REG-2026-3260,F,25,BS Data Science,3,S2,50,40,80.0,3.15,2.9,66,77,71.5,74,69,74,69.0,69,55,Needs some guidance,Warning,Ongoing,Good effort but needs more consistency in assignments.,Average sports player,69.4,Good
S-12261,REG-2026-3261,F,19,BS Info Tech,6,S3,50,22,45.0,1.84,1.9,28,39,33.5,42,45,49,45.0,23,23,Needs constant monitoring,Needs Improvement,Not Started,"Needs urgent improvement, counseling recommended.",Shy and inactive,36.6,Poor
S-12262,REG-2026-3262,M,23,BS Data Science,6,S3,50,41,82.0,2.88,3.17,57,69,63.0,76,62,76,69.0,70,71,Last-minute crammer,Good,Ongoing,Understands the basics but struggles with complex logic.,Participates occasionally,70.2,Good
S-12263,REG-2026-3263,M,22,BS AI,8,S2,50,49,99.0,3.96,3.93,97,85,91.0,84,97,94,82.0,90,89,Very consistent,Excellent,Completed,Shows excellent leadership and analytical skills.,Shows leadership in sports,89.85,Excellent
S-12264,REG-2026-3264,F,25,BS Info Tech,5,S2,50,26,53.0,1.54,1.68,36,44,40.0,24,23,20,42.0,53,53,Last-minute crammer,Needs Improvement,Not Started,Lacks fundamental understanding of the subject matter.,Struggles to participate,40.1,Poor
S-12265,REG-2026-3265,M,21,BS Info Tech,8,S1,50,33,66.0,3.45,3.3,68,63,65.5,77,74,77,74.0,62,66,Occasional studier,Good,Not Started,"Participates occasionally, can definitely do better.",Participates occasionally,69.55,Good
S-12266,REG-2026-3266,F,24,BS Computer Science,7,S3,50,43,87.0,3.96,3.96,81,85,83.0,86,89,96,98.0,90,88,Very consistent,Excellent,Completed,Outstanding performance throughout the semester.,Active club president,91.15,Excellent
S-12267,REG-2026-3267,F,21,BS Info Tech,8,S2,50,33,67.0,3.48,3.44,62,56,59.0,69,64,67,77.0,62,75,Occasional studier,Good,Not Started,Understands the basics but struggles with complex logic.,Participates occasionally,67.55,Good
S-12268,REG-2026-3268,M,22,BS AI,3,S1,50,41,82.0,2.83,2.59,73,75,74.0,63,68,75,69.0,64,70,Last-minute crammer,Good,Ongoing,Understands the basics but struggles with complex logic.,Average sports player,69.5,Good
S-12269,REG-2026-3269,F,24,BS AI,5,S1,50,19,39.0,1.62,1.37,23,47,35.0,33,45,32,66.03,52,31,Last-minute crammer,Needs Improvement,Not Started,"Needs urgent improvement, counseling recommended.",Shy and inactive,39.1,Poor
S-12270,REG-2026-3270,M,18,BS Computer Science,2,S2,50,39,78.0,3.3,3.53,64,55,59.5,67,68,58,73.0,56,67,Occasional studier,Good,Not Started,Understands the basics but struggles with complex logic.,Participates occasionally,64.0,Average
S-12271,REG-2026-3271,M,19,BS Info Tech,7,S1,50,47,94.0,3.85,3.9,81,85,83.0,84,87,89,80.0,92,85,Highly focused,Excellent,Completed,"Highly proactive, consistent, and quick learner.",Shows leadership in sports,86.75,Excellent
S-12272,REG-2026-3272,M,23,BS Software Eng,5,S2,50,48,96.0,3.78,3.82,85,86,85.5,97,85,97,89.0,94,99,Highly focused,Excellent,Completed,"Highly proactive, consistent, and quick learner.",Outstanding performer in arts,92.45,Excellent
S-12273,REG-2026-3273,F,21,BS Data Science,4,S1,50,38,77.0,3.16,3.43,67,58,62.5,64,68,56,71.0,56,78,Occasional studier,Warning,Ongoing,"Participates occasionally, can definitely do better.",Learning basics of music,64.5,Average
S-12274,REG-2026-3274,M,20,BS AI,5,S2,50,38,76.0,2.81,3.02,71,57,64.0,77,62,64,59.0,77,71,Occasional studier,Good,Not Started,Good effort but needs more consistency in assignments.,Average sports player,68.0,Good
S-12275,REG-2026-3275,F,21,BS AI,3,S1,50,33,66.0,2.78,2.86,64,74,69.0,68,59,59,59.0,60,76,Last-minute crammer,Warning,Not Started,Average performance. Needs to focus more on lab work.,Average sports player,62.75,Average
S-12276,REG-2026-3276,M,20,BS Info Tech,2,S3,50,43,87.0,3.67,3.69,81,97,89.0,83,99,89,96.0,93,81,Highly focused,Excellent,Completed,Shows excellent leadership and analytical skills.,Shows leadership in sports,91.2,Excellent
S-12277,REG-2026-3277,F,19,BS Data Science,1,S3,50,21,43.0,1.42,1.71,47,46,46.5,22,51,26,43.0,53,38,Rarely studies,Warning,Not Started,Irregular attendance and extremely poor focus in class.,Struggles to participate,42.55,Poor
S-12278,REG-2026-3278,M,22,BS Computer Science,7,S3,50,35,70.0,2.5,2.63,59,56,57.5,75,74,78,62.0,69,72,Needs some guidance,Warning,Not Started,Average performance. Needs to focus more on lab work.,Participates occasionally,68.95,Good
S-12279,REG-2026-3279,F,20,BS Software Eng,7,S3,50,44,89.0,3.81,3.95,97,99,98.0,93,92,94,84.0,99,83,Highly focused,Excellent,Completed,Shows excellent leadership and analytical skills.,Active club president,92.05,Excellent
S-12280,REG-2026-3280,M,21,BS Software Eng,1,S2,50,30,61.0,1.39,1.12,33,20,26.5,53,53,35,25.0,30,49,Rarely studies,Probation,Not Started,Lacks fundamental understanding of the subject matter.,Struggles to participate,36.3,Poor
S-12281,REG-2026-3281,M,23,BS Computer Science,5,S1,50,43,86.0,3.51,3.35,84,91,87.5,85,96,89,91.0,90,92,Regular studier,Excellent,Completed,Outstanding performance throughout the semester.,Outstanding performer in arts,90.15,Excellent
S-12282,REG-2026-3282,F,22,BS Data Science,1,S2,50,45,90.0,3.64,3.8,89,95,92.0,96,89,86,80.0,86,88,Regular studier,Excellent,Completed,Shows excellent leadership and analytical skills.,Shows leadership in sports,86.6,Excellent
S-12283,REG-2026-3283,M,21,BS AI,1,S3,50,42,85.0,3.59,3.4,87,86,86.5,82,99,95,96.0,94,90,Highly focused,Excellent,Completed,Brilliant understanding of core concepts. A joy to teach.,Active club president,92.85,Excellent
S-12284,REG-2026-3284,M,20,BS Computer Science,8,S2,50,49,99.0,3.63,3.69,83,92,87.5,98,97,88,87.0,95,82,Very consistent,Excellent,Completed,Brilliant understanding of core concepts. A joy to teach.,Shows leadership in sports,90.85,Excellent
S-12285,REG-2026-3285,F,19,BS Software Eng,4,S2,50,49,99.0,3.72,3.75,85,81,83.0,95,99,90,86.0,91,83,Very consistent,Excellent,Completed,Outstanding performance throughout the semester.,Shows leadership in sports,89.65,Excellent
S-12286,REG-2026-3286,F,24,BS AI,5,S2,50,16,33.0,1.2,1.14,29,20,24.5,50,37,32,29.0,37,43,Last-minute crammer,Probation,Not Started,Lacks fundamental understanding of the subject matter.,Shy and inactive,34.45,Poor
S-12287,REG-2026-3287,F,25,BS Computer Science,8,S3,50,33,67.0,3.44,3.7,68,73,70.5,75,69,62,72.0,61,61,Needs some guidance,Warning,Ongoing,"Participates occasionally, can definitely do better.",Average sports player,66.1,Good
S-12288,REG-2026-3288,F,18,BS Data Science,3,S2,50,36,73.0,3.07,3.11,78,78,78.0,56,63,68,66.03,55,63,Occasional studier,Warning,Not Started,"Participates occasionally, can definitely do better.",Learning basics of music,62.8,Average
S-12289,REG-2026-3289,F,24,BS Software Eng,8,S1,50,15,30.0,2.36,2.18,28,42,35.0,30,28,41,30.0,53,30,Needs constant monitoring,Probation,Not Started,Frequently misses deadlines and lacks motivation.,Struggles to participate,37.7,Poor
S-12290,REG-2026-3290,M,20,BS Computer Science,4,S3,50,31,63.0,1.96,2.08,50,32,41.0,30,40,38,34.0,27,36,Rarely studies,Warning,Not Started,Irregular attendance and extremely poor focus in class.,Struggles to participate,35.6,Poor
S-12291,REG-2026-3291,F,25,BS Software Eng,7,S2,50,47,94.0,3.94,2.91,80,97,88.5,90,99,81,88.0,89,96,Highly focused,Excellent,Completed,Shows excellent leadership and analytical skills.,Outstanding performer in arts,89.55,Excellent
S-12292,REG-2026-3292,F,22,BS Software Eng,7,S3,50,48,96.0,3.66,3.82,86,89,87.5,86,95,93,86.0,81,93,Very consistent,Excellent,Completed,Brilliant understanding of core concepts. A joy to teach.,Active club president,88.05,Excellent
S-12293,REG-2026-3293,F,22,BS Data Science,8,S2,50,35,72.69,2.63,2.78,67,67,67.0,71,71,69,61.0,60,59,Occasional studier,Good,Not Started,Average performance. Needs to focus more on lab work.,Participates occasionally,64.3,Average
S-12294,REG-2026-3294,M,19,BS Software Eng,2,S1,50,39,79.0,2.65,2.6,57,60,58.5,70,74,56,59.0,76,70,Needs some guidance,Good,Ongoing,Good effort but needs more consistency in assignments.,Participates occasionally,66.9,Good
S-12295,REG-2026-3295,M,18,BS Info Tech,8,S2,50,44,89.0,3.57,3.37,88,97,92.5,97,87,89,91.0,89,98,Very consistent,Excellent,Completed,Shows excellent leadership and analytical skills.,Active club president,90.85,Excellent
S-12296,REG-2026-3296,M,22,BS Data Science,2,S2,50,33,72.69,3.09,2.92,71,63,67.0,77,72,67,62.0,70,58,Last-minute crammer,Good,Not Started,"Participates occasionally, can definitely do better.",Learning basics of music,66.85,Good
S-12297,REG-2026-3297,F,25,BS AI,7,S3,50,48,97.0,3.51,3.38,93,88,90.5,88,85,92,82.0,99,81,Regular studier,Excellent,Completed,Brilliant understanding of core concepts. A joy to teach.,Outstanding performer in arts,89.85,Excellent
S-12298,REG-2026-3298,F,21,BS Info Tech,7,S2,50,40,81.0,3.27,3.49,76,71,73.5,75,67,65,57.0,70,75,Needs some guidance,Warning,Ongoing,Average performance. Needs to focus more on lab work.,Participates occasionally,68.0,Good
S-12299,REG-2026-3299,M,22,BS Software Eng,7,S3,50,40,80.0,2.57,2.65,61,72,66.5,62,70,74,57.0,76,69,Occasional studier,Good,Ongoing,Good effort but needs more consistency in assignments.,Learning basics of music,69.15,Good
S-12300,REG-2026-3300,M,25,BS AI,5,S3,50,36,72.0,2.89,2.74,63,59,61.0,75,76,76,68.0,63,56,Occasional studier,Warning,Ongoing,"Participates occasionally, can definitely do better.",Learning basics of music,67.4,Good
S-12301,REG-2026-3301,M,18,BS Software Eng,2,S3,50,39,79.0,3.33,3.46,78,70,74.0,57,55,71,58.0,75,65,Occasional studier,Warning,Ongoing,Average performance. Needs to focus more on lab work.,Learning basics of music,67.2,Good
S-12302,REG-2026-3302,M,24,BS Computer Science,7,S1,50,35,71.0,3.13,3.34,71,56,63.5,70,55,61,57.0,74,65,Last-minute crammer,Good,Not Started,Understands the basics but struggles with complex logic.,Learning basics of music,64.45,Average
S-12303,REG-2026-3303,F,25,BS Info Tech,2,S1,50,35,70.0,3.42,3.63,64,67,65.5,76,70,67,57.0,75,69,Last-minute crammer,Warning,Ongoing,Average performance. Needs to focus more on lab work.,Average sports player,67.95,Good
S-12304,REG-2026-3304,M,21,BS Info Tech,2,S1,50,38,76.0,3.16,3.11,56,56,56.0,74,78,70,77.0,71,61,Occasional studier,Good,Not Started,"Participates occasionally, can definitely do better.",Participates occasionally,70.65,Good
S-12305,REG-2026-3305,M,18,BS Info Tech,3,S2,50,38,77.0,3.45,3.72,58,67,62.5,70,74,61,57.0,78,60,Needs some guidance,Warning,Ongoing,Good effort but needs more consistency in assignments.,Learning basics of music,67.05,Good
S-12306,REG-2026-3306,M,21,BS Data Science,8,S2,50,16,32.0,1.44,1.65,40,47,43.5,51,40,29,49.0,24,29,Last-minute crammer,Probation,Not Started,Lacks fundamental understanding of the subject matter.,No interest,35.55,Poor
S-12307,REG-2026-3307,F,18,BS Info Tech,8,S2,50,27,55.0,2.3,2.16,43,29,36.0,34,32,43,42.0,31,49,Needs constant monitoring,Probation,Not Started,"Needs urgent improvement, counseling recommended.",Shy and inactive,38.75,Poor
S-12308,REG-2026-3308,F,25,BS Software Eng,7,S3,50,15,30.0,1.39,1.48,51,21,36.0,51,39,36,27.0,45,29,Last-minute crammer,Warning,Not Started,"Needs urgent improvement, counseling recommended.",Struggles to participate,36.5,Poor
S-12309,REG-2026-3309,F,22,BS Info Tech,3,S2,50,35,70.0,3.23,3.1,67,78,72.5,75,60,62,75.0,70,75,Occasional studier,Good,Not Started,"Participates occasionally, can definitely do better.",Average sports player,69.8,Good
S-12310,REG-2026-3310,F,20,BS AI,4,S3,50,33,66.0,3.01,3.05,70,57,63.5,69,61,67,68.0,77,73,Occasional studier,Warning,Not Started,Understands the basics but struggles with complex logic.,Average sports player,69.4,Good
S-12311,REG-2026-3311,M,25,BS AI,2,S2,50,38,76.0,2.76,2.52,61,78,69.5,61,62,64,70.0,73,72,Needs some guidance,Good,Not Started,Understands the basics but struggles with complex logic.,Learning basics of music,69.05,Good
S-12312,REG-2026-3312,M,19,BS AI,4,S1,50,36,72.0,2.53,2.62,74,60,67.0,58,72,75,61.0,60,77,Last-minute crammer,Good,Not Started,Good effort but needs more consistency in assignments.,Learning basics of music,66.55,Good
S-12313,REG-2026-3313,F,24,BS Software Eng,8,S1,50,37,75.0,3.48,3.62,60,58,59.0,77,76,60,62.0,61,66,Needs some guidance,Good,Not Started,"Participates occasionally, can definitely do better.",Learning basics of music,64.35,Average
S-12314,REG-2026-3314,M,24,BS Info Tech,5,S2,50,38,77.0,3.44,3.31,59,67,63.0,69,77,58,72.0,74,59,Last-minute crammer,Warning,Ongoing,"Participates occasionally, can definitely do better.",Learning basics of music,68.8,Good
S-12315,REG-2026-3315,M,21,BS Software Eng,7,S2,50,35,70.0,3.44,3.49,56,56,56.0,77,74,59,55.0,68,73,Last-minute crammer,Good,Not Started,Average performance. Needs to focus more on lab work.,Average sports player,64.5,Average
S-12316,REG-2026-3316,M,18,BS Computer Science,2,S3,50,35,71.0,2.84,2.74,76,60,68.0,65,56,72,59.0,71,76,Occasional studier,Good,Ongoing,"Participates occasionally, can definitely do better.",Participates occasionally,67.15,Good
S-12317,REG-2026-3317,M,19,BS Info Tech,4,S2,50,36,72.0,2.79,2.55,62,70,66.0,72,66,65,72.0,62,64,Last-minute crammer,Good,Ongoing,Average performance. Needs to focus more on lab work.,Learning basics of music,66.45,Good
S-12318,REG-2026-3318,F,20,BS Info Tech,4,S3,50,23,46.0,1.54,1.77,43,46,44.5,42,47,39,30.0,37,33,Rarely studies,Probation,Not Started,No feedback provided,Shy and inactive,37.95,Poor
S-12319,REG-2026-3319,F,18,BS Computer Science,4,S1,50,33,67.0,3.13,3.11,62,69,65.5,70,56,78,78.0,65,77,Last-minute crammer,Good,Ongoing,Good effort but needs more consistency in assignments.,Participates occasionally,70.25,Good
S-12320,REG-2026-3320,M,20,BS Computer Science,4,S3,50,40,80.0,2.62,2.61,61,60,60.5,77,65,73,78.0,76,63,Needs some guidance,Good,Ongoing,"Participates occasionally, can definitely do better.",Participates occasionally,72.25,Good
S-12321,REG-2026-3321,F,21,BS Info Tech,7,S3,50,19,39.0,1.52,1.59,53,52,52.5,26,34,23,38.0,35,47,Last-minute crammer,Probation,Not Started,Frequently misses deadlines and lacks motivation.,No interest,36.4,Poor
S-12322,REG-2026-3322,F,24,BS Computer Science,7,S2,50,34,69.0,2.75,2.74,57,57,57.0,58,75,71,64.0,56,56,Occasional studier,Good,Not Started,Understands the basics but struggles with complex logic.,Average sports player,62.6,Average
S-12323,REG-2026-3323,M,24,BS Software Eng,4,S2,50,39,79.0,3.46,3.41,55,66,60.5,65,55,75,67.0,57,67,Last-minute crammer,Good,Not Started,"Participates occasionally, can definitely do better.",Participates occasionally,64.35,Average
S-12324,REG-2026-3324,F,18,BS Info Tech,3,S3,50,23,46.0,2.48,2.65,44,48,46.0,38,26,26,38.0,21,46,Rarely studies,Needs Improvement,Not Started,Lacks fundamental understanding of the subject matter.,Shy and inactive,32.75,Poor
S-12325,REG-2026-3325,M,19,BS Info Tech,5,S2,50,37,75.0,3.33,3.49,69,75,72.0,77,75,57,70.0,65,72,Needs some guidance,Good,Ongoing,"Participates occasionally, can definitely do better.",Average sports player,68.3,Good
S-12326,REG-2026-3326,M,21,BS Computer Science,2,S3,50,37,74.0,2.65,2.71,56,70,63.0,71,70,69,59.0,65,64,Occasional studier,Good,Not Started,Average performance. Needs to focus more on lab work.,Learning basics of music,65.35,Good
S-12327,REG-2026-3327,F,22,BS Info Tech,3,S3,50,41,82.0,3.19,3.04,55,67,61.0,62,76,68,74.0,69,57,Occasional studier,Good,Not Started,Good effort but needs more consistency in assignments.,Average sports player,68.85,Good
S-12328,REG-2026-3328,F,20,BS Software Eng,6,S2,50,16,32.0,1.44,1.16,25,23,24.0,22,32,31,25.0,51,32,Needs constant monitoring,Warning,Not Started,Irregular attendance and extremely poor focus in class.,Shy and inactive,33.9,Poor
S-12329,REG-2026-3329,F,25,BS Software Eng,1,S2,50,26,52.0,1.65,1.8,46,42,44.0,22,36,26,51.0,29,52,Last-minute crammer,Probation,Not Started,"Needs urgent improvement, counseling recommended.",Struggles to participate,38.25,Poor
S-12330,REG-2026-3330,F,23,BS Computer Science,3,S1,50,43,87.0,3.99,3.8,92,80,86.0,91,96,91,98.0,82,90,Very consistent,Excellent,Completed,"Highly proactive, consistent, and quick learner.",Shows leadership in sports,89.85,Excellent
S-12331,REG-2026-3331,M,18,BS Data Science,6,S1,50,33,66.0,2.96,2.87,58,77,67.5,65,59,75,59.0,60,61,Last-minute crammer,Good,Ongoing,Average performance. Needs to focus more on lab work.,Participates occasionally,63.35,Average
S-12332,REG-2026-3332,M,21,BS AI,2,S3,50,49,99.0,3.67,3.39,81,92,86.5,94,81,97,93.0,89,92,Regular studier,Excellent,Completed,Shows excellent leadership and analytical skills.,Outstanding performer in arts,91.0,Excellent
S-12333,REG-2026-3333,F,19,BS Data Science,2,S2,50,38,77.0,3.44,3.52,78,73,75.5,68,70,74,74.0,76,58,Last-minute crammer,Warning,Not Started,Good effort but needs more consistency in assignments.,Learning basics of music,72.5,Good
S-12334,REG-2026-3334,F,22,BS Data Science,2,S1,50,21,43.0,1.86,1.81,41,25,33.0,44,32,47,28.0,45,38,Needs constant monitoring,Needs Improvement,Not Started,Irregular attendance and extremely poor focus in class.,Shy and inactive,38.55,Poor
S-12335,REG-2026-3335,M,20,BS Software Eng,8,S2,50,34,69.0,2.9,3.18,74,69,71.5,63,59,57,66.03,66,69,Needs some guidance,Good,Not Started,Good effort but needs more consistency in assignments.,Average sports player,65.8,Good
S-12336,REG-2026-3336,F,23,BS Computer Science,2,S2,50,15,30.0,1.55,1.82,21,52,36.5,35,42,23,32.0,53,28,Needs constant monitoring,Needs Improvement,Not Started,Irregular attendance and extremely poor focus in class.,Shy and inactive,37.0,Poor
S-12337,REG-2026-3337,F,22,BS Data Science,8,S3,50,17,35.0,1.51,1.37,41,49,45.0,29,45,39,50.0,20,34,Rarely studies,Warning,Not Started,No feedback provided,Shy and inactive,36.45,Poor
S-12338,REG-2026-3338,F,21,BS Info Tech,2,S2,50,32,65.0,3.16,3.03,65,73,69.0,74,55,77,68.0,70,67,Needs some guidance,Good,Ongoing,"Participates occasionally, can definitely do better.",Average sports player,68.7,Good
S-12339,REG-2026-3339,F,24,BS Software Eng,8,S1,50,38,76.0,2.54,2.25,66,59,62.5,70,60,76,55.0,72,76,Needs some guidance,Good,Ongoing,Understands the basics but struggles with complex logic.,Participates occasionally,67.55,Good
S-12340,REG-2026-3340,F,18,BS Computer Science,4,S1,50,45,90.0,3.68,3.64,99,86,92.5,81,96,85,93.0,95,95,Very consistent,Excellent,Completed,"Highly proactive, consistent, and quick learner.",Shows leadership in sports,92.0,Excellent
S-12341,REG-2026-3341,M,23,BS Info Tech,5,S1,50,31,62.0,2.07,2.05,42,52,47.0,34,44,38,24.0,24,48,Needs constant monitoring,Needs Improvement,Not Started,"Needs urgent improvement, counseling recommended.",No interest,35.2,Poor
S-12342,REG-2026-3342,M,18,BS Data Science,1,S1,50,45,91.0,3.89,3.64,99,88,93.5,99,85,86,99.0,87,86,Regular studier,Excellent,Completed,Shows excellent leadership and analytical skills.,Active club president,90.4,Excellent
S-12343,REG-2026-3343,M,19,BS Computer Science,6,S1,50,43,87.0,3.7,3.79,87,89,88.0,98,83,94,97.0,98,80,Highly focused,Excellent,Completed,"Highly proactive, consistent, and quick learner.",Active club president,92.35,Excellent
S-12344,REG-2026-3344,F,20,BS Software Eng,6,S2,50,48,97.0,3.71,3.93,98,95,96.5,92,84,92,85.0,90,82,Very consistent,Excellent,Completed,Shows excellent leadership and analytical skills.,Outstanding performer in arts,89.0,Excellent
S-12345,REG-2026-3345,M,21,BS Info Tech,4,S3,50,40,81.0,2.57,2.33,61,65,63.0,63,66,75,65.0,77,55,Needs some guidance,Warning,Not Started,Good effort but needs more consistency in assignments.,Learning basics of music,69.1,Good
S-12346,REG-2026-3346,M,20,BS Computer Science,3,S1,50,43,86.0,3.71,3.97,86,85,85.5,90,92,84,87.0,82,99,Regular studier,Excellent,Completed,"Highly proactive, consistent, and quick learner.",Active club president,86.95,Excellent
S-12347,REG-2026-3347,F,22,BS AI,6,S1,50,46,93.0,3.59,3.41,99,83,91.0,95,89,97,86.0,99,92,Regular studier,Excellent,Completed,Shows excellent leadership and analytical skills.,Active club president,93.1,Excellent
S-12348,REG-2026-3348,M,20,BS Data Science,3,S3,50,22,44.0,1.4,1.13,52,32,42.0,44,48,36,32.0,46,45,Rarely studies,Probation,Not Started,"Needs urgent improvement, counseling recommended.",No interest,41.2,Poor
S-12349,REG-2026-3349,F,19,BS Computer Science,7,S1,50,36,72.0,2.5,2.37,57,56,56.5,64,77,58,70.0,78,61,Last-minute crammer,Good,Ongoing,Good effort but needs more consistency in assignments.,Participates occasionally,68.45,Good
S-12350,REG-2026-3350,F,25,BS Info Tech,1,S3,50,23,47.0,1.32,1.38,50,30,40.0,39,36,22,43.0,48,27,Needs constant monitoring,Needs Improvement,Not Started,Lacks fundamental understanding of the subject matter.,No interest,38.5,Poor
S-12351,REG-2026-3351,F,22,BS Data Science,1,S1,50,49,98.0,3.58,3.72,93,88,90.5,95,87,83,85.0,87,97,Regular studier,Excellent,Completed,"Highly proactive, consistent, and quick learner.",Shows leadership in sports,88.3,Excellent
S-12352,REG-2026-3352,F,18,BS Software Eng,7,S3,50,38,76.0,2.79,2.96,77,69,73.0,55,62,70,75.0,58,56,Needs some guidance,Warning,Ongoing,Good effort but needs more consistency in assignments.,Participates occasionally,65.65,Good
S-12353,REG-2026-3353,M,18,BS Data Science,6,S3,50,28,56.0,2.44,2.52,32,31,31.5,26,22,33,49.0,52,32,Last-minute crammer,Warning,Not Started,Frequently misses deadlines and lacks motivation.,Struggles to participate,40.4,Poor
S-12354,REG-2026-3354,M,19,BS Software Eng,5,S1,50,37,74.0,3.24,3.27,66,59,62.5,68,55,78,65.0,68,68,Occasional studier,Warning,Not Started,"Participates occasionally, can definitely do better.",Learning basics of music,67.35,Good
S-12355,REG-2026-3355,F,25,BS Info Tech,3,S3,50,35,70.0,2.67,2.66,62,65,63.5,65,60,73,76.0,56,76,Last-minute crammer,Warning,Ongoing,Good effort but needs more consistency in assignments.,Participates occasionally,66.85,Good
S-12356,REG-2026-3356,F,24,BS Computer Science,8,S3,50,47,95.0,3.9,3.68,91,80,85.5,98,91,91,86.0,94,96,Regular studier,Excellent,Completed,Brilliant understanding of core concepts. A joy to teach.,Shows leadership in sports,91.25,Excellent
S-12357,REG-2026-3357,F,18,BS Software Eng,2,S3,50,36,73.0,2.85,2.79,69,75,72.0,58,59,72,64.0,59,59,Last-minute crammer,Warning,Ongoing,"Participates occasionally, can definitely do better.",Participates occasionally,63.9,Average
S-12358,REG-2026-3358,M,20,BS Data Science,7,S2,50,27,54.0,1.76,1.66,20,34,27.0,35,27,42,25.0,22,53,Last-minute crammer,Warning,Not Started,Irregular attendance and extremely poor focus in class.,No interest,31.95,Poor
S-12359,REG-2026-3359,M,20,BS Data Science,6,S1,50,49,98.0,3.58,3.4,94,80,87.0,96,92,84,96.0,86,90,Highly focused,Excellent,Completed,"Highly proactive, consistent, and quick learner.",Active club president,89.9,Excellent
S-12360,REG-2026-3360,M,24,BS Data Science,6,S3,50,38,77.0,3.23,3.16,62,74,68.0,71,58,77,68.0,73,55,Needs some guidance,Warning,Ongoing,Average performance. Needs to focus more on lab work.,Learning basics of music,68.9,Good
S-12361,REG-2026-3361,M,25,BS Software Eng,4,S2,50,40,81.0,3.35,3.52,55,62,58.5,76,69,71,77.0,68,77,Needs some guidance,Warning,Not Started,Average performance. Needs to focus more on lab work.,Learning basics of music,71.35,Good
S-12362,REG-2026-3362,F,23,BS Software Eng,6,S3,50,36,73.0,2.51,2.91,75,69,72.0,71,70,65,65.0,64,72,Last-minute crammer,Good,Ongoing,Good effort but needs more consistency in assignments.,Learning basics of music,67.35,Good
S-12363,REG-2026-3363,M,22,BS Software Eng,6,S3,50,29,59.0,2.07,1.82,43,35,39.0,29,25,26,22.0,42,22,Needs constant monitoring,Probation,Not Started,Frequently misses deadlines and lacks motivation.,Shy and inactive,31.8,Poor
S-12364,REG-2026-3364,F,20,BS Data Science,6,S3,50,43,87.0,3.9,3.73,92,83,87.5,82,98,87,86.0,89,92,Highly focused,Excellent,Completed,Brilliant understanding of core concepts. A joy to teach.,Outstanding performer in arts,88.7,Excellent
S-12365,REG-2026-3365,F,23,BS Software Eng,2,S3,50,18,72.69,2.35,2.58,41,22,31.5,25,53,38,48.0,43,41,Last-minute crammer,Probation,Not Started,"Needs urgent improvement, counseling recommended.",No interest,41.65,Poor
S-12366,REG-2026-3366,M,19,BS Software Eng,6,S1,50,30,61.0,1.69,1.84,34,43,38.5,30,47,48,34.0,48,43,Rarely studies,Needs Improvement,Not Started,Irregular attendance and extremely poor focus in class.,Struggles to participate,43.4,Poor
S-12367,REG-2026-3367,M,23,BS Info Tech,8,S3,50,45,90.0,3.61,3.49,83,95,89.0,99,93,90,83.0,90,89,Highly focused,Excellent,Completed,Outstanding performance throughout the semester.,Active club president,89.15,Excellent
S-12368,REG-2026-3368,M,19,BS Computer Science,1,S1,50,44,88.0,3.86,3.81,84,85,84.5,91,92,88,80.0,81,84,Regular studier,Excellent,Completed,"Highly proactive, consistent, and quick learner.",Outstanding performer in arts,84.45,Excellent
S-12369,REG-2026-3369,F,22,BS Info Tech,1,S3,50,28,57.0,1.02,1.25,26,37,31.5,46,21,30,39.0,28,32,Last-minute crammer,Needs Improvement,Not Started,Irregular attendance and extremely poor focus in class.,No interest,32.9,Poor
S-12370,REG-2026-3370,F,19,BS Computer Science,5,S3,50,46,92.0,3.97,3.77,80,80,80.0,81,86,81,66.03,84,82,Regular studier,Excellent,Completed,Outstanding performance throughout the semester.,Outstanding performer in arts,84.0,Excellent
S-12371,REG-2026-3371,F,21,BS Software Eng,6,S1,50,39,79.0,2.73,2.93,69,63,66.0,72,59,68,66.0,78,61,Needs some guidance,Warning,Ongoing,"Participates occasionally, can definitely do better.",Participates occasionally,69.05,Good
S-12372,REG-2026-3372,M,24,BS Software Eng,5,S3,50,46,92.0,3.55,3.84,81,96,88.5,89,84,87,87.0,85,88,Regular studier,Excellent,Completed,Shows excellent leadership and analytical skills.,Shows leadership in sports,86.8,Excellent
S-12373,REG-2026-3373,F,22,BS Info Tech,3,S3,50,47,95.0,3.63,3.85,95,88,91.5,81,99,88,97.0,88,89,Regular studier,Excellent,Completed,No feedback provided,Active club president,91.35,Excellent
S-12374,REG-2026-3374,F,18,BS AI,2,S2,50,37,75.0,2.71,2.64,72,57,64.5,60,69,67,68.0,74,56,Last-minute crammer,Good,Ongoing,Good effort but needs more consistency in assignments.,Participates occasionally,67.85,Good
S-12375,REG-2026-3375,M,21,BS Info Tech,2,S2,50,45,91.0,3.86,3.83,97,80,88.5,92,82,96,99.0,85,94,Very consistent,Excellent,Completed,Shows excellent leadership and analytical skills.,Outstanding performer in arts,91.05,Excellent
S-12376,REG-2026-3376,F,25,BS Computer Science,1,S3,50,38,76.0,2.73,2.6,76,58,67.0,66,75,72,57.0,75,62,Occasional studier,Good,Not Started,Understands the basics but struggles with complex logic.,Average sports player,68.45,Good
S-12377,REG-2026-3377,F,21,BS Software Eng,8,S1,50,41,82.0,3.1,2.8,55,74,64.5,77,77,64,64.0,60,63,Last-minute crammer,Good,Not Started,Good effort but needs more consistency in assignments.,Participates occasionally,65.8,Good
S-12378,REG-2026-3378,F,19,BS AI,4,S3,50,40,80.0,2.86,2.74,78,60,69.0,61,73,55,69.0,75,58,Occasional studier,Good,Ongoing,Good effort but needs more consistency in assignments.,Learning basics of music,67.85,Good
S-12379,REG-2026-3379,F,18,BS AI,4,S3,50,40,81.0,2.69,2.43,64,56,60.0,72,71,65,62.0,61,75,Last-minute crammer,Good,Ongoing,Good effort but needs more consistency in assignments.,Participates occasionally,65.65,Good
S-12380,REG-2026-3380,M,21,BS Computer Science,1,S1,50,39,78.0,2.96,2.75,65,77,71.0,58,78,68,65.0,74,66,Needs some guidance,Warning,Not Started,"Participates occasionally, can definitely do better.",Average sports player,70.0,Good
S-12381,REG-2026-3381,F,24,BS Computer Science,3,S1,50,18,37.0,2.46,2.91,36,53,44.5,50,26,20,22.0,28,48,Needs constant monitoring,Needs Improvement,Not Started,"Needs urgent improvement, counseling recommended.",No interest,30.6,Poor
S-12382,REG-2026-3382,F,24,BS Computer Science,5,S1,50,36,73.0,3.16,3.31,57,78,67.5,56,69,65,56.0,77,57,Last-minute crammer,Warning,Not Started,"Participates occasionally, can definitely do better.",Average sports player,66.0,Good
S-12383,REG-2026-3383,F,21,BS Software Eng,2,S1,50,37,74.0,3.44,3.35,71,76,73.5,71,69,75,61.0,75,59,Needs some guidance,Good,Not Started,Understands the basics but struggles with complex logic.,Learning basics of music,69.6,Good
S-12384,REG-2026-3384,F,20,BS AI,1,S1,50,43,87.0,3.71,3.91,81,85,83.0,95,98,81,98.0,86,95,Very consistent,Excellent,Completed,"Highly proactive, consistent, and quick learner.",Outstanding performer in arts,89.95,Excellent
S-12385,REG-2026-3385,F,24,BS Computer Science,3,S2,50,37,75.0,2.62,2.34,71,56,63.5,61,63,59,69.0,66,57,Last-minute crammer,Good,Not Started,Good effort but needs more consistency in assignments.,Learning basics of music,64.3,Average
S-12386,REG-2026-3386,M,22,BS AI,1,S2,50,18,36.0,2.07,2.22,23,24,23.5,48,51,47,23.0,40,47,Rarely studies,Probation,Not Started,"Needs urgent improvement, counseling recommended.",No interest,38.0,Poor
S-12387,REG-2026-3387,M,22,BS AI,8,S1,50,19,72.69,1.34,1.41,49,25,37.0,33,45,23,27.0,50,48,Needs constant monitoring,Warning,Not Started,"Needs urgent improvement, counseling recommended.",Shy and inactive,37.95,Poor
S-12388,REG-2026-3388,M,22,BS Info Tech,4,S3,50,47,95.0,3.57,3.44,84,88,86.0,95,83,80,66.03,84,93,Regular studier,Excellent,Completed,"Highly proactive, consistent, and quick learner.",Active club president,85.5,Excellent
S-12389,REG-2026-3389,F,24,BS Software Eng,1,S1,50,26,52.0,1.5,1.41,26,36,31.0,28,33,25,48.0,37,39,Last-minute crammer,Probation,Not Started,Irregular attendance and extremely poor focus in class.,Shy and inactive,36.9,Poor
S-12390,REG-2026-3390,F,24,BS Data Science,6,S1,50,41,82.0,2.91,3.14,64,68,66.0,72,60,64,56.0,74,58,Occasional studier,Warning,Ongoing,Good effort but needs more consistency in assignments.,Learning basics of music,65.4,Good
S-12391,REG-2026-3391,F,20,BS Info Tech,2,S2,50,37,75.0,2.61,2.6,55,61,58.0,73,69,56,59.0,67,71,Needs some guidance,Warning,Ongoing,Understands the basics but struggles with complex logic.,Participates occasionally,64.15,Average
S-12392,REG-2026-3392,M,22,BS AI,4,S1,50,36,72.0,2.61,2.57,75,66,70.5,65,63,65,70.0,58,60,Needs some guidance,Warning,Not Started,Good effort but needs more consistency in assignments.,Learning basics of music,64.45,Average
S-12393,REG-2026-3393,M,20,BS AI,7,S2,50,25,51.0,2.22,2.4,22,24,23.0,48,52,29,20.0,23,36,Last-minute crammer,Probation,Not Started,"Needs urgent improvement, counseling recommended.",Shy and inactive,30.15,Poor
S-12394,REG-2026-3394,M,23,BS Data Science,5,S2,50,35,71.0,3.13,2.98,77,75,76.0,59,59,77,75.0,73,77,Last-minute crammer,Good,Ongoing,Good effort but needs more consistency in assignments.,Learning basics of music,72.5,Good
S-12395,REG-2026-3395,F,18,BS Software Eng,8,S2,50,34,69.0,3.23,2.93,73,57,65.0,56,62,70,60.0,58,78,Last-minute crammer,Good,Not Started,Good effort but needs more consistency in assignments.,Average sports player,63.75,Average
S-12396,REG-2026-3396,M,23,BS Data Science,7,S3,50,26,53.0,1.13,1.34,50,43,46.5,39,46,48,20.0,53,40,Needs constant monitoring,Probation,Not Started,Irregular attendance and extremely poor focus in class.,Struggles to participate,42.3,Poor
S-12397,REG-2026-3397,M,18,BS Software Eng,1,S3,50,48,97.0,3.54,3.77,89,80,84.5,93,81,87,82.0,86,83,Regular studier,Excellent,Completed,Shows excellent leadership and analytical skills.,Shows leadership in sports,85.3,Excellent
S-12398,REG-2026-3398,F,22,BS Software Eng,3,S3,50,41,82.0,2.69,2.54,71,56,63.5,57,68,59,68.0,69,59,Occasional studier,Good,Ongoing,"Participates occasionally, can definitely do better.",Participates occasionally,65.7,Good
S-12399,REG-2026-3399,M,25,BS Software Eng,6,S2,50,33,66.0,3.17,2.9,62,56,59.0,62,55,65,62.0,77,76,Last-minute crammer,Warning,Not Started,Understands the basics but struggles with complex logic.,Participates occasionally,66.8,Good
S-12400,REG-2026-3400,F,25,BS Info Tech,8,S1,50,26,72.69,1.48,1.6,28,24,26.0,20,30,50,34.0,23,39,Last-minute crammer,Probation,Not Started,Irregular attendance and extremely poor focus in class.,Struggles to participate,33.2,Poor
S-12401,REG-2026-3401,M,19,BS Info Tech,3,S2,50,39,78.0,3.06,3.33,73,59,66.0,61,72,76,63.0,58,76,Occasional studier,Good,Ongoing,No feedback provided,Participates occasionally,66.85,Good
S-12402,REG-2026-3402,F,18,BS Software Eng,1,S2,50,42,85.0,3.6,3.42,98,99,98.5,93,96,85,98.0,88,95,Regular studier,Excellent,Completed,"Highly proactive, consistent, and quick learner.",Outstanding performer in arts,92.2,Excellent
S-12403,REG-2026-3403,M,21,BS AI,4,S2,50,33,67.0,3.37,3.08,74,59,66.5,77,60,76,72.0,73,71,Occasional studier,Good,Ongoing,Good effort but needs more consistency in assignments.,Average sports player,71.0,Good
S-12404,REG-2026-3404,M,24,BS Software Eng,4,S1,50,39,79.0,2.99,2.99,63,59,61.0,74,71,71,66.0,58,60,Occasional studier,Good,Not Started,Understands the basics but struggles with complex logic.,Participates occasionally,65.2,Good
S-12405,REG-2026-3405,F,19,BS Computer Science,2,S3,50,33,66.0,3.35,3.11,78,63,70.5,61,56,65,57.0,67,59,Last-minute crammer,Warning,Not Started,Understands the basics but struggles with complex logic.,Learning basics of music,62.8,Average
S-12406,REG-2026-3406,M,24,BS Software Eng,3,S1,50,34,69.0,2.98,3.21,59,56,57.5,62,73,74,75.0,66,72,Needs some guidance,Warning,Ongoing,Good effort but needs more consistency in assignments.,Average sports player,69.4,Good
S-12407,REG-2026-3407,F,22,BS Software Eng,7,S1,50,16,32.0,1.8,1.52,38,25,31.5,36,24,23,66.03,40,49,Last-minute crammer,Warning,Not Started,"Needs urgent improvement, counseling recommended.",Shy and inactive,36.3,Poor
S-12408,REG-2026-3408,M,22,BS Software Eng,1,S2,50,34,69.0,2.88,2.76,72,58,65.0,65,69,76,73.0,69,56,Occasional studier,Warning,Ongoing,Understands the basics but struggles with complex logic.,Participates occasionally,68.95,Good
S-12409,REG-2026-3409,M,25,BS Computer Science,3,S1,50,48,97.0,3.63,3.49,80,97,88.5,97,96,93,83.0,95,81,Regular studier,Excellent,Completed,Brilliant understanding of core concepts. A joy to teach.,Outstanding performer in arts,90.55,Excellent
S-12410,REG-2026-3410,M,20,BS Computer Science,4,S1,50,35,70.0,2.83,2.77,68,65,66.5,65,65,77,72.0,59,67,Last-minute crammer,Warning,Not Started,Understands the basics but struggles with complex logic.,Participates occasionally,67.3,Good
S-12411,REG-2026-3411,M,22,BS Computer Science,3,S3,50,36,73.0,3.05,2.84,64,69,66.5,68,72,66,78.0,63,63,Last-minute crammer,Good,Not Started,Average performance. Needs to focus more on lab work.,Participates occasionally,68.45,Good
S-12412,REG-2026-3412,M,24,BS Computer Science,1,S3,50,47,94.0,3.89,3.85,99,89,94.0,87,99,89,83.0,99,84,Very consistent,Excellent,Completed,Shows excellent leadership and analytical skills.,Active club president,91.45,Excellent
S-12413,REG-2026-3413,F,21,BS Info Tech,3,S1,50,32,65.0,3.01,2.99,60,77,68.5,65,71,58,61.0,73,69,Last-minute crammer,Warning,Not Started,"Participates occasionally, can definitely do better.",Learning basics of music,66.5,Good
S-12414,REG-2026-3414,M,25,BS AI,7,S2,50,33,67.0,2.55,2.57,65,57,61.0,67,63,64,65.0,74,61,Needs some guidance,Warning,Ongoing,No feedback provided,Participates occasionally,66.3,Good
S-12415,REG-2026-3415,M,23,BS Info Tech,1,S2,50,37,75.0,3.28,3.52,61,67,64.0,76,65,76,60.0,63,57,Occasional studier,Good,Not Started,No feedback provided,Learning basics of music,65.3,Good
S-12416,REG-2026-3416,F,23,BS Info Tech,3,S1,50,46,93.0,3.82,3.67,87,96,91.5,82,94,86,98.0,90,98,Very consistent,Excellent,Completed,Outstanding performance throughout the semester.,Outstanding performer in arts,92.1,Excellent
S-12417,REG-2026-3417,M,23,BS Data Science,1,S3,50,39,78.0,3.07,2.81,64,69,66.5,73,76,78,77.0,66,78,Last-minute crammer,Warning,Not Started,Good effort but needs more consistency in assignments.,Average sports player,73.2,Good
S-12418,REG-2026-3418,F,24,BS Software Eng,1,S1,50,21,72.69,1.28,1.12,37,36,36.5,25,41,23,28.0,37,47,Rarely studies,Needs Improvement,Not Started,"Needs urgent improvement, counseling recommended.",No interest,34.1,Poor
S-12419,REG-2026-3419,M,22,BS Software Eng,1,S1,50,41,83.0,3.38,3.45,65,74,69.5,59,61,66,55.0,64,66,Occasional studier,Good,Not Started,Good effort but needs more consistency in assignments.,Participates occasionally,63.65,Average
S-12420,REG-2026-3420,F,24,BS Data Science,2,S2,50,37,74.0,3.2,3.48,62,57,59.5,69,77,78,67.0,75,56,Occasional studier,Warning,Not Started,Understands the basics but struggles with complex logic.,Learning basics of music,70.25,Good
S-12421,REG-2026-3421,M,22,BS Data Science,3,S2,50,38,77.0,2.9,3.19,61,68,64.5,60,68,55,77.0,66,63,Occasional studier,Warning,Not Started,Average performance. Needs to focus more on lab work.,Learning basics of music,66.55,Good
S-12422,REG-2026-3422,M,21,BS AI,5,S1,50,49,99.0,3.77,3.69,82,89,85.5,91,88,99,89.0,98,83,Highly focused,Excellent,Completed,Shows excellent leadership and analytical skills.,Active club president,92.3,Excellent
S-12423,REG-2026-3423,M,23,BS Info Tech,7,S1,50,39,79.0,2.77,2.79,78,57,67.5,74,76,59,57.0,59,56,Occasional studier,Warning,Ongoing,Average performance. Needs to focus more on lab work.,Learning basics of music,62.6,Average
S-12424,REG-2026-3424,M,21,BS Software Eng,7,S1,50,16,33.0,1.85,2.1,23,21,22.0,27,53,43,30.0,40,49,Rarely studies,Warning,Not Started,"Needs urgent improvement, counseling recommended.",Shy and inactive,37.85,Poor
S-12425,REG-2026-3425,F,20,BS Computer Science,5,S2,50,45,91.0,3.91,3.68,95,87,91.0,97,88,93,66.03,83,93,Very consistent,Excellent,Completed,No feedback provided,Shows leadership in sports,90.9,Excellent
S-12426,REG-2026-3426,M,22,BS Data Science,4,S1,50,41,82.0,2.67,2.67,76,71,73.5,67,67,57,60.0,70,78,Last-minute crammer,Good,Not Started,No feedback provided,Learning basics of music,67.35,Good
S-12427,REG-2026-3427,M,23,BS Software Eng,3,S1,50,39,78.0,3.04,3.15,65,77,71.0,75,66,60,57.0,70,71,Needs some guidance,Good,Ongoing,Average performance. Needs to focus more on lab work.,Learning basics of music,66.35,Good
S-12428,REG-2026-3428,F,20,BS AI,7,S2,50,47,94.0,3.78,3.56,91,80,85.5,83,94,93,90.0,86,87,Highly focused,Excellent,Completed,Shows excellent leadership and analytical skills.,Active club president,88.95,Excellent
S-12429,REG-2026-3429,M,23,BS Info Tech,7,S3,50,20,40.0,2.26,2.18,50,24,37.0,41,31,46,31.0,47,45,Rarely studies,Needs Improvement,Not Started,No feedback provided,Shy and inactive,40.2,Poor
S-12430,REG-2026-3430,F,21,BS Info Tech,7,S3,50,49,99.0,3.93,3.64,99,85,92.0,99,86,97,94.0,99,90,Very consistent,Excellent,Completed,"Highly proactive, consistent, and quick learner.",Active club president,94.8,Excellent
S-12431,REG-2026-3431,M,18,BS Data Science,7,S3,50,44,88.0,3.86,3.9,81,98,89.5,88,83,81,94.0,95,99,Highly focused,Excellent,Completed,"Highly proactive, consistent, and quick learner.",Shows leadership in sports,90.65,Excellent
S-12432,REG-2026-3432,M,19,BS Software Eng,1,S2,50,41,83.0,2.98,3.02,74,68,71.0,72,63,66,69.0,73,57,Needs some guidance,Warning,Not Started,Good effort but needs more consistency in assignments.,Average sports player,68.8,Good
S-12433,REG-2026-3433,M,21,BS AI,6,S1,50,34,68.0,3.01,3.13,61,60,60.5,78,62,66,61.0,76,72,Last-minute crammer,Good,Not Started,"Participates occasionally, can definitely do better.",Learning basics of music,67.85,Good
S-12434,REG-2026-3434,F,19,BS Data Science,5,S1,50,19,39.0,2.41,2.21,22,43,32.5,31,49,41,25.0,46,31,Rarely studies,Warning,Not Started,Frequently misses deadlines and lacks motivation.,No interest,37.4,Poor
S-12435,REG-2026-3435,F,22,BS Info Tech,6,S3,50,40,81.0,3.28,3.41,61,73,67.0,63,58,74,57.0,76,70,Needs some guidance,Warning,Ongoing,Understands the basics but struggles with complex logic.,Participates occasionally,68.2,Good
S-12436,REG-2026-3436,F,25,BS AI,6,S1,50,34,68.0,2.59,2.91,72,70,71.0,77,72,65,66.0,71,70,Needs some guidance,Good,Not Started,Understands the basics but struggles with complex logic.,Participates occasionally,69.25,Good
S-12437,REG-2026-3437,M,23,BS Data Science,5,S1,50,39,79.0,3.26,3.43,78,66,72.0,69,73,59,63.0,57,65,Last-minute crammer,Good,Not Started,Understands the basics but struggles with complex logic.,Average sports player,64.1,Average
S-12438,REG-2026-3438,M,25,BS Software Eng,5,S2,50,30,61.0,2.48,2.52,21,42,31.5,49,23,44,52.0,34,48,Rarely studies,Needs Improvement,Not Started,Frequently misses deadlines and lacks motivation.,Shy and inactive,41.25,Poor
S-12439,REG-2026-3439,M,22,BS Data Science,6,S1,50,33,67.0,2.85,3.02,75,57,66.0,64,71,77,62.0,68,57,Last-minute crammer,Warning,Not Started,Average performance. Needs to focus more on lab work.,Average sports player,66.9,Good
S-12440,REG-2026-3440,F,24,BS Data Science,2,S2,50,18,37.0,1.35,1.65,31,24,27.5,30,20,48,48.0,20,27,Last-minute crammer,Warning,Not Started,Irregular attendance and extremely poor focus in class.,No interest,32.6,Poor
S-12441,REG-2026-3441,F,25,BS Info Tech,8,S3,50,48,97.0,3.59,3.67,80,80,80.0,92,91,84,83.0,84,99,Very consistent,Excellent,Completed,Shows excellent leadership and analytical skills.,Outstanding performer in arts,86.65,Excellent
S-12442,REG-2026-3442,F,23,BS Software Eng,1,S2,50,20,40.0,1.01,1.31,44,39,41.5,38,28,43,30.0,27,40,Needs constant monitoring,Probation,Not Started,"Needs urgent improvement, counseling recommended.",Struggles to participate,34.05,Poor
S-12443,REG-2026-3443,F,22,BS Info Tech,7,S2,50,32,65.0,3.03,3.15,76,61,68.5,78,75,76,77.0,64,68,Occasional studier,Good,Not Started,Average performance. Needs to focus more on lab work.,Participates occasionally,71.1,Good
S-12444,REG-2026-3444,M,21,BS AI,8,S3,50,48,72.69,3.72,3.74,86,83,84.5,91,98,94,66.03,88,98,Regular studier,Excellent,Completed,Brilliant understanding of core concepts. A joy to teach.,Active club president,92.9,Excellent
S-12445,REG-2026-3445,M,23,BS Info Tech,4,S3,50,28,56.0,2.04,1.91,25,44,34.5,26,50,42,20.0,48,34,Needs constant monitoring,Probation,Not Started,Lacks fundamental understanding of the subject matter.,Struggles to participate,38.25,Poor
S-12446,REG-2026-3446,M,24,BS Info Tech,2,S1,50,44,88.0,3.79,2.91,86,89,87.5,87,87,97,91.0,93,84,Very consistent,Excellent,Completed,Outstanding performance throughout the semester.,Active club president,90.6,Excellent
S-12447,REG-2026-3447,F,25,BS AI,6,S1,50,37,75.0,2.6,2.49,76,59,67.5,56,64,70,76.0,60,61,Needs some guidance,Warning,Not Started,Good effort but needs more consistency in assignments.,Learning basics of music,66.5,Good
S-12448,REG-2026-3448,M,22,BS AI,6,S3,50,23,46.0,1.1,1.04,31,37,34.0,34,28,42,22.0,21,45,Needs constant monitoring,Warning,Not Started,Frequently misses deadlines and lacks motivation.,Shy and inactive,30.65,Poor
S-12449,REG-2026-3449,F,25,BS AI,8,S1,50,36,72.0,2.78,2.62,56,72,64.0,69,77,64,69.0,68,60,Needs some guidance,Good,Ongoing,"Participates occasionally, can definitely do better.",Learning basics of music,67.55,Good
S-12450,REG-2026-3450,F,19,BS Info Tech,6,S2,50,45,90.0,4.0,3.78,89,84,86.5,93,99,84,89.0,95,99,Highly focused,Excellent,Completed,Shows excellent leadership and analytical skills.,Shows leadership in sports,91.75,Excellent
S-12451,REG-2026-3451,M,24,BS Data Science,7,S1,50,38,72.69,2.95,2.75,65,59,62.0,61,77,78,68.0,55,74,Needs some guidance,Warning,Not Started,Good effort but needs more consistency in assignments.,Participates occasionally,67.25,Good
S-12452,REG-2026-3452,M,21,BS Info Tech,8,S3,50,41,83.0,3.32,3.51,58,62,60.0,61,66,78,60.0,73,78,Last-minute crammer,Warning,Ongoing,"Participates occasionally, can definitely do better.",Average sports player,69.55,Good
S-12453,REG-2026-3453,M,20,BS Computer Science,6,S1,50,33,67.0,2.78,2.53,57,73,65.0,66,71,57,61.0,61,61,Needs some guidance,Good,Ongoing,Average performance. Needs to focus more on lab work.,Average sports player,62.35,Average
S-12454,REG-2026-3454,M,24,BS Info Tech,5,S1,50,36,73.0,2.79,2.6,55,62,58.5,58,57,74,57.0,69,78,Occasional studier,Good,Not Started,Average performance. Needs to focus more on lab work.,Learning basics of music,65.65,Good
S-12455,REG-2026-3455,M,25,BS Data Science,5,S1,50,45,91.0,3.77,2.91,89,92,90.5,80,93,87,80.0,80,91,Regular studier,Excellent,Completed,Brilliant understanding of core concepts. A joy to teach.,Shows leadership in sports,85.05,Excellent
S-12456,REG-2026-3456,F,18,BS Computer Science,4,S3,50,34,69.0,3.47,3.73,70,57,63.5,65,69,62,75.0,72,64,Occasional studier,Warning,Not Started,"Participates occasionally, can definitely do better.",Participates occasionally,68.65,Good
S-12457,REG-2026-3457,M,18,BS Computer Science,4,S3,50,41,82.0,3.28,3.2,58,77,67.5,63,70,76,57.0,64,58,Occasional studier,Good,Ongoing,"Participates occasionally, can definitely do better.",Participates occasionally,65.6,Good
S-12458,REG-2026-3458,F,24,BS Computer Science,7,S1,50,32,65.0,2.6,2.63,68,68,68.0,71,64,75,71.0,68,69,Last-minute crammer,Warning,Not Started,"Participates occasionally, can definitely do better.",Learning basics of music,69.35,Good
S-12459,REG-2026-3459,F,19,BS AI,2,S2,50,37,74.0,3.26,2.91,57,66,61.5,61,68,71,61.0,71,76,Needs some guidance,Good,Not Started,Understands the basics but struggles with complex logic.,Average sports player,67.9,Good
S-12460,REG-2026-3460,F,21,BS Data Science,4,S2,50,32,65.0,3.09,3.08,63,69,66.0,65,77,75,64.0,68,63,Occasional studier,Warning,Not Started,"Participates occasionally, can definitely do better.",Participates occasionally,68.15,Good
S-12461,REG-2026-3461,M,19,BS Computer Science,8,S1,50,42,85.0,4.0,3.78,92,89,90.5,97,88,97,81.0,84,95,Highly focused,Excellent,Completed,Shows excellent leadership and analytical skills.,Shows leadership in sports,88.2,Excellent
S-12462,REG-2026-3462,F,25,BS Computer Science,4,S2,50,27,55.0,1.7,1.72,49,20,34.5,26,53,27,32.0,20,30,Rarely studies,Warning,Not Started,Irregular attendance and extremely poor focus in class.,No interest,31.25,Poor
S-12463,REG-2026-3463,M,18,BS AI,1,S3,50,17,35.0,2.33,2.37,30,37,33.5,32,24,46,32.0,50,38,Needs constant monitoring,Warning,Not Started,Irregular attendance and extremely poor focus in class.,No interest,38.7,Poor
S-12464,REG-2026-3464,M,18,BS Info Tech,6,S3,50,37,74.0,2.84,2.57,58,60,59.0,66,65,66,55.0,63,64,Last-minute crammer,Warning,Not Started,Understands the basics but struggles with complex logic.,Learning basics of music,62.45,Average
S-12465,REG-2026-3465,M,18,BS Data Science,5,S2,50,38,76.0,3.19,3.22,60,77,68.5,76,72,75,78.0,55,75,Occasional studier,Good,Ongoing,Average performance. Needs to focus more on lab work.,Average sports player,69.75,Good
S-12466,REG-2026-3466,M,21,BS AI,5,S1,50,32,65.0,2.9,2.64,70,57,63.5,68,75,65,67.0,65,55,Occasional studier,Warning,Ongoing,Good effort but needs more consistency in assignments.,Learning basics of music,65.4,Good
S-12467,REG-2026-3467,F,23,BS Computer Science,7,S3,50,24,49.0,1.56,1.63,47,38,42.5,45,42,21,29.0,35,44,Needs constant monitoring,Probation,Not Started,Lacks fundamental understanding of the subject matter.,No interest,35.25,Poor
S-12468,REG-2026-3468,M,25,BS Software Eng,5,S3,50,40,80.0,2.69,2.44,75,68,71.5,76,60,62,67.0,69,62,Occasional studier,Warning,Ongoing,Understands the basics but struggles with complex logic.,Average sports player,67.1,Good
S-12469,REG-2026-3469,F,19,BS Data Science,3,S2,50,30,61.0,1.05,1.02,27,42,34.5,42,47,23,44.0,51,51,Last-minute crammer,Needs Improvement,Not Started,Irregular attendance and extremely poor focus in class.,Struggles to participate,43.4,Poor
S-12470,REG-2026-3470,M,21,BS Info Tech,1,S2,50,34,69.0,3.43,3.51,71,66,68.5,60,72,57,78.0,71,61,Needs some guidance,Warning,Not Started,Understands the basics but struggles with complex logic.,Participates occasionally,68.5,Good
S-12471,REG-2026-3471,F,18,BS Data Science,3,S3,50,22,44.0,1.34,1.12,41,29,35.0,38,26,43,28.0,37,27,Needs constant monitoring,Warning,Not Started,"Needs urgent improvement, counseling recommended.",Shy and inactive,34.2,Poor
S-12472,REG-2026-3472,F,20,BS AI,6,S2,50,45,90.0,3.63,3.38,96,80,88.0,94,89,98,66.03,81,88,Very consistent,Excellent,Completed,Shows excellent leadership and analytical skills.,Outstanding performer in arts,90.45,Excellent
S-12473,REG-2026-3473,F,22,BS Info Tech,1,S3,50,30,60.0,1.59,1.38,31,38,34.5,41,29,24,42.0,39,36,Last-minute crammer,Needs Improvement,Not Started,"Needs urgent improvement, counseling recommended.",Shy and inactive,36.75,Poor
S-12474,REG-2026-3474,M,22,BS Software Eng,7,S2,50,42,85.0,3.74,3.55,93,92,92.5,87,92,94,87.0,84,82,Regular studier,Excellent,Completed,Outstanding performance throughout the semester.,Shows leadership in sports,87.75,Excellent
S-12475,REG-2026-3475,M,19,BS Data Science,1,S1,50,25,51.0,1.3,1.59,29,51,40.0,43,27,20,29.0,35,40,Rarely studies,Warning,Not Started,Lacks fundamental understanding of the subject matter.,Shy and inactive,32.95,Poor
S-12476,REG-2026-3476,M,20,BS Info Tech,8,S2,50,44,88.0,3.64,3.51,94,80,87.0,88,96,94,83.0,94,93,Very consistent,Excellent,Completed,"Highly proactive, consistent, and quick learner.",Shows leadership in sports,90.6,Excellent
S-12477,REG-2026-3477,F,23,BS AI,1,S2,50,34,68.0,3.38,3.55,62,57,59.5,63,72,67,74.0,57,55,Last-minute crammer,Good,Ongoing,Good effort but needs more consistency in assignments.,Participates occasionally,64.3,Average
S-12478,REG-2026-3478,F,25,BS AI,1,S1,50,28,57.0,1.08,1.06,51,20,35.5,32,22,25,20.0,40,46,Last-minute crammer,Probation,Not Started,Frequently misses deadlines and lacks motivation.,No interest,32.55,Poor
S-12479,REG-2026-3479,F,21,BS Software Eng,5,S3,50,20,40.0,1.7,1.85,26,32,29.0,28,50,26,37.0,35,35,Rarely studies,Warning,Not Started,Irregular attendance and extremely poor focus in class.,Struggles to participate,34.85,Poor
S-12480,REG-2026-3480,M,22,BS Software Eng,4,S1,50,36,72.0,3.08,3.12,64,76,70.0,60,58,74,66.03,69,64,Last-minute crammer,Warning,Ongoing,Understands the basics but struggles with complex logic.,Average sports player,65.75,Good
S-12481,REG-2026-3481,F,18,BS AI,4,S3,50,32,65.0,3.21,3.44,58,63,60.5,75,72,63,59.0,60,57,Needs some guidance,Good,Not Started,"Participates occasionally, can definitely do better.",Learning basics of music,62.2,Average
S-12482,REG-2026-3482,M,19,BS Software Eng,6,S3,50,41,83.0,2.72,2.56,71,58,64.5,57,69,71,61.0,57,75,Needs some guidance,Warning,Not Started,Understands the basics but struggles with complex logic.,Average sports player,64.95,Average
S-12483,REG-2026-3483,F,19,BS AI,3,S1,50,44,89.0,3.66,3.38,89,99,94.0,98,85,87,88.0,88,84,Regular studier,Excellent,Completed,Outstanding performance throughout the semester.,Shows leadership in sports,88.3,Excellent
S-12484,REG-2026-3484,F,23,BS Data Science,5,S2,50,44,89.0,3.54,3.75,93,82,87.5,86,86,97,92.0,84,87,Highly focused,Excellent,Completed,"Highly proactive, consistent, and quick learner.",Shows leadership in sports,88.75,Excellent
S-12485,REG-2026-3485,F,20,BS Software Eng,4,S3,50,37,75.0,2.58,2.55,69,64,66.5,65,74,77,75.0,73,78,Occasional studier,Warning,Ongoing,Understands the basics but struggles with complex logic.,Learning basics of music,73.65,Good
S-12486,REG-2026-3486,F,19,BS Computer Science,6,S1,50,40,81.0,3.12,3.13,75,60,67.5,71,60,68,68.0,58,60,Last-minute crammer,Warning,Ongoing,Understands the basics but struggles with complex logic.,Learning basics of music,64.65,Average
S-12487,REG-2026-3487,F,23,BS Computer Science,8,S1,50,34,68.0,3.43,3.54,62,62,62.0,69,61,63,69.0,67,67,Needs some guidance,Warning,Not Started,Understands the basics but struggles with complex logic.,Learning basics of music,65.85,Good
S-12488,REG-2026-3488,F,19,BS Computer Science,7,S3,50,46,92.0,3.8,4.0,87,88,87.5,91,88,85,95.0,95,89,Highly focused,Excellent,Completed,"Highly proactive, consistent, and quick learner.",Outstanding performer in arts,91.1,Excellent
S-12489,REG-2026-3489,M,22,BS Computer Science,1,S3,50,15,31.0,2.03,2.09,22,44,33.0,26,42,53,37.0,31,24,Rarely studies,Needs Improvement,Not Started,Irregular attendance and extremely poor focus in class.,No interest,35.85,Poor
S-12490,REG-2026-3490,F,18,BS Software Eng,1,S3,50,39,79.0,2.78,2.57,67,76,71.5,68,70,61,67.0,74,55,Last-minute crammer,Warning,Not Started,Average performance. Needs to focus more on lab work.,Average sports player,68.05,Good
S-12491,REG-2026-3491,M,23,BS Computer Science,2,S1,50,46,93.0,3.82,3.89,97,87,92.0,84,95,82,84.0,92,81,Regular studier,Excellent,Completed,Outstanding performance throughout the semester.,Active club president,87.75,Excellent
S-12492,REG-2026-3492,M,25,BS Computer Science,5,S1,50,17,35.0,2.39,2.54,24,28,26.0,20,30,52,28.0,42,26,Rarely studies,Probation,Not Started,Frequently misses deadlines and lacks motivation.,Shy and inactive,34.85,Poor
S-12493,REG-2026-3493,M,24,BS Info Tech,2,S3,50,33,67.0,2.93,2.91,69,73,71.0,65,74,76,64.0,65,69,Needs some guidance,Warning,Ongoing,No feedback provided,Learning basics of music,68.45,Good
S-12494,REG-2026-3494,F,18,BS Computer Science,3,S3,50,15,30.0,1.42,1.4,41,23,32.0,34,21,23,48.0,43,31,Last-minute crammer,Needs Improvement,Not Started,Irregular attendance and extremely poor focus in class.,No interest,35.4,Poor
S-12495,REG-2026-3495,F,21,BS Software Eng,5,S2,50,32,65.0,3.13,3.33,75,56,65.5,73,72,62,64.0,68,71,Occasional studier,Warning,Not Started,Understands the basics but struggles with complex logic.,Learning basics of music,66.85,Good
S-12496,REG-2026-3496,F,18,BS Info Tech,1,S2,50,45,91.0,3.91,3.87,90,80,85.0,87,82,90,94.0,98,95,Very consistent,Excellent,Completed,Brilliant understanding of core concepts. A joy to teach.,Outstanding performer in arts,91.9,Excellent
S-12497,REG-2026-3497,M,22,BS Computer Science,3,S2,50,36,72.0,2.89,3.07,67,62,64.5,56,67,58,67.0,65,73,Last-minute crammer,Warning,Ongoing,"Participates occasionally, can definitely do better.",Average sports player,65.2,Good
S-12498,REG-2026-3498,F,25,BS Info Tech,1,S2,50,39,78.0,3.37,3.25,75,70,72.5,69,70,72,76.0,68,71,Last-minute crammer,Good,Ongoing,Average performance. Needs to focus more on lab work.,Learning basics of music,71.7,Good
S-12499,REG-2026-3499,F,23,BS Data Science,4,S3,50,36,72.0,3.12,2.91,77,62,69.5,62,75,69,58.0,60,70,Needs some guidance,Good,Ongoing,Average performance. Needs to focus more on lab work.,Learning basics of music,65.1,Good
S-12500,REG-2026-3500,M,24,BS AI,5,S2,50,16,72.69,2.1,1.88,23,42,32.5,35,39,32,47.0,34,33,Last-minute crammer,Probation,Not Started,"Needs urgent improvement, counseling recommended.",Shy and inactive,36.5,Poor
S-12501,REG-2026-3501,F,25,BS AI,6,S3,50,34,69.0,3.0,3.17,56,72,64.0,69,68,75,70.0,76,56,Last-minute crammer,Warning,Not Started,Average performance. Needs to focus more on lab work.,Participates occasionally,69.95,Good
S-12502,REG-2026-3502,F,19,BS Software Eng,8,S2,50,45,91.0,3.72,3.74,84,99,91.5,89,87,81,95.0,94,80,Regular studier,Excellent,Completed,"Highly proactive, consistent, and quick learner.",Active club president,89.5,Excellent
S-12503,REG-2026-3503,F,18,BS Data Science,7,S3,50,35,70.0,3.48,3.49,67,64,65.5,57,65,56,77.0,61,56,Last-minute crammer,Good,Ongoing,Good effort but needs more consistency in assignments.,Participates occasionally,64.05,Average
S-12504,REG-2026-3504,F,21,BS Software Eng,5,S3,50,39,78.0,2.78,2.73,77,74,75.5,55,67,59,78.0,73,61,Needs some guidance,Warning,Not Started,Average performance. Needs to focus more on lab work.,Participates occasionally,69.7,Good
S-12505,REG-2026-3505,M,18,BS Software Eng,3,S1,50,48,97.0,3.71,3.46,88,97,92.5,92,84,89,92.0,89,98,Very consistent,Excellent,Completed,Brilliant understanding of core concepts. A joy to teach.,Shows leadership in sports,90.9,Excellent
S-12506,REG-2026-3506,F,20,BS AI,5,S2,50,35,71.0,2.9,3.12,78,77,77.5,65,64,55,73.0,57,63,Last-minute crammer,Good,Not Started,"Participates occasionally, can definitely do better.",Average sports player,64.35,Average
S-12507,REG-2026-3507,M,23,BS Data Science,7,S3,50,46,93.0,3.82,3.84,96,97,96.5,99,85,90,96.0,80,92,Very consistent,Excellent,Completed,Brilliant understanding of core concepts. A joy to teach.,Outstanding performer in arts,89.65,Excellent
S-12508,REG-2026-3508,F,22,BS AI,1,S2,50,41,83.0,2.55,2.64,67,63,65.0,70,67,56,70.0,57,61,Needs some guidance,Good,Ongoing,"Participates occasionally, can definitely do better.",Average sports player,63.6,Average
S-12509,REG-2026-3509,F,22,BS Computer Science,4,S1,50,49,98.0,3.65,3.8,98,91,94.5,95,97,91,95.0,92,90,Highly focused,Excellent,Completed,Brilliant understanding of core concepts. A joy to teach.,Shows leadership in sports,93.45,Excellent
S-12510,REG-2026-3510,F,22,BS Computer Science,7,S3,50,41,83.0,3.22,3.15,74,70,72.0,76,64,60,75.0,65,61,Needs some guidance,Warning,Not Started,Understands the basics but struggles with complex logic.,Learning basics of music,67.9,Good
S-12511,REG-2026-3511,M,24,BS Software Eng,5,S1,50,48,96.0,3.59,3.88,86,97,91.5,84,94,81,91.0,96,98,Very consistent,Excellent,Completed,"Highly proactive, consistent, and quick learner.",Shows leadership in sports,91.7,Excellent
S-12512,REG-2026-3512,M,21,BS Computer Science,6,S3,50,23,46.0,2.24,2.5,30,38,34.0,53,45,50,30.0,41,39,Last-minute crammer,Needs Improvement,Not Started,"Needs urgent improvement, counseling recommended.",Struggles to participate,40.5,Poor
S-12513,REG-2026-3513,F,21,BS Computer Science,3,S3,50,36,73.0,3.02,3.08,68,72,70.0,74,58,77,58.0,63,68,Occasional studier,Good,Ongoing,"Participates occasionally, can definitely do better.",Learning basics of music,65.85,Good
S-12514,REG-2026-3514,M,22,BS AI,3,S1,50,40,72.69,3.02,3.28,59,63,61.0,60,68,68,70.0,67,59,Last-minute crammer,Warning,Ongoing,"Participates occasionally, can definitely do better.",Learning basics of music,66.8,Good
S-12515,REG-2026-3515,M,19,BS Computer Science,7,S1,50,46,92.0,3.7,3.41,81,88,84.5,89,92,86,89.0,86,84,Regular studier,Excellent,Completed,Brilliant understanding of core concepts. A joy to teach.,Outstanding performer in arts,87.3,Excellent
S-12516,REG-2026-3516,M,22,BS AI,8,S3,50,36,73.0,2.52,2.57,70,55,62.5,74,76,70,62.0,78,76,Last-minute crammer,Good,Not Started,Average performance. Needs to focus more on lab work.,Learning basics of music,71.2,Good
S-12517,REG-2026-3517,M,19,BS Info Tech,5,S3,50,21,43.0,1.15,1.42,33,35,34.0,46,37,38,37.0,22,23,Needs constant monitoring,Probation,Not Started,Frequently misses deadlines and lacks motivation.,Shy and inactive,32.45,Poor
S-12518,REG-2026-3518,F,23,BS Software Eng,4,S2,50,40,80.0,3.46,3.51,62,58,60.0,65,73,62,74.0,72,57,Occasional studier,Warning,Not Started,"Participates occasionally, can definitely do better.",Average sports player,68.35,Good
S-12519,REG-2026-3519,F,20,BS Data Science,6,S1,50,48,96.0,3.86,3.64,98,80,89.0,81,83,91,81.0,94,96,Highly focused,Excellent,Completed,Shows excellent leadership and analytical skills.,Outstanding performer in arts,89.0,Excellent
S-12520,REG-2026-3520,F,18,BS AI,2,S3,50,43,87.0,3.76,3.66,85,84,84.5,93,82,86,95.0,92,81,Highly focused,Excellent,Completed,Outstanding performance throughout the semester.,Active club president,88.65,Excellent
S-12521,REG-2026-3521,M,19,BS Info Tech,1,S3,50,34,68.0,3.28,3.47,66,58,62.0,59,69,59,64.0,58,72,Last-minute crammer,Good,Not Started,"Participates occasionally, can definitely do better.",Average sports player,62.8,Average
S-12522,REG-2026-3522,F,24,BS AI,6,S2,50,15,30.0,2.25,2.1,46,29,37.5,31,31,46,48.0,51,40,Rarely studies,Warning,Not Started,"Needs urgent improvement, counseling recommended.",No interest,43.15,Poor
S-12523,REG-2026-3523,F,19,BS Data Science,6,S3,50,45,91.0,3.9,3.96,80,97,88.5,85,93,91,91.0,92,99,Regular studier,Excellent,Completed,"Highly proactive, consistent, and quick learner.",Outstanding performer in arts,91.7,Excellent
S-12524,REG-2026-3524,M,20,BS Computer Science,2,S1,50,16,32.0,1.68,1.83,25,30,27.5,45,45,43,49.0,32,31,Last-minute crammer,Probation,Not Started,Frequently misses deadlines and lacks motivation.,No interest,38.45,Poor
S-12525,REG-2026-3525,M,24,BS AI,6,S1,50,35,72.69,3.03,2.73,62,67,64.5,74,74,65,55.0,74,73,Occasional studier,Good,Not Started,Understands the basics but struggles with complex logic.,Learning basics of music,67.65,Good
S-12526,REG-2026-3526,M,21,BS Info Tech,8,S1,50,41,82.0,2.81,2.94,66,55,60.5,55,57,59,70.0,70,78,Occasional studier,Good,Ongoing,Good effort but needs more consistency in assignments.,Learning basics of music,66.75,Good
S-12527,REG-2026-3527,M,20,BS Computer Science,1,S3,50,45,90.0,3.58,3.64,89,81,85.0,98,80,95,90.0,96,87,Regular studier,Excellent,Completed,Brilliant understanding of core concepts. A joy to teach.,Active club president,90.85,Excellent
S-12528,REG-2026-3528,F,23,BS Info Tech,2,S1,50,33,67.0,3.36,3.42,57,74,65.5,58,58,73,70.0,60,78,Needs some guidance,Warning,Not Started,Average performance. Needs to focus more on lab work.,Participates occasionally,66.35,Good
S-12529,REG-2026-3529,F,18,BS Data Science,4,S3,50,39,79.0,2.62,2.91,58,58,58.0,66,70,68,73.0,56,60,Occasional studier,Warning,Ongoing,Average performance. Needs to focus more on lab work.,Average sports player,64.85,Average
S-12530,REG-2026-3530,M,22,BS Data Science,5,S1,50,43,87.0,3.64,3.52,82,91,86.5,97,84,80,80.0,91,87,Regular studier,Excellent,Completed,Outstanding performance throughout the semester.,Active club president,85.7,Excellent
S-12531,REG-2026-3531,F,24,BS Info Tech,5,S2,50,41,82.0,2.75,2.62,64,57,60.5,69,64,59,73.0,62,69,Occasional studier,Good,Ongoing,Average performance. Needs to focus more on lab work.,Participates occasionally,65.85,Good
S-12532,REG-2026-3532,F,22,BS AI,4,S1,50,41,83.0,3.44,3.67,74,72,73.0,60,58,57,64.0,71,77,Needs some guidance,Good,Ongoing,Good effort but needs more consistency in assignments.,Participates occasionally,67.05,Good
S-12533,REG-2026-3533,M,20,BS Data Science,2,S3,50,23,47.0,2.23,2.1,38,40,39.0,29,27,29,22.0,41,22,Needs constant monitoring,Warning,Not Started,Lacks fundamental understanding of the subject matter.,No interest,31.6,Poor
S-12534,REG-2026-3534,M,24,BS Computer Science,7,S1,50,44,88.0,3.91,3.88,92,90,91.0,89,88,97,96.0,94,84,Very consistent,Excellent,Completed,"Highly proactive, consistent, and quick learner.",Shows leadership in sports,92.4,Excellent
S-12535,REG-2026-3535,F,18,BS Info Tech,1,S1,50,35,71.0,3.34,3.63,73,69,71.0,68,66,74,61.0,68,65,Last-minute crammer,Good,Not Started,"Participates occasionally, can definitely do better.",Learning basics of music,67.45,Good
S-12536,REG-2026-3536,M,24,BS Computer Science,2,S2,50,47,94.0,3.73,3.95,99,86,92.5,96,91,83,83.0,98,83,Very consistent,Excellent,Completed,Outstanding performance throughout the semester.,Active club president,89.7,Excellent
S-12537,REG-2026-3537,M,18,BS Software Eng,6,S1,50,35,71.0,2.68,2.67,60,65,62.5,60,59,57,72.0,78,77,Last-minute crammer,Good,Ongoing,Average performance. Needs to focus more on lab work.,Participates occasionally,68.85,Good
S-12538,REG-2026-3538,F,19,BS Software Eng,5,S3,50,29,59.0,1.35,1.24,27,39,33.0,36,53,34,44.0,34,36,Last-minute crammer,Probation,Not Started,Frequently misses deadlines and lacks motivation.,No interest,39.35,Poor
S-12539,REG-2026-3539,M,23,BS Info Tech,5,S3,50,40,81.0,3.41,3.51,64,73,68.5,69,75,56,68.0,78,68,Needs some guidance,Good,Ongoing,Understands the basics but struggles with complex logic.,Learning basics of music,70.15,Good
S-12540,REG-2026-3540,M,18,BS Software Eng,6,S3,50,37,74.0,3.34,3.05,61,61,61.0,68,63,76,78.0,61,65,Occasional studier,Good,Ongoing,Average performance. Needs to focus more on lab work.,Average sports player,68.25,Good
S-12541,REG-2026-3541,F,24,BS Info Tech,1,S2,50,38,76.0,3.26,3.29,59,57,58.0,66,65,78,61.0,68,61,Occasional studier,Warning,Ongoing,Understands the basics but struggles with complex logic.,Learning basics of music,66.4,Good
S-12542,REG-2026-3542,M,20,BS Data Science,1,S2,50,24,49.0,2.16,2.11,38,29,33.5,42,46,22,37.0,53,28,Needs constant monitoring,Needs Improvement,Not Started,Frequently misses deadlines and lacks motivation.,Shy and inactive,39.25,Poor
S-12543,REG-2026-3543,M,24,BS Computer Science,6,S1,50,16,32.0,2.27,2.05,27,49,38.0,53,51,43,23.0,28,21,Last-minute crammer,Probation,Not Started,"Needs urgent improvement, counseling recommended.",Struggles to participate,33.3,Poor
S-12544,REG-2026-3544,M,21,BS Computer Science,8,S3,50,40,80.0,3.22,2.91,58,68,63.0,71,59,61,65.0,62,60,Last-minute crammer,Good,Not Started,Average performance. Needs to focus more on lab work.,Participates occasionally,63.4,Average
S-12545,REG-2026-3545,M,20,BS Computer Science,8,S3,50,49,98.0,3.59,3.7,90,99,94.5,92,91,92,87.0,94,91,Highly focused,Excellent,Completed,Outstanding performance throughout the semester.,Shows leadership in sports,91.85,Excellent
S-12546,REG-2026-3546,M,24,BS Info Tech,7,S2,50,43,87.0,3.93,3.94,90,94,92.0,98,96,97,82.0,97,85,Highly focused,Excellent,Completed,Brilliant understanding of core concepts. A joy to teach.,Outstanding performer in arts,91.75,Excellent
S-12547,REG-2026-3547,M,22,BS Info Tech,2,S1,50,35,72.69,2.51,2.37,70,76,73.0,63,69,77,73.0,71,77,Occasional studier,Warning,Not Started,Average performance. Needs to focus more on lab work.,Average sports player,72.5,Good
S-12548,REG-2026-3548,F,25,BS AI,7,S2,50,21,42.0,2.38,2.51,24,29,26.5,30,22,52,28.0,24,51,Rarely studies,Needs Improvement,Not Started,Irregular attendance and extremely poor focus in class.,Struggles to participate,32.95,Poor
S-12549,REG-2026-3549,F,20,BS Info Tech,1,S3,50,37,74.0,3.15,2.91,76,67,71.5,77,58,58,75.0,65,55,Needs some guidance,Warning,Ongoing,Average performance. Needs to focus more on lab work.,Learning basics of music,65.95,Good
S-12550,REG-2026-3550,M,18,BS Computer Science,8,S3,50,41,82.0,3.19,2.94,77,58,67.5,71,73,57,71.0,62,61,Last-minute crammer,Warning,Ongoing,Good effort but needs more consistency in assignments.,Average sports player,66.05,Good
S-12551,REG-2026-3551,M,24,BS Software Eng,3,S1,50,46,93.0,3.66,3.5,95,92,93.5,91,92,97,83.0,96,80,Very consistent,Excellent,Completed,Brilliant understanding of core concepts. A joy to teach.,Active club president,90.9,Excellent
S-12552,REG-2026-3552,F,22,BS AI,2,S1,50,39,78.0,3.12,3.01,73,70,71.5,64,57,64,62.0,71,65,Occasional studier,Warning,Ongoing,"Participates occasionally, can definitely do better.",Participates occasionally,66.2,Good
S-12553,REG-2026-3553,F,21,BS AI,8,S1,50,36,72.0,2.81,2.66,71,70,70.5,57,57,74,64.0,63,70,Last-minute crammer,Warning,Not Started,Good effort but needs more consistency in assignments.,Learning basics of music,65.85,Good
S-12554,REG-2026-3554,M,24,BS Data Science,4,S3,50,41,82.0,2.74,2.98,67,76,71.5,70,76,73,55.0,69,65,Last-minute crammer,Warning,Not Started,"Participates occasionally, can definitely do better.",Participates occasionally,68.05,Good
S-12555,REG-2026-3555,M,18,BS Info Tech,8,S3,50,37,75.0,2.55,2.85,55,71,63.0,57,64,63,72.0,74,75,Last-minute crammer,Warning,Not Started,Good effort but needs more consistency in assignments.,Average sports player,69.15,Good
S-12556,REG-2026-3556,M,25,BS Info Tech,7,S1,50,34,69.0,3.41,3.28,55,56,55.5,62,72,77,58.0,55,59,Needs some guidance,Warning,Ongoing,"Participates occasionally, can definitely do better.",Participates occasionally,62.1,Average
S-12557,REG-2026-3557,F,19,BS Computer Science,6,S3,50,46,93.0,3.77,3.79,94,92,93.0,90,80,99,87.0,97,98,Very consistent,Excellent,Completed,Brilliant understanding of core concepts. A joy to teach.,Outstanding performer in arts,92.75,Excellent
S-12558,REG-2026-3558,F,20,BS Data Science,1,S2,50,46,92.0,3.57,3.78,87,86,86.5,95,91,93,85.0,99,93,Highly focused,Excellent,Completed,Shows excellent leadership and analytical skills.,Active club president,92.1,Excellent
S-12559,REG-2026-3559,F,25,BS Info Tech,5,S1,50,48,96.0,3.73,3.8,82,92,87.0,83,94,82,84.0,95,84,Very consistent,Excellent,Completed,Shows excellent leadership and analytical skills.,Outstanding performer in arts,88.3,Excellent
S-12560,REG-2026-3560,M,23,BS Info Tech,5,S2,50,27,54.0,1.22,1.29,41,31,36.0,28,48,43,39.0,33,22,Rarely studies,Warning,Not Started,Frequently misses deadlines and lacks motivation.,No interest,37.2,Poor
S-12561,REG-2026-3561,F,22,BS Computer Science,8,S3,50,40,80.0,2.78,2.59,77,70,73.5,69,78,78,70.0,72,56,Needs some guidance,Warning,Not Started,Good effort but needs more consistency in assignments.,Participates occasionally,71.9,Good
S-12562,REG-2026-3562,F,23,BS AI,3,S1,50,40,80.0,2.86,2.89,78,72,75.0,64,67,67,56.0,63,55,Occasional studier,Good,Not Started,"Participates occasionally, can definitely do better.",Participates occasionally,63.9,Average
S-12563,REG-2026-3563,M,23,BS Software Eng,4,S2,50,37,75.0,2.92,2.8,57,77,67.0,75,69,69,61.0,69,75,Needs some guidance,Good,Not Started,"Participates occasionally, can definitely do better.",Learning basics of music,68.4,Good
S-12564,REG-2026-3564,M,23,BS Computer Science,2,S3,50,23,47.0,2.22,2.43,50,22,36.0,48,41,21,36.0,25,46,Needs constant monitoring,Warning,Not Started,"Needs urgent improvement, counseling recommended.",No interest,33.65,Poor
S-12565,REG-2026-3565,F,19,BS Info Tech,7,S2,50,46,92.0,3.62,3.83,90,91,90.5,85,96,99,92.0,97,95,Regular studier,Excellent,Completed,Brilliant understanding of core concepts. A joy to teach.,Active club president,94.5,Excellent
S-12566,REG-2026-3566,M,24,BS Software Eng,6,S2,50,46,93.0,3.53,3.47,87,93,90.0,90,85,81,98.0,95,97,Regular studier,Excellent,Completed,"Highly proactive, consistent, and quick learner.",Outstanding performer in arts,91.85,Excellent
S-12567,REG-2026-3567,F,25,BS Software Eng,1,S3,50,38,76.0,2.59,2.82,63,57,60.0,73,66,58,70.0,71,78,Needs some guidance,Good,Ongoing,"Participates occasionally, can definitely do better.",Learning basics of music,68.3,Good
S-12568,REG-2026-3568,F,19,BS AI,7,S2,50,39,79.0,2.76,2.99,56,59,57.5,70,60,62,76.0,62,60,Occasional studier,Good,Ongoing,Average performance. Needs to focus more on lab work.,Average sports player,65.2,Good
S-12569,REG-2026-3569,M,20,BS Computer Science,6,S2,50,34,69.0,2.7,2.74,60,68,64.0,70,56,71,69.0,77,66,Occasional studier,Good,Not Started,Good effort but needs more consistency in assignments.,Participates occasionally,69.25,Good
S-12570,REG-2026-3570,M,23,BS AI,4,S1,50,17,35.0,1.69,1.58,41,27,34.0,40,42,35,51.0,36,29,Last-minute crammer,Probation,Not Started,"Needs urgent improvement, counseling recommended.",Shy and inactive,38.7,Poor
S-12571,REG-2026-3571,F,25,BS Computer Science,1,S2,50,47,94.0,3.67,3.57,81,81,81.0,91,83,84,87.0,92,89,Regular studier,Excellent,Completed,"Highly proactive, consistent, and quick learner.",Active club president,87.55,Excellent
S-12572,REG-2026-3572,M,19,BS Software Eng,2,S1,50,37,75.0,3.25,3.16,63,75,69.0,55,65,70,77.0,60,60,Needs some guidance,Good,Ongoing,Average performance. Needs to focus more on lab work.,Participates occasionally,66.8,Good
S-12573,REG-2026-3573,F,18,BS Info Tech,1,S1,50,33,66.0,2.6,2.31,75,66,70.5,72,74,67,56.0,58,55,Last-minute crammer,Good,Ongoing,"Participates occasionally, can definitely do better.",Learning basics of music,62.6,Average
S-12574,REG-2026-3574,M,20,BS Software Eng,6,S2,50,38,77.0,2.58,2.6,75,58,66.5,65,60,55,72.0,65,69,Needs some guidance,Warning,Ongoing,Average performance. Needs to focus more on lab work.,Learning basics of music,65.55,Good
S-12575,REG-2026-3575,M,24,BS Computer Science,1,S2,50,33,66.0,3.43,3.29,70,73,71.5,77,73,58,66.03,78,66,Needs some guidance,Good,Ongoing,Average performance. Needs to focus more on lab work.,Average sports player,70.0,Good
S-12576,REG-2026-3576,F,18,BS Software Eng,3,S1,50,49,99.0,3.74,3.91,85,91,88.0,80,82,91,90.0,92,83,Highly focused,Excellent,Completed,Shows excellent leadership and analytical skills.,Active club president,88.9,Excellent
S-12577,REG-2026-3577,M,22,BS Info Tech,3,S1,50,45,72.69,4.0,3.86,86,90,88.0,82,92,93,92.0,95,96,Highly focused,Excellent,Completed,Brilliant understanding of core concepts. A joy to teach.,Outstanding performer in arts,92.35,Excellent
S-12578,REG-2026-3578,F,25,BS AI,3,S3,50,48,96.0,3.71,3.93,86,81,83.5,93,97,81,87.0,96,85,Highly focused,Excellent,Completed,Outstanding performance throughout the semester.,Active club president,89.55,Excellent
S-12579,REG-2026-3579,F,24,BS Computer Science,8,S3,50,44,88.0,3.6,3.47,89,83,86.0,87,91,95,85.0,92,81,Regular studier,Excellent,Completed,Shows excellent leadership and analytical skills.,Shows leadership in sports,88.8,Excellent
S-12580,REG-2026-3580,M,21,BS Software Eng,5,S3,50,39,79.0,3.43,3.72,75,77,76.0,65,59,57,57.0,77,58,Occasional studier,Warning,Ongoing,"Participates occasionally, can definitely do better.",Learning basics of music,65.7,Good
S-12581,REG-2026-3581,F,20,BS Data Science,7,S2,50,28,56.0,1.15,1.03,26,42,34.0,20,46,38,36.0,32,37,Rarely studies,Probation,Not Started,Irregular attendance and extremely poor focus in class.,Shy and inactive,36.4,Poor
S-12582,REG-2026-3582,F,21,BS Data Science,7,S3,50,41,83.0,3.11,3.33,71,65,68.0,66,71,60,55.0,62,77,Occasional studier,Good,Ongoing,Good effort but needs more consistency in assignments.,Participates occasionally,64.55,Average
S-12583,REG-2026-3583,M,25,BS Data Science,6,S1,50,18,37.0,1.84,1.84,37,25,31.0,35,21,29,44.0,34,34,Last-minute crammer,Probation,Not Started,Irregular attendance and extremely poor focus in class.,No interest,33.85,Poor
S-12584,REG-2026-3584,F,21,BS Info Tech,1,S1,50,39,79.0,2.92,3.1,78,65,71.5,74,76,75,62.0,73,69,Needs some guidance,Good,Not Started,Average performance. Needs to focus more on lab work.,Average sports player,71.2,Good
S-12585,REG-2026-3585,F,23,BS AI,4,S2,50,32,65.0,2.81,2.61,58,58,58.0,71,62,76,61.0,58,57,Needs some guidance,Warning,Not Started,Average performance. Needs to focus more on lab work.,Learning basics of music,62.6,Average
S-12586,REG-2026-3586,M,19,BS Data Science,5,S1,50,21,42.0,1.7,1.63,24,37,30.5,45,49,47,23.0,30,21,Rarely studies,Warning,Not Started,"Needs urgent improvement, counseling recommended.",Struggles to participate,33.55,Poor
S-12587,REG-2026-3587,F,24,BS Software Eng,4,S1,50,17,34.0,1.8,1.92,43,21,32.0,25,43,36,49.0,20,34,Needs constant monitoring,Needs Improvement,Not Started,Irregular attendance and extremely poor focus in class.,Shy and inactive,34.05,Poor
S-12588,REG-2026-3588,M,21,BS Computer Science,3,S2,50,33,66.0,2.72,2.59,65,76,70.5,66,62,70,67.0,75,62,Occasional studier,Warning,Not Started,No feedback provided,Learning basics of music,68.7,Good
S-12589,REG-2026-3589,M,24,BS Data Science,2,S1,50,36,73.0,2.65,2.43,75,55,65.0,61,72,72,59.0,70,73,Needs some guidance,Warning,Not Started,"Participates occasionally, can definitely do better.",Average sports player,67.8,Good
S-12590,REG-2026-3590,M,19,BS Computer Science,7,S2,50,35,70.0,3.04,3.09,64,71,67.5,59,63,78,55.0,67,65,Last-minute crammer,Good,Not Started,Average performance. Needs to focus more on lab work.,Learning basics of music,65.45,Good
S-12591,REG-2026-3591,F,25,BS Computer Science,6,S3,50,40,81.0,2.77,2.49,71,71,71.0,75,69,72,62.0,63,75,Needs some guidance,Warning,Not Started,Average performance. Needs to focus more on lab work.,Learning basics of music,68.25,Good
S-12592,REG-2026-3592,F,20,BS AI,7,S2,50,44,88.0,3.65,3.82,99,80,89.5,96,84,98,88.0,94,87,Highly focused,Excellent,Completed,Shows excellent leadership and analytical skills.,Active club president,91.05,Excellent
S-12593,REG-2026-3593,F,24,BS Computer Science,5,S2,50,35,70.0,2.9,3.18,69,71,70.0,61,57,66,64.0,55,67,Last-minute crammer,Good,Ongoing,"Participates occasionally, can definitely do better.",Participates occasionally,62.4,Average
S-12594,REG-2026-3594,F,20,BS Data Science,2,S1,50,38,77.0,3.12,2.97,68,64,66.0,67,57,57,63.0,66,61,Occasional studier,Warning,Not Started,Average performance. Needs to focus more on lab work.,Learning basics of music,63.25,Average
S-12595,REG-2026-3595,M,24,BS AI,6,S3,50,25,50.0,1.38,1.49,46,49,47.5,47,36,25,26.0,30,42,Rarely studies,Probation,Not Started,"Needs urgent improvement, counseling recommended.",Shy and inactive,33.85,Poor
S-12596,REG-2026-3596,F,24,BS Software Eng,2,S1,50,33,66.0,2.76,2.91,56,75,65.5,56,71,73,64.0,74,66,Last-minute crammer,Warning,Not Started,"Participates occasionally, can definitely do better.",Participates occasionally,68.6,Good
S-12597,REG-2026-3597,M,21,BS AI,3,S1,50,37,74.0,3.03,3.16,65,71,68.0,66,73,60,63.0,60,65,Occasional studier,Good,Not Started,Good effort but needs more consistency in assignments.,Participates occasionally,64.2,Average
S-12598,REG-2026-3598,F,24,BS Computer Science,2,S3,50,35,71.0,2.92,2.68,76,70,73.0,62,56,74,55.0,67,57,Occasional studier,Warning,Ongoing,Understands the basics but struggles with complex logic.,Participates occasionally,64.1,Average
S-12599,REG-2026-3599,F,18,BS AI,2,S2,50,33,66.0,3.39,3.67,57,60,58.5,72,75,74,61.0,57,59,Needs some guidance,Good,Ongoing,Good effort but needs more consistency in assignments.,Average sports player,63.7,Average
S-12600,REG-2026-3600,M,24,BS AI,1,S3,50,33,67.0,3.29,3.59,78,73,75.5,57,55,59,67.0,64,61,Needs some guidance,Good,Ongoing,Good effort but needs more consistency in assignments.,Average sports player,63.6,Average
S-12601,REG-2026-3601,M,20,BS Computer Science,4,S2,50,32,72.69,2.75,2.49,61,56,58.5,67,59,55,60.0,68,67,Needs some guidance,Good,Ongoing,Good effort but needs more consistency in assignments.,Participates occasionally,62.3,Average
S-12602,REG-2026-3602,F,19,BS Info Tech,5,S2,50,45,91.0,3.89,3.98,87,94,90.5,98,87,98,81.0,95,92,Very consistent,Excellent,Completed,"Highly proactive, consistent, and quick learner.",Active club president,91.05,Excellent
S-12603,REG-2026-3603,M,22,BS Info Tech,5,S2,50,45,91.0,3.56,2.91,92,88,90.0,87,83,93,92.0,95,94,Very consistent,Excellent,Completed,"Highly proactive, consistent, and quick learner.",Outstanding performer in arts,91.7,Excellent
S-12604,REG-2026-3604,F,21,BS AI,2,S2,50,38,76.0,3.3,3.16,71,56,63.5,60,67,75,74.0,72,60,Last-minute crammer,Warning,Ongoing,Understands the basics but struggles with complex logic.,Learning basics of music,69.9,Good
S-12605,REG-2026-3605,F,19,BS Software Eng,5,S3,50,33,66.0,2.94,3.22,67,61,64.0,70,74,73,77.0,77,58,Needs some guidance,Good,Not Started,Understands the basics but struggles with complex logic.,Learning basics of music,72.0,Good
S-12606,REG-2026-3606,M,21,BS Computer Science,4,S3,50,47,94.0,3.79,3.5,80,97,88.5,88,91,99,83.0,97,96,Very consistent,Excellent,Completed,Outstanding performance throughout the semester.,Shows leadership in sports,92.35,Excellent
S-12607,REG-2026-3607,M,21,BS AI,1,S1,50,33,66.0,3.2,3.5,62,57,59.5,58,59,72,57.0,78,77,Occasional studier,Good,Not Started,Average performance. Needs to focus more on lab work.,Participates occasionally,67.45,Good
S-12608,REG-2026-3608,M,24,BS Software Eng,2,S3,50,37,75.0,2.56,2.44,74,63,68.5,70,68,64,55.0,66,70,Last-minute crammer,Good,Ongoing,Average performance. Needs to focus more on lab work.,Participates occasionally,65.0,Good
S-12609,REG-2026-3609,F,20,BS Computer Science,2,S1,50,35,71.0,3.36,3.21,75,74,74.5,78,75,71,66.0,65,59,Needs some guidance,Good,Ongoing,Understands the basics but struggles with complex logic.,Average sports player,68.4,Good
S-12610,REG-2026-3610,F,21,BS Info Tech,4,S2,50,49,72.69,3.84,3.71,92,87,89.5,87,89,80,83.0,96,97,Highly focused,Excellent,Completed,Brilliant understanding of core concepts. A joy to teach.,Active club president,89.4,Excellent
S-12611,REG-2026-3611,M,20,BS Software Eng,7,S3,50,46,93.0,3.81,3.85,83,81,82.0,86,90,97,66.03,83,90,Very consistent,Excellent,Completed,Outstanding performance throughout the semester.,Shows leadership in sports,87.65,Excellent
S-12612,REG-2026-3612,F,18,BS Software Eng,5,S3,50,25,51.0,1.66,1.94,50,30,40.0,35,44,28,48.0,44,31,Rarely studies,Probation,Not Started,"Needs urgent improvement, counseling recommended.",Struggles to participate,40.6,Poor
S-12613,REG-2026-3613,F,22,BS Software Eng,5,S1,50,44,89.0,3.65,3.7,83,81,82.0,93,96,96,82.0,86,92,Very consistent,Excellent,Completed,Shows excellent leadership and analytical skills.,Outstanding performer in arts,88.4,Excellent
S-12614,REG-2026-3614,F,21,BS Info Tech,6,S3,50,34,69.0,3.0,3.14,72,67,69.5,72,55,68,68.0,58,65,Occasional studier,Warning,Not Started,"Participates occasionally, can definitely do better.",Learning basics of music,64.3,Average
S-12615,REG-2026-3615,F,22,BS Data Science,3,S3,50,37,74.0,3.04,3.16,71,62,66.5,70,73,74,61.0,59,77,Occasional studier,Good,Not Started,Good effort but needs more consistency in assignments.,Participates occasionally,66.9,Good
S-12616,REG-2026-3616,F,22,BS Info Tech,5,S3,50,23,47.0,1.83,1.63,25,47,36.0,24,46,28,25.0,50,46,Needs constant monitoring,Warning,Not Started,Irregular attendance and extremely poor focus in class.,Struggles to participate,38.05,Poor
S-12617,REG-2026-3617,F,23,BS AI,2,S2,50,43,86.0,3.54,2.91,88,90,89.0,88,89,86,98.0,85,82,Highly focused,Excellent,Completed,Outstanding performance throughout the semester.,Shows leadership in sports,88.45,Excellent
S-12618,REG-2026-3618,M,22,BS Info Tech,2,S2,50,46,93.0,3.92,3.73,89,85,87.0,85,81,96,92.0,84,93,Highly focused,Excellent,Completed,Shows excellent leadership and analytical skills.,Shows leadership in sports,88.8,Excellent
S-12619,REG-2026-3619,M,24,BS Info Tech,7,S3,50,36,73.0,2.96,2.71,70,69,69.5,58,74,60,57.0,66,55,Last-minute crammer,Good,Not Started,Average performance. Needs to focus more on lab work.,Participates occasionally,63.3,Average
S-12620,REG-2026-3620,F,20,BS AI,2,S1,50,48,96.0,3.99,3.83,80,84,82.0,90,99,92,91.0,80,86,Regular studier,Excellent,Completed,Outstanding performance throughout the semester.,Shows leadership in sports,88.0,Excellent
S-12621,REG-2026-3621,M,24,BS AI,7,S1,50,44,88.0,3.69,3.41,86,87,86.5,95,91,85,96.0,89,95,Regular studier,Excellent,Completed,"Highly proactive, consistent, and quick learner.",Active club president,90.6,Excellent
S-12622,REG-2026-3622,F,24,BS Computer Science,5,S2,50,32,65.0,3.26,3.31,59,78,68.5,74,68,67,69.0,55,70,Needs some guidance,Warning,Not Started,Average performance. Needs to focus more on lab work.,Average sports player,65.2,Good
S-12623,REG-2026-3623,F,18,BS Info Tech,5,S1,50,22,72.69,1.05,1.08,41,45,43.0,32,20,48,29.0,32,29,Rarely studies,Needs Improvement,Not Started,Frequently misses deadlines and lacks motivation.,Struggles to participate,34.05,Poor
S-12624,REG-2026-3624,M,25,BS Computer Science,3,S2,50,36,72.0,2.6,2.6,62,64,63.0,75,62,62,61.0,71,63,Occasional studier,Warning,Ongoing,Good effort but needs more consistency in assignments.,Participates occasionally,65.4,Good
S-12625,REG-2026-3625,M,24,BS Data Science,7,S1,50,28,56.0,1.78,1.52,40,37,38.5,41,51,32,44.0,47,37,Last-minute crammer,Warning,Not Started,Lacks fundamental understanding of the subject matter.,Struggles to participate,42.85,Poor
S-12626,REG-2026-3626,M,24,BS Computer Science,8,S2,50,35,70.0,3.13,3.26,65,78,71.5,77,55,72,67.0,65,74,Needs some guidance,Warning,Ongoing,"Participates occasionally, can definitely do better.",Learning basics of music,67.85,Good
S-12627,REG-2026-3627,F,24,BS Info Tech,1,S2,50,30,61.0,1.35,1.21,32,21,26.5,27,31,21,34.0,50,43,Last-minute crammer,Needs Improvement,Not Started,Lacks fundamental understanding of the subject matter.,No interest,36.9,Poor
S-12628,REG-2026-3628,M,24,BS Software Eng,3,S2,50,35,70.0,2.67,2.59,71,55,63.0,61,69,61,74.0,59,64,Needs some guidance,Warning,Not Started,"Participates occasionally, can definitely do better.",Learning basics of music,64.85,Average
S-12629,REG-2026-3629,M,25,BS Computer Science,2,S3,50,39,78.0,3.21,3.0,68,56,62.0,70,57,69,57.0,69,67,Occasional studier,Good,Not Started,Understands the basics but struggles with complex logic.,Average sports player,65.0,Good
S-12630,REG-2026-3630,F,21,BS Software Eng,4,S3,50,40,80.0,3.02,2.89,61,72,66.5,68,65,74,72.0,65,77,Needs some guidance,Warning,Not Started,Understands the basics but struggles with complex logic.,Average sports player,70.0,Good
S-12631,REG-2026-3631,M,21,BS AI,5,S1,50,34,68.0,3.15,3.36,55,67,61.0,64,77,76,67.0,63,70,Occasional studier,Warning,Ongoing,Good effort but needs more consistency in assignments.,Average sports player,67.95,Good
S-12632,REG-2026-3632,M,19,BS Software Eng,3,S2,50,40,81.0,3.19,3.15,56,66,61.0,69,72,65,64.0,60,55,Occasional studier,Good,Not Started,No feedback provided,Average sports player,63.85,Average
S-12633,REG-2026-3633,M,20,BS Info Tech,1,S3,50,40,80.0,2.78,2.86,77,56,66.5,72,78,70,63.0,62,77,Last-minute crammer,Good,Ongoing,Understands the basics but struggles with complex logic.,Participates occasionally,68.35,Good
S-12634,REG-2026-3634,F,22,BS Data Science,5,S2,50,19,38.0,2.22,1.97,51,35,43.0,25,51,39,29.0,30,48,Needs constant monitoring,Needs Improvement,Not Started,Frequently misses deadlines and lacks motivation.,Shy and inactive,36.5,Poor
S-12635,REG-2026-3635,M,25,BS Software Eng,3,S2,50,44,88.0,3.64,2.91,94,91,92.5,80,85,94,95.0,93,88,Very consistent,Excellent,Completed,Brilliant understanding of core concepts. A joy to teach.,Outstanding performer in arts,91.3,Excellent
S-12636,REG-2026-3636,M,19,BS Computer Science,6,S2,50,23,47.0,1.52,1.4,27,20,23.5,41,24,42,43.0,28,46,Last-minute crammer,Needs Improvement,Not Started,Frequently misses deadlines and lacks motivation.,No interest,35.65,Poor
S-12637,REG-2026-3637,M,20,BS Software Eng,3,S3,50,33,66.0,3.22,3.11,56,70,63.0,67,56,56,74.0,70,60,Needs some guidance,Warning,Not Started,"Participates occasionally, can definitely do better.",Learning basics of music,65.25,Good
S-12638,REG-2026-3638,F,19,BS Info Tech,2,S2,50,36,72.0,3.01,3.23,55,63,59.0,68,59,72,67.0,58,75,Occasional studier,Warning,Not Started,Average performance. Needs to focus more on lab work.,Average sports player,65.0,Good
S-12639,REG-2026-3639,F,25,BS Data Science,6,S1,50,32,65.0,2.9,2.95,65,61,63.0,78,75,56,68.0,60,78,Last-minute crammer,Warning,Not Started,Average performance. Needs to focus more on lab work.,Average sports player,65.75,Good
S-12640,REG-2026-3640,F,21,BS Data Science,3,S2,50,37,75.0,2.55,2.58,74,75,74.5,65,76,72,66.0,69,78,Last-minute crammer,Warning,Not Started,Average performance. Needs to focus more on lab work.,Participates occasionally,71.1,Good
S-12641,REG-2026-3641,F,23,BS Computer Science,4,S2,50,34,69.0,2.89,2.79,63,78,70.5,64,66,73,77.0,70,65,Needs some guidance,Warning,Ongoing,Average performance. Needs to focus more on lab work.,Learning basics of music,70.65,Good
S-12642,REG-2026-3642,F,24,BS Computer Science,6,S3,50,40,72.69,3.33,3.13,55,70,62.5,66,60,61,56.0,70,69,Occasional studier,Good,Not Started,"Participates occasionally, can definitely do better.",Average sports player,64.35,Average
S-12643,REG-2026-3643,F,22,BS Software Eng,7,S3,50,47,95.0,3.66,3.94,83,89,86.0,97,96,98,98.0,95,93,Very consistent,Excellent,Completed,"Highly proactive, consistent, and quick learner.",Active club president,95.15,Excellent
S-12644,REG-2026-3644,F,20,BS Software Eng,5,S1,50,48,97.0,3.66,3.76,92,83,87.5,87,96,82,84.0,81,96,Highly focused,Excellent,Completed,Shows excellent leadership and analytical skills.,Shows leadership in sports,86.5,Excellent
S-12645,REG-2026-3645,M,19,BS AI,3,S3,50,49,99.0,3.93,3.66,85,92,88.5,94,85,91,81.0,83,83,Very consistent,Excellent,Completed,"Highly proactive, consistent, and quick learner.",Outstanding performer in arts,85.9,Excellent
S-12646,REG-2026-3646,M,23,BS Info Tech,5,S3,50,47,95.0,3.73,3.45,93,95,94.0,81,95,91,88.0,83,89,Regular studier,Excellent,Completed,Outstanding performance throughout the semester.,Outstanding performer in arts,88.6,Excellent
S-12647,REG-2026-3647,F,20,BS Computer Science,6,S3,50,34,68.0,2.82,2.72,76,59,67.5,63,77,56,59.0,61,75,Occasional studier,Warning,Ongoing,Good effort but needs more consistency in assignments.,Learning basics of music,63.95,Average
S-12648,REG-2026-3648,M,22,BS Software Eng,4,S3,50,34,69.0,3.02,3.17,60,70,65.0,59,61,56,62.0,70,67,Last-minute crammer,Good,Not Started,"Participates occasionally, can definitely do better.",Average sports player,64.0,Average
S-12649,REG-2026-3649,F,23,BS Info Tech,8,S3,50,39,79.0,2.88,2.71,56,71,63.5,72,66,77,71.0,66,69,Occasional studier,Good,Not Started,No feedback provided,Learning basics of music,69.65,Good
S-12650,REG-2026-3650,F,22,BS Software Eng,2,S3,50,25,50.0,1.04,1.32,38,50,44.0,47,38,40,53.0,34,36,Last-minute crammer,Probation,Not Started,Lacks fundamental understanding of the subject matter.,No interest,41.75,Poor
S-12651,REG-2026-3651,M,19,BS AI,6,S2,50,40,80.0,3.21,3.25,55,63,59.0,68,68,76,66.0,68,65,Last-minute crammer,Good,Not Started,Good effort but needs more consistency in assignments.,Learning basics of music,68.2,Good
S-12652,REG-2026-3652,F,20,BS AI,1,S3,50,40,80.0,3.2,3.26,71,67,69.0,77,72,60,66.0,65,71,Needs some guidance,Warning,Ongoing,Understands the basics but struggles with complex logic.,Average sports player,67.5,Good
S-12653,REG-2026-3653,F,22,BS Info Tech,4,S1,50,37,75.0,2.99,3.19,61,66,63.5,66,69,70,75.0,73,66,Needs some guidance,Good,Not Started,Understands the basics but struggles with complex logic.,Participates occasionally,70.65,Good
S-12654,REG-2026-3654,M,22,BS AI,4,S2,50,28,58.0,1.79,1.52,23,22,22.5,34,45,35,36.0,33,20,Needs constant monitoring,Warning,Not Started,Frequently misses deadlines and lacks motivation.,No interest,34.05,Poor
S-12655,REG-2026-3655,F,21,BS AI,6,S3,50,40,80.0,2.71,2.46,56,69,62.5,64,55,64,72.0,66,68,Last-minute crammer,Warning,Ongoing,Good effort but needs more consistency in assignments.,Average sports player,66.25,Good
S-12656,REG-2026-3656,F,19,BS Data Science,6,S1,50,34,69.0,3.37,3.61,55,78,66.5,57,71,57,58.0,62,64,Needs some guidance,Warning,Ongoing,Good effort but needs more consistency in assignments.,Participates occasionally,62.1,Average
S-12657,REG-2026-3657,F,25,BS Data Science,8,S2,50,37,74.0,3.17,3.02,72,66,69.0,65,55,73,56.0,73,62,Last-minute crammer,Warning,Not Started,"Participates occasionally, can definitely do better.",Average sports player,65.95,Good
S-12658,REG-2026-3658,M,18,BS Info Tech,7,S2,50,40,80.0,3.11,2.84,59,55,57.0,77,68,71,60.0,64,67,Occasional studier,Good,Not Started,Average performance. Needs to focus more on lab work.,Learning basics of music,65.7,Good
S-12659,REG-2026-3659,F,24,BS Info Tech,2,S2,50,35,70.0,2.75,2.77,61,70,65.5,64,67,62,69.0,76,73,Needs some guidance,Good,Ongoing,"Participates occasionally, can definitely do better.",Average sports player,69.35,Good
S-12660,REG-2026-3660,M,18,BS Info Tech,3,S3,50,40,80.0,3.06,2.97,59,57,58.0,65,60,60,66.0,56,75,Needs some guidance,Good,Ongoing,Good effort but needs more consistency in assignments.,Learning basics of music,62.75,Average
S-12661,REG-2026-3661,F,25,BS Computer Science,3,S2,50,35,71.0,3.14,3.29,78,69,73.5,78,61,56,66.0,64,75,Needs some guidance,Warning,Not Started,"Participates occasionally, can definitely do better.",Participates occasionally,66.0,Good
S-12662,REG-2026-3662,M,21,BS Computer Science,6,S2,50,36,73.0,2.9,2.67,57,68,62.5,73,62,76,60.0,56,59,Last-minute crammer,Warning,Ongoing,Average performance. Needs to focus more on lab work.,Participates occasionally,63.05,Average
S-12663,REG-2026-3663,M,23,BS AI,3,S1,50,41,82.0,3.1,2.91,61,69,65.0,67,78,76,64.0,65,64,Needs some guidance,Good,Ongoing,Good effort but needs more consistency in assignments.,Average sports player,68.6,Good
S-12664,REG-2026-3664,F,22,BS Data Science,5,S1,50,24,48.0,1.92,2.11,27,32,29.5,37,21,50,49.0,21,40,Last-minute crammer,Probation,Not Started,"Needs urgent improvement, counseling recommended.",Shy and inactive,35.85,Poor
S-12665,REG-2026-3665,M,22,BS Computer Science,5,S3,50,36,73.0,2.58,2.28,62,59,60.5,70,59,60,66.0,66,70,Last-minute crammer,Warning,Not Started,Understands the basics but struggles with complex logic.,Participates occasionally,64.8,Average
S-12666,REG-2026-3666,M,18,BS AI,1,S2,50,41,83.0,2.62,2.8,74,65,69.5,60,56,61,68.0,56,76,Needs some guidance,Good,Not Started,"Participates occasionally, can definitely do better.",Learning basics of music,64.05,Average
S-12667,REG-2026-3667,M,22,BS Computer Science,5,S1,50,40,81.0,3.07,3.05,77,62,69.5,73,71,69,67.0,59,72,Occasional studier,Warning,Not Started,Average performance. Needs to focus more on lab work.,Average sports player,67.45,Good
S-12668,REG-2026-3668,F,19,BS Data Science,7,S1,50,35,70.0,3.48,3.69,57,68,62.5,61,64,56,66.03,70,57,Needs some guidance,Warning,Ongoing,Average performance. Needs to focus more on lab work.,Participates occasionally,62.0,Average
S-12669,REG-2026-3669,F,24,BS Data Science,5,S1,50,40,80.0,2.93,2.97,73,78,75.5,59,62,77,66.0,67,68,Occasional studier,Good,Not Started,Average performance. Needs to focus more on lab work.,Participates occasionally,69.0,Good
S-12670,REG-2026-3670,M,24,BS Data Science,1,S3,50,49,98.0,3.79,3.55,97,93,95.0,91,90,99,90.0,91,80,Highly focused,Excellent,Completed,No feedback provided,Shows leadership in sports,91.55,Excellent
S-12671,REG-2026-3671,M,25,BS Software Eng,2,S2,50,19,38.0,2.14,2.27,29,33,31.0,27,28,49,31.0,53,26,Needs constant monitoring,Warning,Not Started,Irregular attendance and extremely poor focus in class.,No interest,38.55,Poor
S-12672,REG-2026-3672,F,19,BS AI,2,S2,50,47,95.0,3.82,3.61,83,86,84.5,86,83,92,80.0,88,86,Highly focused,Excellent,Completed,"Highly proactive, consistent, and quick learner.",Active club president,86.2,Excellent
S-12673,REG-2026-3673,F,24,BS AI,3,S3,50,35,71.0,2.58,2.64,65,64,64.5,72,66,62,69.0,70,72,Occasional studier,Warning,Not Started,Understands the basics but struggles with complex logic.,Learning basics of music,68.0,Good
S-12674,REG-2026-3674,M,18,BS Data Science,7,S2,50,40,81.0,2.71,2.84,57,56,56.5,58,57,58,57.0,78,62,Occasional studier,Warning,Ongoing,Good effort but needs more consistency in assignments.,Learning basics of music,64.1,Average
S-12675,REG-2026-3675,M,24,BS Computer Science,4,S2,50,49,99.0,3.83,3.91,93,83,88.0,96,94,87,99.0,99,88,Highly focused,Excellent,Completed,Brilliant understanding of core concepts. A joy to teach.,Outstanding performer in arts,94.35,Excellent
S-12676,REG-2026-3676,F,24,BS AI,4,S2,50,33,66.0,3.39,3.29,63,55,59.0,65,55,73,67.0,69,63,Occasional studier,Good,Not Started,Average performance. Needs to focus more on lab work.,Average sports player,65.85,Good
S-12677,REG-2026-3677,M,21,BS AI,5,S3,50,28,57.0,2.09,2.04,38,30,34.0,27,21,42,25.0,36,46,Rarely studies,Probation,Not Started,"Needs urgent improvement, counseling recommended.",Shy and inactive,34.6,Poor
S-12678,REG-2026-3678,F,25,BS Info Tech,1,S1,50,39,78.0,3.09,2.97,74,55,64.5,59,75,58,69.0,56,75,Occasional studier,Good,Not Started,Good effort but needs more consistency in assignments.,Learning basics of music,64.8,Average
S-12679,REG-2026-3679,F,19,BS AI,2,S2,50,34,68.0,3.28,3.3,65,73,69.0,56,69,61,65.0,73,56,Needs some guidance,Good,Ongoing,Good effort but needs more consistency in assignments.,Participates occasionally,66.0,Good
S-12680,REG-2026-3680,M,23,BS Info Tech,2,S2,50,45,91.0,3.77,3.55,94,80,87.0,99,95,96,85.0,98,85,Regular studier,Excellent,Completed,"Highly proactive, consistent, and quick learner.",Shows leadership in sports,92.1,Excellent
S-12681,REG-2026-3681,M,20,BS Data Science,7,S3,50,36,73.0,3.41,3.66,66,69,67.5,60,73,63,57.0,67,59,Needs some guidance,Warning,Ongoing,Understands the basics but struggles with complex logic.,Average sports player,64.2,Average
S-12682,REG-2026-3682,M,23,BS Computer Science,5,S3,50,49,99.0,3.71,3.72,82,98,90.0,83,91,82,91.0,87,89,Very consistent,Excellent,Completed,Shows excellent leadership and analytical skills.,Active club president,88.35,Excellent
S-12683,REG-2026-3683,M,18,BS Software Eng,3,S1,50,43,87.0,3.67,3.77,93,88,90.5,99,91,94,82.0,89,98,Highly focused,Excellent,Completed,Brilliant understanding of core concepts. A joy to teach.,Shows leadership in sports,90.0,Excellent
S-12684,REG-2026-3684,F,25,BS AI,6,S1,50,35,71.0,2.64,2.46,58,65,61.5,61,73,77,64.0,63,75,Needs some guidance,Good,Ongoing,"Participates occasionally, can definitely do better.",Learning basics of music,67.65,Good
S-12685,REG-2026-3685,F,19,BS Info Tech,7,S1,50,40,80.0,3.04,2.97,56,71,63.5,61,55,67,74.0,57,69,Last-minute crammer,Good,Ongoing,Good effort but needs more consistency in assignments.,Learning basics of music,64.9,Average
S-12686,REG-2026-3686,M,23,BS Info Tech,3,S2,50,46,92.0,3.53,3.72,90,96,93.0,89,88,92,92.0,95,94,Regular studier,Excellent,Completed,"Highly proactive, consistent, and quick learner.",Outstanding performer in arts,92.5,Excellent
S-12687,REG-2026-3687,F,20,BS Software Eng,8,S3,50,38,77.0,2.77,2.71,57,74,65.5,66,78,55,73.0,75,61,Needs some guidance,Good,Not Started,"Participates occasionally, can definitely do better.",Learning basics of music,69.2,Good
S-12688,REG-2026-3688,F,18,BS Computer Science,4,S2,50,38,77.0,2.78,2.69,68,57,62.5,61,57,69,68.0,62,71,Occasional studier,Warning,Ongoing,Good effort but needs more consistency in assignments.,Average sports player,65.4,Good
S-12689,REG-2026-3689,M,25,BS AI,2,S1,50,36,72.0,2.78,2.81,76,66,71.0,72,63,57,62.0,76,62,Occasional studier,Good,Ongoing,Average performance. Needs to focus more on lab work.,Learning basics of music,66.75,Good
S-12690,REG-2026-3690,M,24,BS Software Eng,5,S2,50,20,41.0,1.77,1.72,26,37,31.5,39,42,26,29.0,49,33,Needs constant monitoring,Needs Improvement,Not Started,No feedback provided,Struggles to participate,36.6,Poor
S-12691,REG-2026-3691,F,24,BS Software Eng,4,S3,50,36,72.0,3.03,3.18,59,57,58.0,77,78,75,64.0,76,59,Needs some guidance,Warning,Ongoing,"Participates occasionally, can definitely do better.",Participates occasionally,70.0,Good
S-12692,REG-2026-3692,F,20,BS Software Eng,8,S3,50,15,30.0,2.29,2.05,22,45,33.5,29,43,35,31.0,41,21,Needs constant monitoring,Probation,Not Started,Frequently misses deadlines and lacks motivation.,Shy and inactive,34.4,Poor
S-12693,REG-2026-3693,F,20,BS Data Science,4,S3,50,33,66.0,2.92,3.0,62,66,64.0,77,55,65,71.0,59,63,Needs some guidance,Warning,Not Started,"Participates occasionally, can definitely do better.",Average sports player,64.05,Average
S-12694,REG-2026-3694,M,19,BS Info Tech,7,S2,50,38,76.0,3.21,2.96,60,76,68.0,70,62,57,59.0,78,56,Last-minute crammer,Good,Not Started,Good effort but needs more consistency in assignments.,Learning basics of music,65.75,Good
S-12695,REG-2026-3695,F,20,BS Computer Science,4,S3,50,40,81.0,3.18,2.91,59,66,62.5,65,58,74,74.0,65,66,Needs some guidance,Good,Not Started,"Participates occasionally, can definitely do better.",Average sports player,68.1,Good
S-12696,REG-2026-3696,F,24,BS Info Tech,6,S3,50,41,82.0,2.78,2.76,74,57,65.5,73,59,57,77.0,59,76,Needs some guidance,Warning,Not Started,Average performance. Needs to focus more on lab work.,Learning basics of music,66.5,Good
S-12697,REG-2026-3697,F,20,BS Computer Science,2,S2,50,37,74.0,2.69,2.54,72,63,67.5,59,56,70,63.0,63,74,Occasional studier,Warning,Ongoing,Good effort but needs more consistency in assignments.,Average sports player,65.25,Good
S-12698,REG-2026-3698,M,21,BS Computer Science,4,S1,50,35,71.0,2.74,2.64,70,67,68.5,72,73,68,72.0,57,71,Needs some guidance,Good,Ongoing,Good effort but needs more consistency in assignments.,Participates occasionally,67.25,Good
S-12699,REG-2026-3699,F,19,BS Computer Science,8,S3,50,32,65.0,2.74,2.91,69,73,71.0,68,62,73,76.0,61,73,Needs some guidance,Warning,Not Started,Good effort but needs more consistency in assignments.,Participates occasionally,68.65,Good
S-12700,REG-2026-3700,F,20,BS Info Tech,3,S1,50,33,66.0,2.89,3.16,56,77,66.5,60,58,67,75.0,72,74,Occasional studier,Good,Not Started,Understands the basics but struggles with complex logic.,Average sports player,69.2,Good
S-12701,REG-2026-3701,M,23,BS Data Science,5,S1,50,34,69.0,2.58,2.77,57,75,66.0,63,71,73,78.0,56,62,Needs some guidance,Good,Ongoing,"Participates occasionally, can definitely do better.",Participates occasionally,67.05,Good
S-12702,REG-2026-3702,M,23,BS Computer Science,1,S1,50,40,81.0,2.91,3.08,61,65,63.0,56,68,64,68.0,64,77,Occasional studier,Warning,Ongoing,Average performance. Needs to focus more on lab work.,Learning basics of music,66.85,Good
S-12703,REG-2026-3703,F,20,BS Info Tech,2,S2,50,36,72.0,3.08,2.87,71,73,72.0,68,75,60,56.0,72,68,Needs some guidance,Good,Ongoing,Average performance. Needs to focus more on lab work.,Average sports player,66.7,Good
S-12704,REG-2026-3704,M,23,BS Software Eng,5,S2,50,48,97.0,3.52,3.31,91,91,91.0,93,98,95,89.0,98,87,Regular studier,Excellent,Completed,"Highly proactive, consistent, and quick learner.",Shows leadership in sports,93.65,Excellent
S-12705,REG-2026-3705,F,21,BS Software Eng,4,S1,50,30,61.0,1.72,1.79,20,51,35.5,43,25,20,39.0,28,26,Needs constant monitoring,Needs Improvement,Not Started,Frequently misses deadlines and lacks motivation.,No interest,31.65,Poor
S-12706,REG-2026-3706,M,22,BS Data Science,1,S2,50,16,33.0,1.91,1.83,46,51,48.5,20,33,30,48.0,41,31,Rarely studies,Probation,Not Started,Frequently misses deadlines and lacks motivation.,Shy and inactive,38.25,Poor
S-12707,REG-2026-3707,M,19,BS Computer Science,2,S2,50,38,76.0,3.17,3.02,70,64,67.0,70,58,59,56.0,70,74,Needs some guidance,Good,Ongoing,Average performance. Needs to focus more on lab work.,Average sports player,64.75,Average
S-12708,REG-2026-3708,M,20,BS Data Science,3,S3,50,39,79.0,3.08,2.82,60,78,69.0,59,60,65,65.0,74,61,Occasional studier,Warning,Not Started,"Participates occasionally, can definitely do better.",Average sports player,67.15,Good
S-12709,REG-2026-3709,F,21,BS AI,6,S1,50,15,31.0,2.11,2.23,23,35,29.0,50,27,35,23.0,49,28,Rarely studies,Warning,Not Started,Irregular attendance and extremely poor focus in class.,Struggles to participate,34.55,Poor
S-12710,REG-2026-3710,F,23,BS Info Tech,5,S3,50,49,98.0,3.65,3.72,95,84,89.5,97,98,87,85.0,96,82,Regular studier,Excellent,Completed,Shows excellent leadership and analytical skills.,Active club president,90.75,Excellent
S-12711,REG-2026-3711,F,23,BS AI,2,S1,50,33,66.0,2.7,2.59,78,77,77.5,59,77,78,71.0,62,65,Last-minute crammer,Good,Not Started,Average performance. Needs to focus more on lab work.,Participates occasionally,69.6,Good
S-12712,REG-2026-3712,M,24,BS AI,7,S2,50,33,66.0,3.39,3.5,58,75,66.5,75,72,65,60.0,77,63,Last-minute crammer,Warning,Not Started,Average performance. Needs to focus more on lab work.,Average sports player,68.2,Good
S-12713,REG-2026-3713,F,23,BS Info Tech,3,S1,50,30,61.0,2.41,2.52,25,39,32.0,37,39,47,34.0,52,45,Last-minute crammer,Needs Improvement,Not Started,Irregular attendance and extremely poor focus in class.,Shy and inactive,43.35,Poor
S-12714,REG-2026-3714,F,18,BS Computer Science,5,S1,50,47,95.0,3.95,3.67,99,96,97.5,99,81,92,87.0,98,89,Very consistent,Excellent,Completed,Shows excellent leadership and analytical skills.,Shows leadership in sports,92.15,Excellent
S-12715,REG-2026-3715,F,21,BS Computer Science,7,S2,50,24,49.0,1.63,1.71,39,25,32.0,46,24,53,47.0,44,43,Needs constant monitoring,Needs Improvement,Not Started,Irregular attendance and extremely poor focus in class.,Struggles to participate,43.0,Poor
S-12716,REG-2026-3716,F,18,BS Software Eng,2,S1,50,23,46.0,2.23,2.45,47,29,38.0,20,53,37,20.0,21,29,Rarely studies,Probation,Not Started,"Needs urgent improvement, counseling recommended.",Struggles to participate,30.1,Poor
S-12717,REG-2026-3717,M,22,BS Data Science,8,S1,50,36,73.0,2.91,2.66,55,71,63.0,76,75,63,64.0,71,64,Needs some guidance,Warning,Ongoing,Understands the basics but struggles with complex logic.,Average sports player,67.65,Good
S-12718,REG-2026-3718,F,21,BS Data Science,2,S2,50,40,80.0,3.44,3.46,66,75,70.5,65,71,61,69.0,65,67,Needs some guidance,Good,Ongoing,"Participates occasionally, can definitely do better.",Learning basics of music,67.3,Good
S-12719,REG-2026-3719,F,18,BS Info Tech,8,S3,50,44,89.0,3.93,3.86,90,89,89.5,90,95,83,84.0,84,98,Very consistent,Excellent,Completed,Brilliant understanding of core concepts. A joy to teach.,Shows leadership in sports,87.45,Excellent
S-12720,REG-2026-3720,M,24,BS Info Tech,5,S1,50,22,44.0,1.57,1.74,51,46,48.5,26,35,31,50.0,40,24,Rarely studies,Warning,Not Started,Lacks fundamental understanding of the subject matter.,No interest,38.9,Poor
S-12721,REG-2026-3721,F,21,BS Info Tech,1,S2,50,19,39.0,1.29,1.51,37,37,37.0,44,32,36,50.0,24,23,Rarely studies,Needs Improvement,Not Started,Irregular attendance and extremely poor focus in class.,Struggles to participate,34.75,Poor
S-12722,REG-2026-3722,M,20,BS Computer Science,2,S3,50,21,42.0,1.89,1.67,33,33,33.0,39,25,21,41.0,41,48,Last-minute crammer,Warning,Not Started,"Needs urgent improvement, counseling recommended.",Struggles to participate,36.25,Poor
S-12723,REG-2026-3723,M,25,BS Computer Science,5,S1,50,16,32.0,1.42,1.2,41,50,45.5,44,48,38,47.0,37,37,Rarely studies,Warning,Not Started,Frequently misses deadlines and lacks motivation.,No interest,41.2,Poor
S-12724,REG-2026-3724,F,23,BS Info Tech,6,S3,50,39,79.0,2.67,2.52,77,74,75.5,60,78,59,65.0,62,66,Needs some guidance,Warning,Not Started,Understands the basics but struggles with complex logic.,Participates occasionally,66.25,Good
S-12725,REG-2026-3725,M,18,BS Info Tech,3,S1,50,23,46.0,2.28,2.4,35,45,40.0,49,51,46,22.0,34,26,Last-minute crammer,Needs Improvement,Not Started,Frequently misses deadlines and lacks motivation.,Shy and inactive,36.25,Poor
S-12726,REG-2026-3726,M,21,BS Data Science,2,S2,50,39,78.0,2.55,2.79,67,55,61.0,68,62,61,55.0,57,55,Occasional studier,Warning,Ongoing,"Participates occasionally, can definitely do better.",Participates occasionally,59.5,Average
S-12727,REG-2026-3727,M,19,BS AI,2,S3,50,39,79.0,3.25,2.91,68,78,73.0,63,75,66,63.0,66,61,Last-minute crammer,Good,Not Started,Average performance. Needs to focus more on lab work.,Average sports player,67.0,Good
S-12728,REG-2026-3728,M,20,BS Data Science,6,S3,50,19,38.0,1.21,1.12,39,40,39.5,51,38,37,39.0,22,21,Last-minute crammer,Warning,Not Started,"Needs urgent improvement, counseling recommended.",Struggles to participate,33.15,Poor
S-12729,REG-2026-3729,M,24,BS Info Tech,7,S1,50,41,82.0,3.15,2.99,77,68,72.5,73,70,61,67.0,73,76,Last-minute crammer,Warning,Ongoing,Average performance. Needs to focus more on lab work.,Learning basics of music,70.4,Good
S-12730,REG-2026-3730,M,22,BS Computer Science,7,S1,50,49,99.0,3.63,3.46,89,95,92.0,83,91,82,93.0,81,80,Regular studier,Excellent,Completed,Shows excellent leadership and analytical skills.,Shows leadership in sports,86.55,Excellent
S-12731,REG-2026-3731,F,19,BS Info Tech,6,S3,50,16,32.0,2.01,2.21,23,21,22.0,39,50,32,46.0,39,49,Rarely studies,Warning,Not Started,No feedback provided,Struggles to participate,39.4,Poor
S-12732,REG-2026-3732,F,20,BS Computer Science,4,S2,50,49,99.0,3.55,3.26,97,88,92.5,99,92,82,91.0,80,94,Regular studier,Excellent,Completed,Shows excellent leadership and analytical skills.,Shows leadership in sports,88.25,Excellent
S-12733,REG-2026-3733,M,18,BS Software Eng,1,S3,50,38,77.0,2.77,2.66,63,74,68.5,58,75,66,63.0,55,65,Occasional studier,Good,Ongoing,No feedback provided,Participates occasionally,63.85,Average
S-12734,REG-2026-3734,M,18,BS Computer Science,6,S3,50,36,73.0,2.55,2.75,62,56,59.0,75,77,74,71.0,61,56,Last-minute crammer,Warning,Not Started,Good effort but needs more consistency in assignments.,Learning basics of music,67.15,Good
S-12735,REG-2026-3735,F,22,BS Computer Science,2,S3,50,19,38.0,2.24,2.48,47,25,36.0,46,32,51,34.0,52,34,Needs constant monitoring,Warning,Not Started,Irregular attendance and extremely poor focus in class.,No interest,41.85,Poor
S-12736,REG-2026-3736,F,20,BS Computer Science,3,S2,50,34,69.0,2.57,2.76,65,66,65.5,67,62,73,76.0,55,71,Last-minute crammer,Warning,Not Started,"Participates occasionally, can definitely do better.",Learning basics of music,66.55,Good
S-12737,REG-2026-3737,M,21,BS Software Eng,6,S2,50,33,66.0,2.9,2.86,67,60,63.5,70,78,71,72.0,73,60,Occasional studier,Warning,Ongoing,Average performance. Needs to focus more on lab work.,Participates occasionally,70.25,Good
S-12738,REG-2026-3738,F,21,BS Data Science,8,S2,50,18,37.0,1.63,1.87,35,38,36.5,40,43,25,30.0,39,51,Last-minute crammer,Warning,Not Started,"Needs urgent improvement, counseling recommended.",Struggles to participate,36.4,Poor
S-12739,REG-2026-3739,F,24,BS AI,8,S1,50,38,76.0,3.15,2.93,70,75,72.5,58,60,78,73.0,78,74,Last-minute crammer,Warning,Ongoing,"Participates occasionally, can definitely do better.",Average sports player,73.15,Good
S-12740,REG-2026-3740,M,20,BS Info Tech,7,S3,50,23,46.0,1.69,1.6,26,24,25.0,32,39,52,42.0,47,21,Rarely studies,Probation,Not Started,"Needs urgent improvement, counseling recommended.",Struggles to participate,40.35,Poor
S-12741,REG-2026-3741,F,20,BS AI,8,S3,50,40,80.0,3.45,3.33,56,70,63.0,75,68,62,75.0,72,70,Occasional studier,Good,Not Started,Understands the basics but struggles with complex logic.,Learning basics of music,70.15,Good
S-12742,REG-2026-3742,F,18,BS AI,1,S2,50,21,43.0,1.42,1.35,32,53,42.5,39,28,33,26.0,29,36,Needs constant monitoring,Needs Improvement,Not Started,"Needs urgent improvement, counseling recommended.",No interest,32.15,Poor
S-12743,REG-2026-3743,F,19,BS Computer Science,2,S1,50,47,94.0,3.65,3.44,97,98,97.5,83,84,86,93.0,94,86,Very consistent,Excellent,Completed,"Highly proactive, consistent, and quick learner.",Active club president,90.6,Excellent
S-12744,REG-2026-3744,F,22,BS Computer Science,7,S3,50,31,63.0,1.08,1.15,51,24,37.5,38,52,25,40.0,34,41,Needs constant monitoring,Probation,Not Started,Lacks fundamental understanding of the subject matter.,No interest,38.35,Poor
S-12745,REG-2026-3745,M,20,BS Computer Science,8,S1,50,35,70.0,2.55,2.52,77,64,70.5,62,59,66,59.0,63,75,Last-minute crammer,Warning,Ongoing,"Participates occasionally, can definitely do better.",Learning basics of music,64.5,Average
S-12746,REG-2026-3746,F,25,BS Software Eng,5,S3,50,48,97.0,3.76,3.46,88,90,89.0,91,98,96,95.0,84,99,Regular studier,Excellent,Completed,"Highly proactive, consistent, and quick learner.",Shows leadership in sports,92.4,Excellent
S-12747,REG-2026-3747,M,18,BS Software Eng,7,S2,50,35,71.0,2.58,2.82,62,77,69.5,72,69,74,77.0,70,70,Needs some guidance,Good,Not Started,Good effort but needs more consistency in assignments.,Average sports player,72.0,Good
S-12748,REG-2026-3748,M,20,BS Info Tech,7,S2,50,40,80.0,2.58,2.78,70,73,71.5,65,70,66,75.0,57,63,Occasional studier,Warning,Not Started,Average performance. Needs to focus more on lab work.,Learning basics of music,66.85,Good
S-12749,REG-2026-3749,F,21,BS AI,4,S1,50,34,68.0,3.36,3.58,69,60,64.5,64,71,58,64.0,75,56,Needs some guidance,Good,Ongoing,Understands the basics but struggles with complex logic.,Participates occasionally,66.0,Good
S-12750,REG-2026-3750,F,22,BS Computer Science,8,S1,50,33,66.0,3.22,3.14,75,74,74.5,65,55,58,57.0,63,77,Occasional studier,Warning,Not Started,Good effort but needs more consistency in assignments.,Average sports player,63.05,Average
S-12751,REG-2026-3751,F,18,BS Info Tech,4,S1,50,33,66.0,2.67,2.65,55,66,60.5,68,61,64,78.0,56,61,Occasional studier,Warning,Ongoing,Average performance. Needs to focus more on lab work.,Learning basics of music,64.15,Average
S-12752,REG-2026-3752,M,18,BS Info Tech,1,S3,50,37,74.0,3.38,3.63,55,57,56.0,74,66,67,73.0,62,77,Needs some guidance,Warning,Ongoing,Good effort but needs more consistency in assignments.,Learning basics of music,67.45,Good
S-12753,REG-2026-3753,M,25,BS Info Tech,2,S1,50,41,83.0,2.73,2.72,73,56,64.5,78,73,71,75.0,58,65,Last-minute crammer,Warning,Not Started,Good effort but needs more consistency in assignments.,Learning basics of music,68.45,Good
S-12754,REG-2026-3754,M,25,BS Software Eng,3,S3,50,23,47.0,2.09,2.08,27,44,35.5,32,45,50,66.03,46,51,Needs constant monitoring,Probation,Not Started,Lacks fundamental understanding of the subject matter.,Shy and inactive,45.1,Poor
S-12755,REG-2026-3755,M,21,BS Computer Science,8,S1,50,45,91.0,3.93,3.8,80,94,87.0,87,83,91,82.0,88,96,Regular studier,Excellent,Completed,Shows excellent leadership and analytical skills.,Outstanding performer in arts,87.55,Excellent
S-12756,REG-2026-3756,M,22,BS Computer Science,3,S2,50,45,90.0,3.71,3.84,98,85,91.5,83,88,82,87.0,97,93,Highly focused,Excellent,Completed,"Highly proactive, consistent, and quick learner.",Shows leadership in sports,89.85,Excellent
S-12757,REG-2026-3757,M,19,BS Info Tech,5,S2,50,44,89.0,3.64,3.57,84,81,82.5,87,84,83,95.0,86,97,Very consistent,Excellent,Completed,Shows excellent leadership and analytical skills.,Shows leadership in sports,88.1,Excellent
S-12758,REG-2026-3758,M,20,BS Computer Science,1,S2,50,45,90.0,3.63,3.43,87,91,89.0,92,93,94,88.0,81,88,Regular studier,Excellent,Completed,Brilliant understanding of core concepts. A joy to teach.,Active club president,88.05,Excellent
S-12759,REG-2026-3759,M,24,BS Software Eng,5,S2,50,49,98.0,3.53,3.5,93,98,95.5,91,95,97,80.0,84,80,Regular studier,Excellent,Completed,Brilliant understanding of core concepts. A joy to teach.,Outstanding performer in arts,88.05,Excellent
S-12760,REG-2026-3760,M,25,BS Computer Science,4,S3,50,21,43.0,2.37,2.19,20,42,31.0,33,45,53,44.0,48,29,Last-minute crammer,Probation,Not Started,Irregular attendance and extremely poor focus in class.,No interest,43.05,Poor
S-12761,REG-2026-3761,F,21,BS Data Science,8,S2,50,46,92.0,3.96,3.87,86,88,87.0,85,94,94,88.0,91,85,Regular studier,Excellent,Completed,Shows excellent leadership and analytical skills.,Shows leadership in sports,89.9,Excellent
S-12762,REG-2026-3762,M,24,BS Info Tech,4,S1,50,15,30.0,2.05,1.97,41,30,35.5,51,50,36,30.0,47,27,Rarely studies,Warning,Not Started,"Needs urgent improvement, counseling recommended.",Struggles to participate,38.45,Poor
S-12763,REG-2026-3763,F,22,BS Software Eng,5,S2,50,36,72.69,2.7,2.83,65,74,69.5,60,68,66,60.0,73,78,Needs some guidance,Good,Ongoing,Average performance. Needs to focus more on lab work.,Average sports player,68.3,Good
S-12764,REG-2026-3764,F,23,BS Info Tech,7,S1,50,43,87.0,3.61,3.5,98,93,95.5,94,88,92,89.0,85,89,Highly focused,Excellent,Completed,Outstanding performance throughout the semester.,Shows leadership in sports,89.15,Excellent
S-12765,REG-2026-3765,F,22,BS Software Eng,7,S2,50,45,91.0,3.7,3.84,86,89,87.5,83,99,84,90.0,83,94,Highly focused,Excellent,Completed,Shows excellent leadership and analytical skills.,Outstanding performer in arts,88.1,Excellent
S-12766,REG-2026-3766,M,18,BS Data Science,3,S2,50,16,33.0,1.71,1.77,50,21,35.5,31,35,52,38.0,49,50,Last-minute crammer,Warning,Not Started,"Needs urgent improvement, counseling recommended.",No interest,42.9,Poor
S-12767,REG-2026-3767,M,21,BS AI,6,S1,50,34,68.0,2.57,2.37,77,60,68.5,76,69,61,77.0,70,63,Needs some guidance,Warning,Ongoing,Understands the basics but struggles with complex logic.,Learning basics of music,69.3,Good
S-12768,REG-2026-3768,M,21,BS AI,6,S1,50,19,38.0,2.31,2.45,22,38,30.0,39,41,49,39.0,46,51,Needs constant monitoring,Warning,Not Started,"Needs urgent improvement, counseling recommended.",Shy and inactive,42.7,Poor
S-12769,REG-2026-3769,F,18,BS Info Tech,4,S3,50,44,89.0,3.61,3.41,90,80,85.0,85,88,97,93.0,89,86,Regular studier,Excellent,Completed,Outstanding performance throughout the semester.,Outstanding performer in arts,90.0,Excellent
S-12770,REG-2026-3770,M,23,BS AI,4,S1,50,44,89.0,3.53,2.91,98,89,93.5,80,89,99,85.0,86,84,Regular studier,Excellent,Completed,Outstanding performance throughout the semester.,Active club president,88.45,Excellent
S-12771,REG-2026-3771,F,23,BS AI,2,S2,50,46,92.0,3.61,3.86,89,87,88.0,90,99,97,93.0,83,87,Highly focused,Excellent,Completed,Brilliant understanding of core concepts. A joy to teach.,Shows leadership in sports,90.4,Excellent
S-12772,REG-2026-3772,M,23,BS Info Tech,5,S3,50,23,47.0,1.69,1.51,29,25,27.0,39,26,38,28.0,27,22,Rarely studies,Needs Improvement,Not Started,"Needs urgent improvement, counseling recommended.",Shy and inactive,29.85,Poor
S-12773,REG-2026-3773,F,18,BS Data Science,6,S1,50,17,35.0,1.26,1.29,45,23,34.0,32,46,36,22.0,22,29,Needs constant monitoring,Needs Improvement,Not Started,Irregular attendance and extremely poor focus in class.,Struggles to participate,29.55,Poor
S-12774,REG-2026-3774,M,21,BS Computer Science,2,S2,50,37,75.0,2.51,2.72,68,55,61.5,75,67,68,71.0,76,58,Occasional studier,Good,Not Started,Good effort but needs more consistency in assignments.,Participates occasionally,69.55,Good
S-12775,REG-2026-3775,F,23,BS AI,8,S1,50,49,98.0,3.59,3.38,95,96,95.5,97,98,89,98.0,93,83,Highly focused,Excellent,Completed,Outstanding performance throughout the semester.,Outstanding performer in arts,93.6,Excellent
S-12776,REG-2026-3776,M,20,BS Computer Science,7,S2,50,37,75.0,2.69,2.71,57,75,66.0,65,60,73,78.0,74,58,Needs some guidance,Good,Ongoing,Average performance. Needs to focus more on lab work.,Participates occasionally,70.45,Good
S-12777,REG-2026-3777,M,25,BS Info Tech,4,S1,50,37,75.0,3.37,3.57,65,69,67.0,61,74,78,64.0,65,63,Last-minute crammer,Good,Ongoing,Good effort but needs more consistency in assignments.,Learning basics of music,67.95,Good
S-12778,REG-2026-3778,F,18,BS Data Science,5,S2,50,39,78.0,3.02,2.9,61,77,69.0,58,61,75,75.0,56,56,Needs some guidance,Warning,Not Started,Average performance. Needs to focus more on lab work.,Participates occasionally,65.65,Good
S-12779,REG-2026-3779,M,24,BS Data Science,7,S2,50,38,76.0,2.93,3.18,55,58,56.5,71,61,71,59.0,74,72,Last-minute crammer,Good,Ongoing,Average performance. Needs to focus more on lab work.,Average sports player,67.25,Good
S-12780,REG-2026-3780,M,24,BS AI,1,S3,50,41,82.0,2.58,2.53,59,73,66.0,73,76,55,67.0,71,75,Occasional studier,Good,Ongoing,Average performance. Needs to focus more on lab work.,Participates occasionally,68.85,Good
S-12781,REG-2026-3781,F,24,BS Software Eng,4,S2,50,40,81.0,3.26,2.99,70,77,73.5,59,74,61,68.0,56,63,Needs some guidance,Warning,Not Started,Average performance. Needs to focus more on lab work.,Participates occasionally,64.8,Average
S-12782,REG-2026-3782,F,25,BS Computer Science,1,S2,50,37,75.0,3.03,3.29,68,56,62.0,56,56,78,62.0,71,75,Needs some guidance,Good,Ongoing,Understands the basics but struggles with complex logic.,Learning basics of music,67.7,Good
S-12783,REG-2026-3783,F,22,BS Software Eng,1,S3,50,48,72.69,3.51,3.38,83,91,87.0,83,96,97,97.0,89,90,Highly focused,Excellent,Completed,Shows excellent leadership and analytical skills.,Outstanding performer in arts,92.45,Excellent
S-12784,REG-2026-3784,M,23,BS Info Tech,2,S2,50,43,87.0,3.69,3.92,91,90,90.5,94,93,81,95.0,82,96,Very consistent,Excellent,Completed,Brilliant understanding of core concepts. A joy to teach.,Active club president,88.65,Excellent
S-12785,REG-2026-3785,F,24,BS Software Eng,3,S3,50,47,95.0,3.79,3.68,96,96,96.0,87,99,93,82.0,82,94,Very consistent,Excellent,Completed,Brilliant understanding of core concepts. A joy to teach.,Active club president,88.85,Excellent
S-12786,REG-2026-3786,M,22,BS Data Science,8,S1,50,46,93.0,3.63,3.42,87,90,88.5,84,96,93,92.0,84,93,Regular studier,Excellent,Completed,Outstanding performance throughout the semester.,Shows leadership in sports,89.95,Excellent
S-12787,REG-2026-3787,M,19,BS Data Science,1,S2,50,40,81.0,2.79,3.04,66,68,67.0,61,63,67,66.0,65,63,Last-minute crammer,Good,Not Started,Good effort but needs more consistency in assignments.,Participates occasionally,65.9,Good
S-12788,REG-2026-3788,F,23,BS Computer Science,4,S3,50,41,83.0,2.83,2.73,75,73,74.0,67,77,60,73.0,64,74,Occasional studier,Good,Not Started,Understands the basics but struggles with complex logic.,Average sports player,69.6,Good
S-12789,REG-2026-3789,F,22,BS AI,2,S1,50,46,93.0,3.7,2.91,89,92,90.5,91,98,96,84.0,92,90,Highly focused,Excellent,Completed,Outstanding performance throughout the semester.,Shows leadership in sports,91.25,Excellent
S-12790,REG-2026-3790,M,22,BS AI,6,S3,50,33,67.0,3.16,3.21,55,62,58.5,63,62,76,76.0,55,62,Last-minute crammer,Warning,Not Started,Average performance. Needs to focus more on lab work.,Learning basics of music,65.1,Good
S-12791,REG-2026-3791,M,19,BS AI,7,S2,50,47,94.0,3.88,3.81,83,82,82.5,90,83,86,88.0,83,89,Highly focused,Excellent,Completed,"Highly proactive, consistent, and quick learner.",Active club president,85.9,Excellent
S-12792,REG-2026-3792,M,20,BS Info Tech,2,S3,50,34,68.0,2.59,2.56,73,73,73.0,69,72,71,67.0,65,63,Last-minute crammer,Good,Ongoing,Understands the basics but struggles with complex logic.,Learning basics of music,67.95,Good
S-12793,REG-2026-3793,F,24,BS Data Science,4,S3,50,49,99.0,3.96,3.67,87,97,92.0,90,80,96,81.0,96,90,Highly focused,Excellent,Completed,Shows excellent leadership and analytical skills.,Shows leadership in sports,90.25,Excellent
S-12794,REG-2026-3794,M,24,BS Computer Science,8,S2,50,37,75.0,3.4,3.35,63,65,64.0,75,66,60,57.0,64,57,Last-minute crammer,Warning,Ongoing,Good effort but needs more consistency in assignments.,Learning basics of music,62.6,Average
S-12795,REG-2026-3795,M,22,BS Computer Science,6,S1,50,49,98.0,3.96,3.86,86,93,89.5,85,90,93,84.0,93,92,Regular studier,Excellent,Completed,Outstanding performance throughout the semester.,Outstanding performer in arts,90.3,Excellent
S-12796,REG-2026-3796,M,19,BS Software Eng,4,S2,50,35,70.0,2.62,2.33,58,67,62.5,61,58,59,74.0,75,61,Occasional studier,Good,Ongoing,Understands the basics but struggles with complex logic.,Learning basics of music,67.1,Good
S-12797,REG-2026-3797,F,24,BS Data Science,2,S1,50,39,78.0,3.04,3.14,75,64,69.5,72,63,73,71.0,70,60,Needs some guidance,Good,Ongoing,Good effort but needs more consistency in assignments.,Average sports player,69.4,Good
S-12798,REG-2026-3798,M,20,BS Software Eng,8,S2,50,48,96.0,3.96,3.96,95,83,89.0,81,89,81,98.0,91,96,Regular studier,Excellent,Completed,"Highly proactive, consistent, and quick learner.",Shows leadership in sports,90.75,Excellent
S-12799,REG-2026-3799,F,18,BS AI,7,S2,50,35,70.0,3.17,2.9,69,67,68.0,56,64,66,71.0,64,56,Occasional studier,Warning,Ongoing,Understands the basics but struggles with complex logic.,Participates occasionally,65.2,Good
S-12800,REG-2026-3800,M,18,BS Computer Science,1,S2,50,24,48.0,2.0,1.92,23,23,23.0,24,49,37,31.0,47,27,Rarely studies,Warning,Not Started,Frequently misses deadlines and lacks motivation.,No interest,37.0,Poor
S-12801,REG-2026-3801,F,20,BS AI,1,S3,50,38,76.0,2.57,2.42,71,75,73.0,66,67,58,75.0,61,77,Occasional studier,Good,Ongoing,Good effort but needs more consistency in assignments.,Average sports player,67.75,Good
S-12802,REG-2026-3802,F,22,BS Software Eng,7,S3,50,36,73.0,3.31,3.11,67,76,71.5,67,67,66,59.0,65,57,Last-minute crammer,Good,Ongoing,Average performance. Needs to focus more on lab work.,Participates occasionally,64.5,Average
S-12803,REG-2026-3803,F,24,BS AI,3,S1,50,46,93.0,3.68,3.49,81,83,82.0,93,95,88,80.0,93,90,Very consistent,Excellent,Completed,Brilliant understanding of core concepts. A joy to teach.,Active club president,88.45,Excellent
S-12804,REG-2026-3804,M,22,BS Data Science,8,S3,50,46,92.0,3.63,3.42,86,85,85.5,99,98,83,84.0,80,93,Very consistent,Excellent,Completed,Shows excellent leadership and analytical skills.,Active club president,86.45,Excellent
S-12805,REG-2026-3805,M,23,BS Computer Science,1,S1,50,38,77.0,3.01,2.79,60,57,58.5,59,62,66,55.0,76,77,Needs some guidance,Warning,Ongoing,Understands the basics but struggles with complex logic.,Average sports player,66.45,Good
S-12806,REG-2026-3806,F,25,BS AI,5,S1,50,17,34.0,1.87,1.85,45,21,33.0,51,52,27,47.0,53,45,Needs constant monitoring,Needs Improvement,Not Started,Frequently misses deadlines and lacks motivation.,Struggles to participate,43.95,Poor
S-12807,REG-2026-3807,M,23,BS Data Science,8,S1,50,38,77.0,2.84,3.01,77,75,76.0,62,63,75,67.0,71,59,Needs some guidance,Good,Not Started,Average performance. Needs to focus more on lab work.,Learning basics of music,69.15,Good
S-12808,REG-2026-3808,M,21,BS Info Tech,1,S1,50,39,72.69,2.93,2.89,56,68,62.0,57,60,67,77.0,78,64,Needs some guidance,Warning,Ongoing,Understands the basics but struggles with complex logic.,Learning basics of music,70.35,Good
S-12809,REG-2026-3809,M,18,BS Software Eng,3,S2,50,33,66.0,3.12,2.9,60,67,63.5,70,75,77,77.0,78,55,Needs some guidance,Warning,Ongoing,Average performance. Needs to focus more on lab work.,Average sports player,72.6,Good
S-12810,REG-2026-3810,F,19,BS Software Eng,7,S1,50,39,72.69,3.27,3.43,61,75,68.0,62,74,55,68.0,74,59,Last-minute crammer,Good,Not Started,Average performance. Needs to focus more on lab work.,Average sports player,67.5,Good
S-12811,REG-2026-3811,F,21,BS Data Science,2,S3,50,28,57.0,1.35,1.37,27,48,37.5,27,38,34,45.0,41,52,Needs constant monitoring,Warning,Not Started,Frequently misses deadlines and lacks motivation.,No interest,41.3,Poor
S-12812,REG-2026-3812,F,18,BS Computer Science,4,S1,50,42,85.0,3.55,3.84,98,97,97.5,83,90,89,96.0,81,98,Very consistent,Excellent,Completed,Outstanding performance throughout the semester.,Shows leadership in sports,89.75,Excellent
S-12813,REG-2026-3813,F,25,BS Info Tech,2,S2,50,49,99.0,3.56,3.61,81,89,85.0,87,98,83,95.0,82,98,Very consistent,Excellent,Completed,Shows excellent leadership and analytical skills.,Shows leadership in sports,89.35,Excellent
S-12814,REG-2026-3814,F,19,BS Software Eng,5,S3,50,37,74.0,3.17,3.16,72,57,64.5,65,64,77,72.0,59,58,Needs some guidance,Warning,Ongoing,Average performance. Needs to focus more on lab work.,Participates occasionally,66.3,Good
S-12815,REG-2026-3815,F,20,BS AI,5,S3,50,47,95.0,3.72,3.73,98,81,89.5,91,95,97,92.0,92,92,Regular studier,Excellent,Completed,"Highly proactive, consistent, and quick learner.",Shows leadership in sports,92.9,Excellent
S-12816,REG-2026-3816,F,24,BS Software Eng,2,S2,50,49,99.0,3.7,3.72,91,87,89.0,97,86,84,96.0,88,94,Regular studier,Excellent,Completed,"Highly proactive, consistent, and quick learner.",Active club president,90.5,Excellent
S-12817,REG-2026-3817,M,23,BS Data Science,4,S1,50,36,73.0,2.81,2.92,72,65,68.5,76,60,69,69.0,61,69,Last-minute crammer,Good,Ongoing,Good effort but needs more consistency in assignments.,Learning basics of music,66.6,Good
S-12818,REG-2026-3818,M,24,BS AI,1,S3,50,16,32.0,1.56,2.91,38,41,39.5,29,26,28,32.0,45,40,Rarely studies,Warning,Not Started,Frequently misses deadlines and lacks motivation.,Struggles to participate,35.45,Poor
S-12819,REG-2026-3819,F,19,BS Info Tech,4,S1,50,35,71.0,3.27,3.19,60,78,69.0,72,63,76,59.0,65,64,Last-minute crammer,Warning,Not Started,Understands the basics but struggles with complex logic.,Learning basics of music,66.2,Good
S-12820,REG-2026-3820,F,20,BS Info Tech,3,S3,50,38,77.0,3.1,3.2,70,73,71.5,71,74,70,60.0,58,64,Occasional studier,Warning,Not Started,Good effort but needs more consistency in assignments.,Participates occasionally,65.35,Good
S-12821,REG-2026-3821,F,23,BS Data Science,7,S2,50,23,46.0,1.21,1.23,40,47,43.5,26,49,21,43.0,47,36,Needs constant monitoring,Probation,Not Started,Frequently misses deadlines and lacks motivation.,No interest,39.95,Poor
S-12822,REG-2026-3822,F,22,BS Computer Science,8,S2,50,46,93.0,3.75,3.89,91,87,89.0,84,87,83,95.0,81,89,Very consistent,Excellent,Completed,Shows excellent leadership and analytical skills.,Outstanding performer in arts,87.05,Excellent
S-12823,REG-2026-3823,M,18,BS Computer Science,2,S3,50,41,83.0,3.33,3.04,71,72,71.5,65,69,73,75.0,61,77,Needs some guidance,Warning,Not Started,Understands the basics but struggles with complex logic.,Participates occasionally,70.35,Good
S-12824,REG-2026-3824,M,21,BS Info Tech,6,S3,50,38,77.0,2.84,2.89,67,77,72.0,65,60,56,73.0,67,65,Occasional studier,Good,Not Started,Good effort but needs more consistency in assignments.,Participates occasionally,66.55,Good
S-12825,REG-2026-3825,F,21,BS Info Tech,3,S3,50,27,54.0,2.44,2.66,21,35,28.0,51,44,51,24.0,51,34,Needs constant monitoring,Probation,Not Started,Lacks fundamental understanding of the subject matter.,Shy and inactive,41.05,Poor
S-12826,REG-2026-3826,M,20,BS Computer Science,4,S3,50,38,76.0,2.83,3.1,70,74,72.0,78,65,73,62.0,60,78,Last-minute crammer,Warning,Not Started,Understands the basics but struggles with complex logic.,Average sports player,67.55,Good
S-12827,REG-2026-3827,M,21,BS Computer Science,4,S3,50,32,65.0,2.75,2.76,74,62,68.0,76,72,71,71.0,78,76,Occasional studier,Warning,Ongoing,"Participates occasionally, can definitely do better.",Participates occasionally,73.0,Good
S-12828,REG-2026-3828,F,20,BS Info Tech,2,S3,50,34,68.0,3.45,3.24,58,74,66.0,65,78,62,76.0,75,68,Needs some guidance,Good,Ongoing,"Participates occasionally, can definitely do better.",Participates occasionally,71.1,Good
S-12829,REG-2026-3829,F,19,BS Computer Science,1,S1,50,49,98.0,3.97,3.9,92,98,95.0,86,85,96,95.0,94,80,Highly focused,Excellent,Completed,Brilliant understanding of core concepts. A joy to teach.,Active club president,92.1,Excellent
S-12830,REG-2026-3830,F,20,BS Software Eng,3,S3,50,22,44.0,1.75,1.91,34,27,30.5,38,37,32,24.0,35,49,Needs constant monitoring,Probation,Not Started,"Needs urgent improvement, counseling recommended.",Struggles to participate,34.1,Poor
S-12831,REG-2026-3831,M,22,BS Software Eng,2,S2,50,23,46.0,2.13,2.06,28,28,28.0,39,51,26,26.0,29,52,Needs constant monitoring,Warning,Not Started,Irregular attendance and extremely poor focus in class.,No interest,33.7,Poor
S-12832,REG-2026-3832,F,24,BS AI,8,S1,50,39,78.0,3.41,3.21,76,59,67.5,62,63,76,78.0,59,75,Last-minute crammer,Warning,Not Started,"Participates occasionally, can definitely do better.",Participates occasionally,69.3,Good
S-12833,REG-2026-3833,M,21,BS AI,6,S2,50,24,48.0,1.59,1.35,51,22,36.5,46,28,20,39.0,32,22,Last-minute crammer,Probation,Not Started,Frequently misses deadlines and lacks motivation.,Struggles to participate,32.15,Poor
S-12834,REG-2026-3834,F,19,BS Info Tech,1,S3,50,34,69.0,3.02,3.03,65,68,66.5,55,67,66,60.0,56,55,Last-minute crammer,Good,Not Started,Understands the basics but struggles with complex logic.,Average sports player,60.95,Average
S-12835,REG-2026-3835,M,19,BS Data Science,4,S2,50,44,89.0,3.81,3.52,81,98,89.5,96,98,92,96.0,95,96,Regular studier,Excellent,Completed,Outstanding performance throughout the semester.,Active club president,94.35,Excellent
S-12836,REG-2026-3836,M,19,BS Data Science,1,S2,50,34,68.0,3.04,2.98,76,75,75.5,66,65,72,74.0,59,62,Last-minute crammer,Good,Not Started,Understands the basics but struggles with complex logic.,Learning basics of music,67.3,Good
S-12837,REG-2026-3837,M,21,BS Computer Science,4,S3,50,40,81.0,3.08,3.09,71,57,64.0,63,77,55,63.0,75,57,Occasional studier,Good,Ongoing,"Participates occasionally, can definitely do better.",Participates occasionally,66.6,Good
S-12838,REG-2026-3838,M,24,BS Software Eng,2,S3,50,33,66.0,2.55,2.56,66,62,64.0,56,78,59,57.0,70,69,Needs some guidance,Warning,Ongoing,Average performance. Needs to focus more on lab work.,Participates occasionally,64.95,Average
S-12839,REG-2026-3839,F,20,BS Computer Science,8,S2,50,33,66.0,2.88,2.86,60,66,63.0,59,60,73,69.0,57,71,Needs some guidance,Warning,Not Started,Good effort but needs more consistency in assignments.,Participates occasionally,64.65,Average
S-12840,REG-2026-3840,F,22,BS Computer Science,1,S2,50,22,44.0,1.15,1.19,32,39,35.5,23,30,30,32.0,36,32,Last-minute crammer,Probation,Not Started,Lacks fundamental understanding of the subject matter.,No interest,33.0,Poor
S-12841,REG-2026-3841,F,18,BS Info Tech,5,S2,50,34,68.0,2.54,2.25,70,59,64.5,73,78,71,71.0,61,78,Occasional studier,Good,Not Started,"Participates occasionally, can definitely do better.",Learning basics of music,69.2,Good
S-12842,REG-2026-3842,F,20,BS Computer Science,5,S1,50,33,66.0,3.43,3.33,65,74,69.5,67,61,76,68.0,66,58,Occasional studier,Good,Ongoing,Good effort but needs more consistency in assignments.,Participates occasionally,67.0,Good
S-12843,REG-2026-3843,F,22,BS Data Science,1,S3,50,22,44.0,2.25,2.4,21,30,25.5,23,29,49,35.0,20,30,Last-minute crammer,Warning,Not Started,Frequently misses deadlines and lacks motivation.,No interest,31.15,Poor
S-12844,REG-2026-3844,F,25,BS Data Science,2,S3,50,41,83.0,3.21,3.05,66,66,66.0,72,74,66,66.03,64,69,Last-minute crammer,Good,Not Started,"Participates occasionally, can definitely do better.",Participates occasionally,69.35,Good
S-12845,REG-2026-3845,M,25,BS Info Tech,5,S2,50,43,87.0,3.65,3.4,99,82,90.5,92,94,80,87.0,96,83,Very consistent,Excellent,Completed,"Highly proactive, consistent, and quick learner.",Active club president,89.1,Excellent
S-12846,REG-2026-3846,M,20,BS Software Eng,8,S3,50,26,53.0,1.81,1.77,39,39,39.0,40,43,38,35.0,37,38,Rarely studies,Needs Improvement,Not Started,Lacks fundamental understanding of the subject matter.,No interest,38.6,Poor
S-12847,REG-2026-3847,M,22,BS Software Eng,2,S2,50,40,80.0,2.9,2.97,59,64,61.5,67,72,70,59.0,67,63,Occasional studier,Warning,Ongoing,"Participates occasionally, can definitely do better.",Average sports player,66.05,Good
S-12848,REG-2026-3848,M,19,BS Data Science,2,S3,50,33,67.0,3.17,3.04,69,56,62.5,72,68,55,65.0,62,72,Last-minute crammer,Warning,Ongoing,Understands the basics but struggles with complex logic.,Average sports player,63.95,Average
S-12849,REG-2026-3849,M,23,BS Software Eng,1,S3,50,44,89.0,3.56,3.43,87,94,90.5,92,93,96,85.0,87,85,Regular studier,Excellent,Completed,Shows excellent leadership and analytical skills.,Outstanding performer in arts,89.05,Excellent
S-12850,REG-2026-3850,M,20,BS Software Eng,2,S3,50,33,67.0,3.12,2.88,64,59,61.5,56,56,74,58.0,62,73,Last-minute crammer,Good,Ongoing,Average performance. Needs to focus more on lab work.,Average sports player,63.4,Average
S-12851,REG-2026-3851,M,23,BS AI,8,S1,50,38,77.0,3.47,3.33,70,67,68.5,59,78,56,77.0,72,60,Needs some guidance,Good,Not Started,Understands the basics but struggles with complex logic.,Participates occasionally,69.25,Good
S-12852,REG-2026-3852,F,20,BS Computer Science,8,S3,50,39,79.0,2.75,2.89,66,68,67.0,63,75,56,70.0,78,57,Last-minute crammer,Warning,Not Started,Understands the basics but struggles with complex logic.,Learning basics of music,68.9,Good
S-12853,REG-2026-3853,F,24,BS AI,7,S1,50,34,69.0,2.7,2.86,75,55,65.0,76,76,71,70.0,64,61,Occasional studier,Good,Not Started,Average performance. Needs to focus more on lab work.,Participates occasionally,68.1,Good
S-12854,REG-2026-3854,M,23,BS Software Eng,5,S2,50,31,62.0,1.34,1.25,25,45,35.0,46,49,29,33.0,28,21,Needs constant monitoring,Probation,Not Started,Irregular attendance and extremely poor focus in class.,Shy and inactive,33.85,Poor
S-12855,REG-2026-3855,M,24,BS Software Eng,1,S1,50,33,67.0,2.77,2.74,63,78,70.5,61,63,69,66.03,66,75,Last-minute crammer,Warning,Ongoing,Good effort but needs more consistency in assignments.,Learning basics of music,68.9,Good
S-12856,REG-2026-3856,F,18,BS Info Tech,4,S3,50,37,74.0,3.41,3.48,63,61,62.0,67,76,57,78.0,66,70,Last-minute crammer,Good,Ongoing,Understands the basics but struggles with complex logic.,Average sports player,68.5,Good
S-12857,REG-2026-3857,F,24,BS Software Eng,6,S2,50,32,65.0,2.8,2.99,71,76,73.5,70,66,64,55.0,62,75,Needs some guidance,Warning,Not Started,Average performance. Needs to focus more on lab work.,Learning basics of music,64.3,Average
S-12858,REG-2026-3858,F,23,BS Software Eng,6,S2,50,34,69.0,3.2,2.97,72,61,66.5,69,72,58,56.0,72,69,Needs some guidance,Warning,Not Started,Average performance. Needs to focus more on lab work.,Average sports player,65.55,Good
S-12859,REG-2026-3859,F,20,BS Info Tech,5,S1,50,35,71.0,2.54,2.84,57,70,63.5,55,67,74,62.0,62,68,Occasional studier,Good,Not Started,Good effort but needs more consistency in assignments.,Participates occasionally,65.15,Good
S-12860,REG-2026-3860,F,25,BS Software Eng,3,S3,50,39,78.0,2.53,2.36,59,70,64.5,58,67,74,68.0,59,66,Needs some guidance,Warning,Not Started,Good effort but needs more consistency in assignments.,Average sports player,66.0,Good
S-12861,REG-2026-3861,F,21,BS AI,4,S3,50,35,70.0,3.35,2.91,77,75,76.0,71,58,60,66.03,76,69,Last-minute crammer,Good,Ongoing,Average performance. Needs to focus more on lab work.,Learning basics of music,66.55,Good
S-12862,REG-2026-3862,F,19,BS Computer Science,2,S1,50,37,74.0,3.03,2.9,78,58,68.0,62,75,77,68.0,65,74,Last-minute crammer,Good,Ongoing,Good effort but needs more consistency in assignments.,Participates occasionally,69.9,Good
S-12863,REG-2026-3863,F,25,BS Info Tech,1,S3,50,19,38.0,1.53,1.76,43,31,37.0,20,23,25,42.0,38,42,Needs constant monitoring,Warning,Not Started,Irregular attendance and extremely poor focus in class.,Struggles to participate,34.75,Poor
S-12864,REG-2026-3864,F,21,BS Info Tech,4,S2,50,32,65.0,2.57,2.68,68,70,69.0,63,58,59,64.0,74,57,Last-minute crammer,Warning,Not Started,"Participates occasionally, can definitely do better.",Participates occasionally,64.95,Average
S-12865,REG-2026-3865,F,22,BS Computer Science,8,S3,50,45,91.0,3.73,3.69,98,83,90.5,86,81,80,85.0,86,87,Highly focused,Excellent,Completed,Brilliant understanding of core concepts. A joy to teach.,Outstanding performer in arts,85.2,Excellent
S-12866,REG-2026-3866,M,21,BS Computer Science,4,S2,50,40,80.0,3.26,3.48,58,70,64.0,70,74,55,67.0,71,56,Last-minute crammer,Good,Not Started,No feedback provided,Average sports player,66.3,Good
S-12867,REG-2026-3867,M,19,BS Data Science,8,S3,50,25,50.0,1.58,1.67,42,45,43.5,26,31,31,35.0,40,23,Last-minute crammer,Needs Improvement,Not Started,"Needs urgent improvement, counseling recommended.",No interest,35.2,Poor
S-12868,REG-2026-3868,M,20,BS Data Science,4,S1,50,34,68.0,2.75,2.61,77,75,76.0,69,72,57,71.0,72,72,Last-minute crammer,Good,Not Started,Understands the basics but struggles with complex logic.,Learning basics of music,69.6,Good
S-12869,REG-2026-3869,F,19,BS Info Tech,6,S1,50,28,58.0,1.34,1.44,41,25,33.0,34,40,40,44.0,38,45,Needs constant monitoring,Needs Improvement,Not Started,Irregular attendance and extremely poor focus in class.,No interest,40.7,Poor
S-12870,REG-2026-3870,F,19,BS Software Eng,2,S1,50,20,40.0,1.09,1.08,42,31,36.5,34,38,36,42.0,52,31,Rarely studies,Needs Improvement,Not Started,Irregular attendance and extremely poor focus in class.,Struggles to participate,41.05,Poor
S-12871,REG-2026-3871,M,21,BS Software Eng,8,S1,50,41,82.0,2.93,3.07,56,59,57.5,69,73,62,77.0,75,72,Last-minute crammer,Good,Not Started,Good effort but needs more consistency in assignments.,Participates occasionally,71.25,Good
S-12872,REG-2026-3872,F,24,BS Computer Science,3,S1,50,49,99.0,3.66,3.5,84,84,84.0,82,89,93,89.0,93,82,Regular studier,Excellent,Completed,Shows excellent leadership and analytical skills.,Outstanding performer in arts,89.55,Excellent
S-12873,REG-2026-3873,F,22,BS Info Tech,7,S2,50,44,88.0,3.56,3.82,80,95,87.5,84,97,96,90.0,84,91,Highly focused,Excellent,Completed,Brilliant understanding of core concepts. A joy to teach.,Active club president,89.55,Excellent
S-12874,REG-2026-3874,M,20,BS Computer Science,2,S3,50,18,36.0,1.64,1.86,46,34,40.0,35,32,34,27.0,24,34,Needs constant monitoring,Probation,Not Started,Frequently misses deadlines and lacks motivation.,Struggles to participate,30.65,Poor
S-12875,REG-2026-3875,F,25,BS AI,5,S3,50,48,96.0,3.61,3.76,83,87,85.0,99,84,82,89.0,91,86,Very consistent,Excellent,Completed,"Highly proactive, consistent, and quick learner.",Active club president,88.1,Excellent
S-12876,REG-2026-3876,M,25,BS AI,4,S2,50,35,70.0,2.76,2.76,65,72,68.5,75,68,56,66.03,78,77,Occasional studier,Warning,Ongoing,Good effort but needs more consistency in assignments.,Average sports player,69.3,Good
S-12877,REG-2026-3877,F,23,BS Data Science,2,S2,50,34,69.0,2.89,2.61,55,69,62.0,71,57,74,66.0,55,65,Occasional studier,Good,Not Started,Understands the basics but struggles with complex logic.,Average sports player,63.45,Average
S-12878,REG-2026-3878,F,25,BS Data Science,1,S2,50,47,94.0,3.85,3.59,80,80,80.0,84,87,89,80.0,99,80,Regular studier,Excellent,Completed,"Highly proactive, consistent, and quick learner.",Outstanding performer in arts,87.7,Excellent
S-12879,REG-2026-3879,M,18,BS AI,2,S2,50,40,81.0,2.67,2.47,61,55,58.0,72,60,72,66.03,74,58,Needs some guidance,Warning,Not Started,Average performance. Needs to focus more on lab work.,Participates occasionally,67.55,Good
S-12880,REG-2026-3880,M,18,BS AI,8,S1,50,34,68.0,2.63,2.37,72,63,67.5,64,71,70,76.0,67,63,Occasional studier,Warning,Not Started,Understands the basics but struggles with complex logic.,Participates occasionally,69.2,Good
S-12881,REG-2026-3881,F,25,BS Info Tech,6,S1,50,33,67.0,3.4,3.42,71,56,63.5,57,55,55,58.0,75,76,Needs some guidance,Warning,Not Started,Understands the basics but struggles with complex logic.,Average sports player,64.25,Average
S-12882,REG-2026-3882,M,25,BS Data Science,3,S1,50,36,73.0,3.45,2.91,58,76,67.0,63,63,78,77.0,55,55,Occasional studier,Good,Not Started,Average performance. Needs to focus more on lab work.,Participates occasionally,66.15,Good
S-12883,REG-2026-3883,F,24,BS Software Eng,6,S3,50,41,82.0,3.0,2.88,66,71,68.5,77,68,75,62.0,64,75,Needs some guidance,Warning,Not Started,Good effort but needs more consistency in assignments.,Learning basics of music,68.75,Good
S-12884,REG-2026-3884,F,22,BS Data Science,7,S1,50,42,85.0,3.51,3.4,97,84,90.5,87,82,94,93.0,89,81,Regular studier,Excellent,Completed,"Highly proactive, consistent, and quick learner.",Shows leadership in sports,88.9,Excellent
S-12885,REG-2026-3885,M,19,BS Data Science,2,S3,50,44,88.0,3.8,3.86,96,81,88.5,97,99,88,83.0,96,80,Regular studier,Excellent,Completed,"Highly proactive, consistent, and quick learner.",Shows leadership in sports,89.8,Excellent
S-12886,REG-2026-3886,F,19,BS Data Science,2,S3,50,48,97.0,3.98,3.84,88,93,90.5,91,82,87,93.0,93,94,Regular studier,Excellent,Completed,Brilliant understanding of core concepts. A joy to teach.,Shows leadership in sports,90.95,Excellent
S-12887,REG-2026-3887,F,20,BS Software Eng,6,S1,50,18,36.0,1.94,2.05,34,37,35.5,53,21,37,31.0,40,32,Last-minute crammer,Needs Improvement,Not Started,Lacks fundamental understanding of the subject matter.,Struggles to participate,35.05,Poor
S-12888,REG-2026-3888,F,24,BS Data Science,5,S3,50,48,96.0,3.79,3.62,84,81,82.5,96,95,83,95.0,92,93,Highly focused,Excellent,Completed,Shows excellent leadership and analytical skills.,Shows leadership in sports,91.1,Excellent
S-12889,REG-2026-3889,M,24,BS Data Science,7,S1,50,35,70.0,2.79,2.8,59,59,59.0,70,60,58,58.0,77,62,Occasional studier,Good,Ongoing,Understands the basics but struggles with complex logic.,Participates occasionally,64.65,Average
S-12890,REG-2026-3890,M,19,BS Data Science,5,S1,50,45,90.0,3.53,3.79,86,89,87.5,90,83,83,91.0,80,88,Very consistent,Excellent,Completed,Outstanding performance throughout the semester.,Shows leadership in sports,85.5,Excellent
S-12891,REG-2026-3891,M,18,BS Info Tech,2,S2,50,33,66.0,3.23,3.11,66,67,66.5,61,78,62,78.0,63,55,Last-minute crammer,Warning,Not Started,Average performance. Needs to focus more on lab work.,Participates occasionally,66.95,Good
S-12892,REG-2026-3892,F,23,BS AI,4,S1,50,42,85.0,3.57,3.35,97,94,95.5,96,83,84,89.0,86,95,Highly focused,Excellent,Completed,Shows excellent leadership and analytical skills.,Active club president,88.3,Excellent
S-12893,REG-2026-3893,M,25,BS Data Science,7,S2,50,40,80.0,3.35,3.44,57,72,64.5,62,55,61,64.0,76,57,Last-minute crammer,Good,Ongoing,Understands the basics but struggles with complex logic.,Learning basics of music,65.7,Good
S-12894,REG-2026-3894,M,25,BS Computer Science,8,S2,50,47,94.0,3.81,3.58,83,84,83.5,87,99,95,93.0,84,88,Highly focused,Excellent,Completed,Outstanding performance throughout the semester.,Shows leadership in sports,89.95,Excellent
S-12895,REG-2026-3895,F,19,BS Info Tech,4,S3,50,38,76.0,2.52,2.35,77,64,70.5,64,66,65,62.0,67,64,Occasional studier,Good,Not Started,Understands the basics but struggles with complex logic.,Average sports player,65.95,Good
S-12896,REG-2026-3896,F,19,BS Software Eng,4,S3,50,42,85.0,3.95,3.97,87,90,88.5,85,91,88,97.0,87,95,Very consistent,Excellent,Completed,Shows excellent leadership and analytical skills.,Outstanding performer in arts,90.3,Excellent
S-12897,REG-2026-3897,F,20,BS Software Eng,5,S2,50,38,77.0,3.1,3.07,77,68,72.5,59,63,73,66.0,70,74,Needs some guidance,Good,Ongoing,Average performance. Needs to focus more on lab work.,Participates occasionally,69.4,Good
S-12898,REG-2026-3898,F,21,BS Data Science,7,S3,50,18,37.0,1.06,1.25,22,30,26.0,39,27,24,20.0,37,45,Needs constant monitoring,Probation,Not Started,Irregular attendance and extremely poor focus in class.,Shy and inactive,30.45,Poor
S-12899,REG-2026-3899,M,23,BS AI,5,S1,50,31,62.0,1.68,1.41,41,29,35.0,38,53,39,33.0,20,31,Rarely studies,Probation,Not Started,Lacks fundamental understanding of the subject matter.,No interest,34.35,Poor
S-12900,REG-2026-3900,M,24,BS Data Science,2,S1,50,34,68.0,2.72,2.7,60,76,68.0,65,69,60,68.0,77,65,Last-minute crammer,Warning,Not Started,Average performance. Needs to focus more on lab work.,Average sports player,68.7,Good
S-12901,REG-2026-3901,M,22,BS Computer Science,7,S3,50,33,66.0,3.48,3.62,64,61,62.5,60,67,61,60.0,77,63,Needs some guidance,Warning,Not Started,Understands the basics but struggles with complex logic.,Participates occasionally,65.95,Good
S-12902,REG-2026-3902,M,20,BS Computer Science,7,S3,50,41,83.0,3.2,3.19,77,63,70.0,75,75,57,66.0,66,64,Last-minute crammer,Good,Not Started,"Participates occasionally, can definitely do better.",Learning basics of music,67.05,Good
S-12903,REG-2026-3903,M,25,BS Info Tech,7,S2,50,35,70.0,3.25,3.39,65,63,64.0,56,62,68,63.0,62,74,Last-minute crammer,Good,Not Started,Good effort but needs more consistency in assignments.,Learning basics of music,64.6,Average
S-12904,REG-2026-3904,F,18,BS Computer Science,1,S2,50,25,51.0,2.08,2.37,53,26,39.5,30,28,38,24.0,47,20,Needs constant monitoring,Probation,Not Started,No feedback provided,No interest,35.05,Poor
S-12905,REG-2026-3905,F,21,BS Info Tech,3,S2,50,36,72.0,2.67,2.46,63,57,60.0,57,67,63,55.0,58,77,Needs some guidance,Good,Ongoing,Average performance. Needs to focus more on lab work.,Learning basics of music,61.8,Average
S-12906,REG-2026-3906,M,20,BS Software Eng,6,S1,50,34,69.0,2.75,2.92,67,76,71.5,57,65,57,78.0,78,68,Needs some guidance,Warning,Not Started,"Participates occasionally, can definitely do better.",Learning basics of music,70.4,Good
S-12907,REG-2026-3907,F,18,BS Software Eng,2,S2,50,41,82.0,2.65,2.8,56,60,58.0,77,55,61,63.0,77,64,Occasional studier,Good,Not Started,Average performance. Needs to focus more on lab work.,Learning basics of music,66.65,Good
S-12908,REG-2026-3908,M,24,BS Computer Science,7,S3,50,43,87.0,3.83,3.75,93,90,91.5,89,94,95,83.0,86,84,Highly focused,Excellent,Completed,"Highly proactive, consistent, and quick learner.",Active club president,88.1,Excellent
S-12909,REG-2026-3909,M,24,BS Data Science,5,S3,50,34,68.0,2.88,2.82,55,63,59.0,77,76,77,74.0,62,60,Needs some guidance,Good,Not Started,"Participates occasionally, can definitely do better.",Average sports player,68.6,Good
S-12910,REG-2026-3910,M,18,BS Software Eng,2,S3,50,48,97.0,3.97,3.82,91,92,91.5,86,91,88,91.0,90,94,Regular studier,Excellent,Completed,"Highly proactive, consistent, and quick learner.",Active club president,90.7,Excellent
S-12911,REG-2026-3911,F,20,BS AI,2,S1,50,46,93.0,3.56,3.62,89,89,89.0,96,84,88,80.0,89,87,Regular studier,Excellent,Completed,Brilliant understanding of core concepts. A joy to teach.,Shows leadership in sports,86.9,Excellent
S-12912,REG-2026-3912,M,22,BS Info Tech,3,S3,50,17,35.0,1.05,1.04,40,39,39.5,38,38,23,22.0,46,33,Rarely studies,Warning,Not Started,Lacks fundamental understanding of the subject matter.,No interest,34.05,Poor
S-12913,REG-2026-3913,F,22,BS AI,1,S2,50,31,63.0,1.24,1.29,24,39,31.5,49,32,35,40.0,37,46,Last-minute crammer,Probation,Not Started,Irregular attendance and extremely poor focus in class.,Struggles to participate,39.05,Poor
S-12914,REG-2026-3914,M,19,BS AI,5,S1,50,36,73.0,3.48,3.71,57,70,63.5,77,56,56,58.0,76,59,Last-minute crammer,Good,Ongoing,"Participates occasionally, can definitely do better.",Participates occasionally,64.35,Average
S-12915,REG-2026-3915,M,23,BS AI,3,S2,50,46,93.0,3.82,2.91,83,96,89.5,99,87,81,83.0,95,97,Very consistent,Excellent,Completed,"Highly proactive, consistent, and quick learner.",Active club president,89.45,Excellent
S-12916,REG-2026-3916,M,21,BS AI,4,S2,50,43,86.0,3.89,3.84,90,85,87.5,99,80,86,93.0,91,98,Very consistent,Excellent,Completed,"Highly proactive, consistent, and quick learner.",Shows leadership in sports,90.05,Excellent
S-12917,REG-2026-3917,F,22,BS Software Eng,3,S3,50,28,58.0,2.19,1.98,50,44,47.0,37,26,38,21.0,24,40,Needs constant monitoring,Probation,Not Started,"Needs urgent improvement, counseling recommended.",Struggles to participate,31.95,Poor
S-12918,REG-2026-3918,M,19,BS AI,7,S2,50,49,99.0,3.79,3.53,92,95,93.5,99,88,82,93.0,96,86,Regular studier,Excellent,Completed,Outstanding performance throughout the semester.,Active club president,91.55,Excellent
S-12919,REG-2026-3919,M,19,BS Data Science,6,S1,50,34,68.0,3.22,3.13,76,71,73.5,61,70,78,60.0,55,77,Last-minute crammer,Good,Ongoing,Average performance. Needs to focus more on lab work.,Learning basics of music,65.95,Good
S-12920,REG-2026-3920,M,18,BS AI,8,S3,50,45,72.69,3.81,3.76,88,95,91.5,87,92,99,94.0,88,96,Regular studier,Excellent,Completed,Shows excellent leadership and analytical skills.,Active club president,92.45,Excellent
S-12921,REG-2026-3921,M,20,BS AI,5,S3,50,41,83.0,3.21,3.2,61,73,67.0,66,66,62,76.0,76,71,Last-minute crammer,Warning,Ongoing,Understands the basics but struggles with complex logic.,Participates occasionally,71.35,Good
S-12922,REG-2026-3922,M,23,BS Info Tech,5,S3,50,24,48.0,1.27,1.19,24,41,32.5,27,38,35,21.0,53,33,Rarely studies,Needs Improvement,Not Started,Lacks fundamental understanding of the subject matter.,Struggles to participate,36.8,Poor
S-12923,REG-2026-3923,M,18,BS Info Tech,6,S1,50,16,72.69,2.13,1.84,40,27,33.5,29,25,45,53.0,51,24,Last-minute crammer,Probation,Not Started,Lacks fundamental understanding of the subject matter.,Shy and inactive,41.45,Poor
S-12924,REG-2026-3924,M,24,BS Computer Science,5,S1,50,25,51.0,1.17,1.31,20,36,28.0,41,20,44,32.0,27,40,Rarely studies,Needs Improvement,Not Started,"Needs urgent improvement, counseling recommended.",No interest,33.15,Poor
S-12925,REG-2026-3925,F,23,BS Software Eng,5,S2,50,35,70.0,2.6,2.49,68,67,67.5,59,70,61,78.0,78,72,Needs some guidance,Good,Not Started,Understands the basics but struggles with complex logic.,Learning basics of music,71.65,Good
S-12926,REG-2026-3926,F,23,BS Info Tech,4,S2,50,35,71.0,3.04,3.08,57,67,62.0,72,56,61,65.0,59,74,Occasional studier,Good,Not Started,Average performance. Needs to focus more on lab work.,Learning basics of music,63.25,Average
S-12927,REG-2026-3927,M,21,BS Computer Science,8,S1,50,40,81.0,3.24,3.48,65,76,70.5,67,64,74,66.03,67,56,Needs some guidance,Good,Ongoing,Average performance. Needs to focus more on lab work.,Learning basics of music,68.3,Good
S-12928,REG-2026-3928,F,22,BS AI,6,S1,50,29,59.0,2.03,1.88,36,30,33.0,29,39,20,46.0,35,40,Needs constant monitoring,Probation,Not Started,"Needs urgent improvement, counseling recommended.",Shy and inactive,36.55,Poor
S-12929,REG-2026-3929,F,18,BS Info Tech,4,S3,50,37,74.0,2.61,2.77,59,71,65.0,68,62,72,66.03,58,60,Last-minute crammer,Good,Ongoing,Average performance. Needs to focus more on lab work.,Average sports player,63.3,Average
S-12930,REG-2026-3930,F,19,BS Software Eng,4,S3,50,20,40.0,1.8,1.75,24,34,29.0,36,41,27,37.0,31,52,Needs constant monitoring,Probation,Not Started,Lacks fundamental understanding of the subject matter.,Struggles to participate,35.2,Poor
S-12931,REG-2026-3931,M,19,BS Software Eng,6,S2,50,47,94.0,3.51,3.63,82,96,89.0,90,86,84,88.0,94,98,Very consistent,Excellent,Completed,Brilliant understanding of core concepts. A joy to teach.,Active club president,90.2,Excellent
S-12932,REG-2026-3932,M,20,BS Software Eng,6,S1,50,45,91.0,3.88,3.87,90,84,87.0,95,83,91,80.0,81,88,Very consistent,Excellent,Completed,"Highly proactive, consistent, and quick learner.",Outstanding performer in arts,85.0,Excellent
S-12933,REG-2026-3933,M,19,BS Computer Science,1,S3,50,19,39.0,1.85,2.05,45,35,40.0,38,43,42,25.0,24,21,Rarely studies,Probation,Not Started,Irregular attendance and extremely poor focus in class.,No interest,31.55,Poor
S-12934,REG-2026-3934,F,23,BS Computer Science,6,S2,50,45,90.0,3.83,3.58,97,92,94.5,97,87,90,91.0,92,94,Regular studier,Excellent,Completed,Outstanding performance throughout the semester.,Shows leadership in sports,91.6,Excellent
S-12935,REG-2026-3935,M,22,BS Data Science,2,S3,50,47,95.0,3.92,3.71,85,94,89.5,97,95,92,96.0,91,98,Very consistent,Excellent,Completed,Shows excellent leadership and analytical skills.,Outstanding performer in arts,93.6,Excellent
S-12936,REG-2026-3936,F,18,BS Software Eng,4,S3,50,31,62.0,1.31,1.32,31,49,40.0,39,43,37,30.0,35,30,Rarely studies,Needs Improvement,Not Started,Frequently misses deadlines and lacks motivation.,No interest,36.65,Poor
S-12937,REG-2026-3937,M,25,BS Data Science,7,S3,50,34,68.0,3.07,2.93,72,57,64.5,76,59,67,61.0,57,64,Needs some guidance,Good,Not Started,"Participates occasionally, can definitely do better.",Learning basics of music,62.45,Average
S-12938,REG-2026-3938,M,24,BS Info Tech,5,S1,50,34,69.0,3.29,3.21,57,78,67.5,71,60,77,58.0,76,78,Occasional studier,Good,Ongoing,Average performance. Needs to focus more on lab work.,Learning basics of music,69.7,Good
S-12939,REG-2026-3939,F,19,BS Data Science,6,S2,50,28,57.0,2.47,2.59,53,42,47.5,20,23,37,20.0,38,47,Last-minute crammer,Warning,Not Started,"Needs urgent improvement, counseling recommended.",Struggles to participate,34.65,Poor
S-12940,REG-2026-3940,M,21,BS Computer Science,2,S3,50,32,65.0,2.82,2.89,75,76,75.5,72,64,63,72.0,71,57,Last-minute crammer,Warning,Ongoing,Average performance. Needs to focus more on lab work.,Average sports player,68.1,Good
S-12941,REG-2026-3941,M,18,BS Computer Science,2,S3,50,33,67.0,3.06,2.93,76,59,67.5,70,78,74,62.0,75,72,Needs some guidance,Good,Ongoing,"Participates occasionally, can definitely do better.",Learning basics of music,70.85,Good
S-12942,REG-2026-3942,F,24,BS Software Eng,5,S3,50,20,40.0,1.46,1.67,45,30,37.5,32,46,40,42.0,42,30,Last-minute crammer,Needs Improvement,Not Started,Lacks fundamental understanding of the subject matter.,No interest,39.85,Poor
S-12943,REG-2026-3943,M,21,BS Computer Science,2,S3,50,39,78.0,2.57,2.28,56,70,63.0,65,77,58,63.0,58,72,Needs some guidance,Warning,Ongoing,"Participates occasionally, can definitely do better.",Learning basics of music,64.15,Average
S-12944,REG-2026-3944,F,21,BS AI,4,S1,50,49,99.0,3.98,3.93,96,81,88.5,84,86,86,87.0,96,96,Regular studier,Excellent,Completed,Brilliant understanding of core concepts. A joy to teach.,Outstanding performer in arts,90.5,Excellent
S-12945,REG-2026-3945,F,22,BS AI,1,S1,50,16,32.0,1.54,1.35,24,44,34.0,36,34,45,41.0,39,24,Needs constant monitoring,Probation,Not Started,Frequently misses deadlines and lacks motivation.,Struggles to participate,37.3,Poor
S-12946,REG-2026-3946,M,23,BS Software Eng,1,S1,50,46,93.0,3.93,3.67,92,86,89.0,92,94,82,93.0,87,94,Very consistent,Excellent,Completed,"Highly proactive, consistent, and quick learner.",Active club president,89.6,Excellent
S-12947,REG-2026-3947,M,23,BS Data Science,3,S2,50,44,89.0,3.82,3.68,91,98,94.5,82,99,92,91.0,84,80,Very consistent,Excellent,Completed,Outstanding performance throughout the semester.,Outstanding performer in arts,88.9,Excellent
S-12948,REG-2026-3948,F,23,BS AI,4,S2,50,38,76.0,2.51,2.58,76,62,69.0,70,63,67,78.0,68,68,Needs some guidance,Warning,Ongoing,"Participates occasionally, can definitely do better.",Learning basics of music,69.95,Good
S-12949,REG-2026-3949,M,18,BS Software Eng,2,S2,50,41,83.0,3.17,3.33,69,61,65.0,60,67,75,76.0,73,70,Occasional studier,Good,Not Started,Average performance. Needs to focus more on lab work.,Learning basics of music,72.05,Good
S-12950,REG-2026-3950,F,25,BS Computer Science,1,S1,50,43,87.0,3.81,3.99,92,87,89.5,93,88,82,84.0,84,83,Regular studier,Excellent,Completed,Shows excellent leadership and analytical skills.,Outstanding performer in arts,85.15,Excellent
S-12951,REG-2026-3951,F,21,BS Software Eng,7,S1,50,41,83.0,3.46,3.19,63,63,63.0,68,58,66,57.0,62,67,Occasional studier,Warning,Not Started,Good effort but needs more consistency in assignments.,Average sports player,63.15,Average
S-12952,REG-2026-3952,F,20,BS Info Tech,5,S3,50,44,89.0,3.58,3.56,92,95,93.5,95,84,97,88.0,87,86,Regular studier,Excellent,Completed,Outstanding performance throughout the semester.,Outstanding performer in arts,89.45,Excellent
S-12953,REG-2026-3953,F,23,BS Computer Science,5,S2,50,48,97.0,3.55,3.33,82,80,81.0,97,98,95,88.0,86,85,Highly focused,Excellent,Completed,Outstanding performance throughout the semester.,Shows leadership in sports,89.45,Excellent
S-12954,REG-2026-3954,F,19,BS Info Tech,6,S3,50,36,72.0,2.82,2.86,60,73,66.5,74,61,73,55.0,65,61,Last-minute crammer,Warning,Not Started,"Participates occasionally, can definitely do better.",Average sports player,64.35,Average
S-12955,REG-2026-3955,M,24,BS Data Science,7,S2,50,46,92.0,3.67,3.69,84,94,89.0,99,93,87,92.0,80,80,Very consistent,Excellent,Completed,Shows excellent leadership and analytical skills.,Outstanding performer in arts,87.2,Excellent
S-12956,REG-2026-3956,M,23,BS Computer Science,7,S2,50,44,88.0,3.75,3.69,93,92,92.5,95,81,85,96.0,90,83,Regular studier,Excellent,Completed,Shows excellent leadership and analytical skills.,Active club president,89.25,Excellent
S-12957,REG-2026-3957,M,22,BS Software Eng,1,S3,50,48,97.0,3.66,3.83,83,94,88.5,82,92,85,94.0,83,87,Highly focused,Excellent,Completed,Outstanding performance throughout the semester.,Shows leadership in sports,88.0,Excellent
S-12958,REG-2026-3958,M,22,BS Data Science,5,S2,50,35,71.0,3.43,3.56,78,78,78.0,64,76,60,61.0,55,70,Needs some guidance,Good,Not Started,Understands the basics but struggles with complex logic.,Participates occasionally,64.1,Average
S-12959,REG-2026-3959,F,20,BS Computer Science,7,S2,50,36,72.0,3.16,3.41,77,73,75.0,65,66,68,70.0,65,57,Last-minute crammer,Good,Ongoing,Average performance. Needs to focus more on lab work.,Participates occasionally,67.1,Good
S-12960,REG-2026-3960,M,21,BS Info Tech,3,S3,50,44,88.0,3.91,3.85,90,88,89.0,99,89,84,89.0,80,90,Highly focused,Excellent,Completed,"Highly proactive, consistent, and quick learner.",Outstanding performer in arts,86.55,Excellent
S-12961,REG-2026-3961,F,21,BS Software Eng,5,S1,50,41,83.0,3.35,2.91,76,68,72.0,66,65,56,61.0,59,63,Occasional studier,Warning,Not Started,Good effort but needs more consistency in assignments.,Participates occasionally,62.8,Average
S-12962,REG-2026-3962,M,24,BS Info Tech,3,S2,50,45,90.0,3.6,3.46,95,80,87.5,89,97,88,93.0,96,93,Very consistent,Excellent,Completed,"Highly proactive, consistent, and quick learner.",Shows leadership in sports,92.5,Excellent
S-12963,REG-2026-3963,F,19,BS Software Eng,4,S1,50,40,80.0,2.65,2.59,59,78,68.5,78,78,60,71.0,64,68,Needs some guidance,Warning,Not Started,Average performance. Needs to focus more on lab work.,Average sports player,68.55,Good
S-12964,REG-2026-3964,M,24,BS Computer Science,1,S3,50,16,33.0,1.38,1.63,35,31,33.0,32,33,41,20.0,31,24,Rarely studies,Needs Improvement,Not Started,Lacks fundamental understanding of the subject matter.,Struggles to participate,30.15,Poor
S-12965,REG-2026-3965,M,21,BS Software Eng,7,S3,50,35,70.0,2.52,2.48,73,71,72.0,55,57,74,68.0,58,71,Occasional studier,Warning,Ongoing,Good effort but needs more consistency in assignments.,Learning basics of music,65.45,Good
S-12966,REG-2026-3966,M,24,BS Info Tech,3,S2,50,24,48.0,2.34,2.27,43,37,40.0,37,52,21,27.0,42,24,Last-minute crammer,Needs Improvement,Not Started,Irregular attendance and extremely poor focus in class.,Shy and inactive,34.9,Poor
S-12967,REG-2026-3967,M,23,BS Computer Science,1,S2,50,46,92.0,3.81,3.95,80,90,85.0,80,89,83,88.0,94,94,Highly focused,Excellent,Completed,Brilliant understanding of core concepts. A joy to teach.,Outstanding performer in arts,88.95,Excellent
S-12968,REG-2026-3968,F,18,BS AI,8,S2,50,35,71.0,3.42,3.68,67,62,64.5,70,70,74,62.0,71,58,Occasional studier,Good,Not Started,"Participates occasionally, can definitely do better.",Average sports player,67.55,Good
S-12969,REG-2026-3969,M,24,BS Software Eng,6,S3,50,44,89.0,3.86,3.84,95,94,94.5,93,94,96,85.0,97,90,Very consistent,Excellent,Completed,Shows excellent leadership and analytical skills.,Outstanding performer in arts,92.6,Excellent
S-12970,REG-2026-3970,M,22,BS Info Tech,8,S1,50,36,73.0,3.41,3.2,64,72,68.0,69,76,76,68.0,56,75,Needs some guidance,Warning,Ongoing,"Participates occasionally, can definitely do better.",Learning basics of music,68.0,Good
S-12971,REG-2026-3971,F,24,BS Data Science,3,S1,50,26,72.69,1.56,1.62,42,31,36.5,34,29,30,38.0,30,20,Needs constant monitoring,Probation,Not Started,Frequently misses deadlines and lacks motivation.,Shy and inactive,32.45,Poor
S-12972,REG-2026-3972,M,22,BS Software Eng,2,S3,50,46,92.0,3.87,3.9,89,90,89.5,96,88,84,93.0,84,83,Regular studier,Excellent,Completed,Brilliant understanding of core concepts. A joy to teach.,Outstanding performer in arts,87.65,Excellent
S-12973,REG-2026-3973,M,21,BS Computer Science,8,S1,50,43,87.0,3.83,3.88,97,81,89.0,84,87,93,96.0,97,99,Regular studier,Excellent,Completed,Brilliant understanding of core concepts. A joy to teach.,Outstanding performer in arts,93.45,Excellent
S-12974,REG-2026-3974,M,22,BS Computer Science,6,S2,50,16,33.0,2.0,2.04,33,25,29.0,30,24,29,46.0,43,35,Rarely studies,Warning,Not Started,"Needs urgent improvement, counseling recommended.",Shy and inactive,36.25,Poor
S-12975,REG-2026-3975,F,25,BS Info Tech,5,S2,50,41,83.0,2.63,2.56,64,66,65.0,77,75,59,76.0,57,67,Last-minute crammer,Warning,Ongoing,Average performance. Needs to focus more on lab work.,Learning basics of music,67.0,Good
S-12976,REG-2026-3976,F,23,BS Software Eng,5,S2,50,32,65.0,2.58,2.65,73,64,68.5,63,63,64,70.0,58,56,Last-minute crammer,Warning,Ongoing,Average performance. Needs to focus more on lab work.,Participates occasionally,63.25,Average
S-12977,REG-2026-3977,M,24,BS Data Science,2,S3,50,38,76.0,3.37,3.5,73,62,67.5,65,57,56,59.0,78,76,Occasional studier,Warning,Not Started,Understands the basics but struggles with complex logic.,Average sports player,66.8,Good
S-12978,REG-2026-3978,M,22,BS AI,7,S1,50,33,66.0,2.92,2.78,63,73,68.0,59,75,66,64.0,61,61,Last-minute crammer,Good,Not Started,Good effort but needs more consistency in assignments.,Average sports player,64.6,Average
S-12979,REG-2026-3979,F,25,BS Data Science,7,S3,50,41,82.0,2.5,2.54,57,73,65.0,64,65,61,66.03,76,73,Last-minute crammer,Good,Ongoing,Understands the basics but struggles with complex logic.,Average sports player,67.55,Good
S-12980,REG-2026-3980,M,25,BS Info Tech,8,S2,50,39,79.0,2.93,2.89,60,60,60.0,59,62,70,57.0,67,75,Last-minute crammer,Warning,Ongoing,Good effort but needs more consistency in assignments.,Participates occasionally,65.25,Good
S-12981,REG-2026-3981,F,21,BS AI,3,S1,50,40,81.0,3.27,3.17,59,65,62.0,59,69,68,65.0,64,69,Needs some guidance,Good,Not Started,Understands the basics but struggles with complex logic.,Learning basics of music,66.2,Good
S-12982,REG-2026-3982,F,18,BS AI,4,S1,50,49,99.0,3.58,3.47,82,94,88.0,93,96,85,84.0,90,95,Regular studier,Excellent,Completed,Brilliant understanding of core concepts. A joy to teach.,Outstanding performer in arts,89.55,Excellent
S-12983,REG-2026-3983,M,19,BS Data Science,8,S3,50,33,66.0,2.54,2.7,56,71,63.5,74,57,55,73.0,68,70,Needs some guidance,Good,Ongoing,Understands the basics but struggles with complex logic.,Learning basics of music,65.9,Good
S-12984,REG-2026-3984,M,24,BS AI,2,S3,50,41,82.0,3.46,3.46,71,57,64.0,65,71,67,67.0,60,67,Needs some guidance,Good,Not Started,"Participates occasionally, can definitely do better.",Learning basics of music,66.0,Good
S-12985,REG-2026-3985,F,20,BS AI,2,S2,50,39,78.0,3.18,3.07,66,63,64.5,56,61,67,60.0,68,57,Last-minute crammer,Warning,Not Started,Understands the basics but struggles with complex logic.,Average sports player,64.0,Average
S-12986,REG-2026-3986,M,24,BS AI,2,S2,50,39,78.0,2.91,2.85,70,68,69.0,55,76,58,56.0,61,62,Occasional studier,Warning,Not Started,Understands the basics but struggles with complex logic.,Average sports player,62.5,Average
S-12987,REG-2026-3987,M,24,BS Computer Science,1,S1,50,37,74.0,2.87,3.06,57,69,63.0,65,73,60,66.03,66,59,Last-minute crammer,Warning,Not Started,Understands the basics but struggles with complex logic.,Average sports player,66.15,Good
S-12988,REG-2026-3988,F,20,BS Info Tech,3,S3,50,44,88.0,3.57,3.78,99,80,89.5,93,84,87,98.0,81,85,Highly focused,Excellent,Completed,Shows excellent leadership and analytical skills.,Shows leadership in sports,87.8,Excellent
S-12989,REG-2026-3989,M,22,BS Software Eng,4,S1,50,46,93.0,3.83,3.65,95,83,89.0,80,87,96,81.0,91,86,Very consistent,Excellent,Completed,Shows excellent leadership and analytical skills.,Active club president,88.2,Excellent
S-12990,REG-2026-3990,M,25,BS Software Eng,2,S2,50,40,81.0,2.76,2.92,77,57,67.0,77,62,56,65.0,64,58,Needs some guidance,Warning,Not Started,"Participates occasionally, can definitely do better.",Participates occasionally,64.0,Average
S-12991,REG-2026-3991,F,24,BS Data Science,2,S3,50,43,86.0,3.86,3.92,97,93,95.0,80,92,87,81.0,86,86,Highly focused,Excellent,Completed,Outstanding performance throughout the semester.,Shows leadership in sports,86.35,Excellent
S-12992,REG-2026-3992,M,24,BS Computer Science,2,S3,50,38,76.0,2.57,2.36,55,72,63.5,62,64,60,67.0,78,75,Occasional studier,Warning,Not Started,Average performance. Needs to focus more on lab work.,Average sports player,69.05,Good
S-12993,REG-2026-3993,M,18,BS AI,1,S2,50,38,76.0,3.36,3.63,67,70,68.5,57,59,68,65.0,70,55,Last-minute crammer,Warning,Ongoing,"Participates occasionally, can definitely do better.",Average sports player,65.6,Good
S-12994,REG-2026-3994,M,24,BS AI,5,S3,50,40,81.0,2.73,2.85,75,55,65.0,58,74,73,62.0,75,59,Occasional studier,Warning,Not Started,Average performance. Needs to focus more on lab work.,Average sports player,68.85,Good
S-12995,REG-2026-3995,M,22,BS Software Eng,2,S3,50,37,75.0,3.33,3.49,64,59,61.5,67,67,55,65.0,62,64,Needs some guidance,Warning,Ongoing,Good effort but needs more consistency in assignments.,Average sports player,63.1,Average
S-12996,REG-2026-3996,F,21,BS Data Science,6,S1,50,46,93.0,3.55,3.44,82,80,81.0,82,89,87,94.0,80,98,Very consistent,Excellent,Completed,Shows excellent leadership and analytical skills.,Shows leadership in sports,87.4,Excellent
S-12997,REG-2026-3997,F,21,BS AI,7,S2,50,37,74.0,3.29,3.46,61,62,61.5,61,56,64,73.0,72,69,Last-minute crammer,Good,Ongoing,"Participates occasionally, can definitely do better.",Average sports player,67.6,Good
S-12998,REG-2026-3998,M,19,BS Computer Science,4,S3,50,39,78.0,2.74,2.89,76,66,71.0,63,63,66,74.0,58,71,Occasional studier,Warning,Not Started,Understands the basics but struggles with complex logic.,Learning basics of music,66.75,Good
S-12999,REG-2026-3999,F,21,BS Data Science,6,S3,50,43,87.0,3.97,3.79,97,85,91.0,98,80,84,97.0,92,96,Regular studier,Excellent,Completed,Outstanding performance throughout the semester.,Active club president,90.95,Excellent
S-13000,REG-2026-4000,F,24,BS Computer Science,8,S1,50,38,77.0,2.7,2.58,68,62,65.0,66,71,72,56.0,65,71,Occasional studier,Warning,Ongoing,Understands the basics but struggles with complex logic.,Average sports player,66.1,Good
S-13001,REG-2026-4001,F,20,BS Software Eng,8,S3,50,43,87.0,3.99,3.81,80,88,84.0,83,91,94,99.0,80,82,Very consistent,Excellent,Completed,"Highly proactive, consistent, and quick learner.",Outstanding performer in arts,88.1,Excellent
S-13002,REG-2026-4002,M,21,BS Info Tech,7,S1,50,32,65.0,3.02,3.14,78,73,75.5,67,74,56,64.0,65,73,Occasional studier,Warning,Not Started,Good effort but needs more consistency in assignments.,Participates occasionally,66.3,Good
S-13003,REG-2026-4003,M,25,BS Data Science,1,S1,50,36,73.0,3.06,2.81,64,58,61.0,68,57,60,62.0,71,62,Needs some guidance,Warning,Ongoing,Good effort but needs more consistency in assignments.,Learning basics of music,64.2,Average
S-13004,REG-2026-4004,F,23,BS Software Eng,7,S3,50,47,95.0,3.67,3.7,87,92,89.5,84,94,84,92.0,81,86,Highly focused,Excellent,Completed,Outstanding performance throughout the semester.,Shows leadership in sports,87.15,Excellent
S-13005,REG-2026-4005,F,18,BS Software Eng,4,S2,50,40,81.0,3.13,2.92,74,61,67.5,65,59,65,67.0,57,78,Needs some guidance,Warning,Not Started,"Participates occasionally, can definitely do better.",Participates occasionally,65.15,Good
S-13006,REG-2026-4006,M,24,BS Info Tech,6,S3,50,22,45.0,1.6,1.49,33,52,42.5,41,48,48,23.0,46,50,Rarely studies,Warning,Not Started,"Needs urgent improvement, counseling recommended.",No interest,41.65,Poor
S-13007,REG-2026-4007,M,19,BS Computer Science,5,S3,50,41,82.0,3.08,2.88,68,74,71.0,77,67,67,70.0,60,77,Needs some guidance,Good,Ongoing,Understands the basics but struggles with complex logic.,Participates occasionally,68.5,Good
S-13008,REG-2026-4008,F,23,BS Info Tech,4,S2,50,36,72.0,3.41,3.56,74,68,71.0,72,62,64,61.0,74,68,Needs some guidance,Good,Not Started,"Participates occasionally, can definitely do better.",Average sports player,67.6,Good
S-13009,REG-2026-4009,F,25,BS AI,1,S3,50,39,79.0,2.94,2.93,75,71,73.0,57,68,74,61.0,61,58,Occasional studier,Good,Ongoing,Average performance. Needs to focus more on lab work.,Learning basics of music,65.25,Good
S-13010,REG-2026-4010,M,24,BS Data Science,2,S2,50,38,76.0,2.82,2.62,56,77,66.5,58,65,67,74.0,57,56,Last-minute crammer,Warning,Ongoing,No feedback provided,Learning basics of music,64.55,Average
S-13011,REG-2026-4011,M,25,BS Software Eng,3,S3,50,37,74.0,3.41,3.44,78,62,70.0,78,67,63,77.0,72,67,Needs some guidance,Warning,Ongoing,Good effort but needs more consistency in assignments.,Participates occasionally,70.85,Good
S-13012,REG-2026-4012,F,21,BS Data Science,1,S2,50,36,73.0,3.06,3.35,62,59,60.5,73,77,72,77.0,76,64,Occasional studier,Good,Ongoing,Average performance. Needs to focus more on lab work.,Learning basics of music,72.65,Good
S-13013,REG-2026-4013,F,21,BS Info Tech,6,S2,50,31,62.0,1.3,1.07,36,41,38.5,37,28,45,21.0,34,50,Rarely studies,Warning,Not Started,Frequently misses deadlines and lacks motivation.,No interest,36.05,Poor
S-13014,REG-2026-4014,F,23,BS Data Science,8,S3,50,45,91.0,3.68,3.95,88,91,89.5,95,80,94,84.0,90,99,Highly focused,Excellent,Completed,Outstanding performance throughout the semester.,Shows leadership in sports,89.55,Excellent
S-13015,REG-2026-4015,M,24,BS Info Tech,1,S3,50,46,93.0,3.67,3.68,83,85,84.0,82,97,98,84.0,93,85,Very consistent,Excellent,Completed,Outstanding performance throughout the semester.,Shows leadership in sports,90.1,Excellent
S-13016,REG-2026-4016,F,25,BS Software Eng,1,S2,50,38,76.0,3.15,2.92,73,75,74.0,62,67,74,59.0,55,66,Needs some guidance,Good,Ongoing,Average performance. Needs to focus more on lab work.,Participates occasionally,64.25,Average
S-13017,REG-2026-4017,F,19,BS Data Science,8,S2,50,37,75.0,2.82,2.53,58,69,63.5,68,62,59,66.0,67,64,Last-minute crammer,Warning,Ongoing,Good effort but needs more consistency in assignments.,Learning basics of music,64.9,Average
S-13018,REG-2026-4018,M,23,BS Info Tech,2,S2,50,23,47.0,1.82,2.01,49,25,37.0,51,46,40,49.0,35,26,Needs constant monitoring,Probation,Not Started,"Needs urgent improvement, counseling recommended.",Struggles to participate,40.35,Poor
S-13019,REG-2026-4019,F,18,BS AI,3,S3,50,32,65.0,3.08,3.33,58,57,57.5,58,78,70,66.0,70,68,Last-minute crammer,Warning,Ongoing,Understands the basics but struggles with complex logic.,Participates occasionally,67.7,Good
S-13020,REG-2026-4020,F,22,BS Data Science,6,S2,50,48,97.0,3.86,3.93,98,86,92.0,89,87,88,87.0,86,95,Highly focused,Excellent,Completed,Brilliant understanding of core concepts. A joy to teach.,Outstanding performer in arts,88.8,Excellent
S-13021,REG-2026-4021,M,19,BS Computer Science,7,S3,50,34,69.0,2.63,2.57,63,61,62.0,78,57,60,71.0,59,71,Last-minute crammer,Warning,Not Started,"Participates occasionally, can definitely do better.",Learning basics of music,64.3,Average
S-13022,REG-2026-4022,F,21,BS Data Science,6,S2,50,38,77.0,2.99,3.02,60,60,60.0,73,78,75,71.0,74,62,Needs some guidance,Warning,Ongoing,Good effort but needs more consistency in assignments.,Average sports player,71.45,Good
S-13023,REG-2026-4023,F,18,BS Data Science,7,S3,50,46,93.0,3.8,3.72,95,82,88.5,90,99,99,87.0,97,81,Regular studier,Excellent,Completed,Outstanding performance throughout the semester.,Outstanding performer in arts,92.5,Excellent
S-13024,REG-2026-4024,M,24,BS AI,6,S2,50,47,95.0,3.53,3.31,92,94,93.0,87,93,91,98.0,93,94,Regular studier,Excellent,Completed,No feedback provided,Active club president,93.6,Excellent
S-13025,REG-2026-4025,F,20,BS Computer Science,6,S3,50,34,68.0,3.36,3.64,78,69,73.5,63,58,55,58.0,60,56,Occasional studier,Good,Ongoing,Average performance. Needs to focus more on lab work.,Average sports player,60.15,Average
S-13026,REG-2026-4026,F,21,BS Computer Science,8,S3,50,25,50.0,2.2,2.36,34,47,40.5,41,26,26,53.0,29,39,Last-minute crammer,Warning,Not Started,Frequently misses deadlines and lacks motivation.,Struggles to participate,36.85,Poor
S-13027,REG-2026-4027,M,23,BS Software Eng,1,S3,50,49,99.0,3.84,3.85,98,98,98.0,95,84,83,81.0,92,89,Very consistent,Excellent,Completed,"Highly proactive, consistent, and quick learner.",Active club president,88.45,Excellent
S-13028,REG-2026-4028,F,23,BS Data Science,8,S2,50,17,35.0,1.26,1.45,28,44,36.0,34,33,47,53.0,29,32,Last-minute crammer,Needs Improvement,Not Started,Frequently misses deadlines and lacks motivation.,Shy and inactive,38.45,Poor
S-13029,REG-2026-4029,M,24,BS AI,4,S3,50,19,38.0,2.05,2.02,51,48,49.5,31,33,39,26.0,46,44,Needs constant monitoring,Probation,Not Started,"Needs urgent improvement, counseling recommended.",Struggles to participate,38.65,Poor
S-13030,REG-2026-4030,F,19,BS Data Science,1,S1,50,33,72.69,2.83,2.82,60,62,61.0,67,65,71,73.0,66,73,Occasional studier,Warning,Not Started,"Participates occasionally, can definitely do better.",Participates occasionally,68.35,Good
S-13031,REG-2026-4031,F,18,BS AI,3,S3,50,45,91.0,3.88,3.94,87,84,85.5,93,93,86,88.0,81,88,Highly focused,Excellent,Completed,Shows excellent leadership and analytical skills.,Outstanding performer in arts,86.6,Excellent
S-13032,REG-2026-4032,F,22,BS Info Tech,3,S2,50,15,30.0,1.35,1.47,31,51,41.0,50,42,49,44.0,45,25,Last-minute crammer,Needs Improvement,Not Started,Irregular attendance and extremely poor focus in class.,No interest,42.2,Poor
S-13033,REG-2026-4033,F,18,BS Software Eng,3,S1,50,48,97.0,3.74,3.94,97,90,93.5,94,99,85,93.0,95,92,Highly focused,Excellent,Completed,No feedback provided,Active club president,93.1,Excellent
S-13034,REG-2026-4034,M,20,BS Software Eng,5,S1,50,48,96.0,3.91,3.65,81,91,86.0,84,92,97,98.0,95,99,Highly focused,Excellent,Completed,"Highly proactive, consistent, and quick learner.",Shows leadership in sports,94.6,Excellent
S-13035,REG-2026-4035,F,20,BS Software Eng,4,S1,50,37,75.0,3.0,2.85,73,61,67.0,77,64,64,73.0,76,71,Occasional studier,Good,Ongoing,Understands the basics but struggles with complex logic.,Average sports player,71.0,Good
S-13036,REG-2026-4036,M,20,BS Info Tech,4,S2,50,47,94.0,3.97,2.91,97,96,96.5,83,89,93,98.0,93,98,Highly focused,Excellent,Completed,Shows excellent leadership and analytical skills.,Outstanding performer in arts,94.0,Excellent
S-13037,REG-2026-4037,M,23,BS Info Tech,8,S3,50,28,56.0,2.3,2.42,24,20,22.0,37,40,41,52.0,52,47,Rarely studies,Needs Improvement,Not Started,Lacks fundamental understanding of the subject matter.,No interest,45.1,Poor
S-13038,REG-2026-4038,F,18,BS Info Tech,1,S3,50,37,74.0,3.24,3.04,55,63,59.0,71,76,65,60.0,66,72,Needs some guidance,Good,Not Started,Good effort but needs more consistency in assignments.,Learning basics of music,66.2,Good
S-13039,REG-2026-4039,M,18,BS AI,2,S1,50,23,47.0,1.97,1.72,35,47,41.0,47,27,37,53.0,32,40,Last-minute crammer,Probation,Not Started,Lacks fundamental understanding of the subject matter.,Struggles to participate,39.65,Poor
S-13040,REG-2026-4040,M,24,BS Data Science,5,S3,50,37,75.0,2.79,2.91,59,67,63.0,70,65,78,74.0,68,69,Occasional studier,Warning,Not Started,Good effort but needs more consistency in assignments.,Average sports player,70.45,Good
S-13041,REG-2026-4041,M,19,BS Software Eng,4,S2,50,35,71.0,3.06,2.87,77,68,72.5,72,60,62,68.0,67,62,Needs some guidance,Good,Not Started,Good effort but needs more consistency in assignments.,Learning basics of music,66.25,Good
S-13042,REG-2026-4042,M,18,BS Computer Science,8,S3,50,32,65.0,2.78,2.86,56,56,56.0,69,67,70,64.0,66,72,Occasional studier,Good,Ongoing,Understands the basics but struggles with complex logic.,Learning basics of music,66.0,Good
S-13043,REG-2026-4043,F,24,BS Computer Science,3,S1,50,47,94.0,3.54,3.76,99,97,98.0,98,87,82,90.0,96,94,Highly focused,Excellent,Completed,Shows excellent leadership and analytical skills.,Active club president,91.8,Excellent
S-13044,REG-2026-4044,F,22,BS Info Tech,8,S1,50,16,32.0,1.29,1.25,23,24,23.5,37,49,22,31.0,30,28,Last-minute crammer,Needs Improvement,Not Started,Irregular attendance and extremely poor focus in class.,No interest,30.5,Poor
S-13045,REG-2026-4045,F,25,BS Info Tech,4,S2,50,33,66.0,2.97,3.23,72,55,63.5,58,77,66,64.0,76,66,Occasional studier,Good,Not Started,No feedback provided,Participates occasionally,68.55,Good
S-13046,REG-2026-4046,F,24,BS Software Eng,4,S3,50,35,71.0,3.29,3.2,69,76,72.5,65,55,68,63.0,67,76,Occasional studier,Good,Ongoing,Average performance. Needs to focus more on lab work.,Average sports player,66.7,Good
S-13047,REG-2026-4047,M,23,BS Software Eng,2,S3,50,25,50.0,1.44,1.54,20,30,25.0,48,32,51,40.0,26,26,Last-minute crammer,Needs Improvement,Not Started,Frequently misses deadlines and lacks motivation.,No interest,35.35,Poor
S-13048,REG-2026-4048,M,20,BS Info Tech,5,S2,50,39,79.0,2.58,2.77,57,55,56.0,76,57,62,57.0,69,75,Last-minute crammer,Warning,Ongoing,Understands the basics but struggles with complex logic.,Participates occasionally,64.5,Average
S-13049,REG-2026-4049,M,23,BS AI,3,S3,50,44,88.0,3.95,3.89,97,90,93.5,97,93,93,95.0,99,91,Regular studier,Excellent,Completed,Shows excellent leadership and analytical skills.,Active club president,94.7,Excellent
S-13050,REG-2026-4050,M,22,BS Computer Science,6,S3,50,33,66.0,3.02,3.23,78,75,76.5,58,60,68,55.0,78,63,Needs some guidance,Good,Ongoing,Good effort but needs more consistency in assignments.,Participates occasionally,66.85,Good
S-13051,REG-2026-4051,F,20,BS Software Eng,6,S1,50,46,92.0,3.6,3.55,84,93,88.5,86,80,86,84.0,89,80,Highly focused,Excellent,Completed,Brilliant understanding of core concepts. A joy to teach.,Shows leadership in sports,85.7,Excellent
S-13052,REG-2026-4052,F,20,BS AI,4,S2,50,41,83.0,2.73,2.91,65,71,68.0,68,75,68,55.0,77,63,Needs some guidance,Good,Ongoing,Understands the basics but struggles with complex logic.,Average sports player,68.6,Good
S-13053,REG-2026-4053,M,21,BS Info Tech,8,S2,50,28,56.0,2.09,2.18,37,53,45.0,25,27,38,20.0,44,48,Needs constant monitoring,Needs Improvement,Not Started,No feedback provided,No interest,36.75,Poor
S-13054,REG-2026-4054,F,21,BS Data Science,5,S1,50,36,72.0,2.92,2.68,56,58,57.0,65,62,72,77.0,78,68,Occasional studier,Good,Ongoing,Good effort but needs more consistency in assignments.,Learning basics of music,71.25,Good
S-13055,REG-2026-4055,F,25,BS Info Tech,7,S3,50,38,77.0,2.58,2.29,55,63,59.0,59,56,67,56.0,67,68,Occasional studier,Good,Ongoing,Average performance. Needs to focus more on lab work.,Participates occasionally,63.1,Average
S-13056,REG-2026-4056,F,22,BS Info Tech,3,S2,50,22,44.0,1.47,1.4,38,35,36.5,52,29,23,41.0,25,47,Needs constant monitoring,Warning,Not Started,"Needs urgent improvement, counseling recommended.",Shy and inactive,33.95,Poor
S-13057,REG-2026-4057,F,25,BS AI,6,S1,50,37,74.0,3.42,3.58,74,60,67.0,66,74,70,59.0,70,73,Needs some guidance,Warning,Ongoing,Average performance. Needs to focus more on lab work.,Learning basics of music,68.2,Good
S-13058,REG-2026-4058,M,23,BS Data Science,6,S2,50,15,72.69,2.42,2.4,40,29,34.5,32,29,38,41.0,43,26,Needs constant monitoring,Warning,Not Started,"Needs urgent improvement, counseling recommended.",Struggles to participate,36.7,Poor
S-13059,REG-2026-4059,M,21,BS Data Science,7,S2,50,36,72.0,2.79,3.05,57,69,63.0,58,63,62,63.0,72,73,Occasional studier,Warning,Ongoing,"Participates occasionally, can definitely do better.",Average sports player,66.3,Good
S-13060,REG-2026-4060,F,21,BS Data Science,5,S1,50,38,76.0,2.5,2.47,61,65,63.0,72,78,63,58.0,76,63,Last-minute crammer,Good,Ongoing,Understands the basics but struggles with complex logic.,Participates occasionally,67.85,Good
S-13061,REG-2026-4061,M,23,BS Computer Science,6,S3,50,48,97.0,3.93,3.94,93,90,91.5,95,90,83,91.0,98,95,Highly focused,Excellent,Completed,Outstanding performance throughout the semester.,Active club president,92.4,Excellent
S-13062,REG-2026-4062,M,24,BS Computer Science,6,S3,50,16,32.0,2.09,2.22,49,47,48.0,35,21,34,50.0,29,44,Rarely studies,Needs Improvement,Not Started,Irregular attendance and extremely poor focus in class.,Shy and inactive,37.0,Poor
S-13063,REG-2026-4063,F,24,BS Software Eng,8,S3,50,24,48.0,1.31,1.29,34,32,33.0,24,48,53,37.0,37,48,Rarely studies,Probation,Not Started,Lacks fundamental understanding of the subject matter.,Struggles to participate,41.1,Poor
S-13064,REG-2026-4064,F,20,BS Computer Science,2,S2,50,41,83.0,2.81,3.08,77,58,67.5,66,77,63,71.0,70,67,Occasional studier,Good,Not Started,Understands the basics but struggles with complex logic.,Learning basics of music,69.75,Good
S-13065,REG-2026-4065,M,18,BS Data Science,2,S2,50,43,86.0,3.65,3.52,94,85,89.5,85,91,82,87.0,95,91,Regular studier,Excellent,Completed,Shows excellent leadership and analytical skills.,Outstanding performer in arts,89.15,Excellent
S-13066,REG-2026-4066,F,19,BS Software Eng,5,S2,50,38,76.0,2.82,2.75,71,72,71.5,59,59,71,63.0,64,76,Needs some guidance,Warning,Ongoing,No feedback provided,Learning basics of music,66.65,Good
S-13067,REG-2026-4067,F,21,BS AI,8,S1,50,40,80.0,3.03,3.24,76,78,77.0,62,75,62,76.0,64,55,Occasional studier,Good,Ongoing,Good effort but needs more consistency in assignments.,Average sports player,68.3,Good
S-13068,REG-2026-4068,M,20,BS Software Eng,4,S1,50,33,66.0,2.72,2.62,67,56,61.5,57,56,60,55.0,56,76,Last-minute crammer,Warning,Ongoing,"Participates occasionally, can definitely do better.",Average sports player,59.5,Average
S-13069,REG-2026-4069,F,19,BS Info Tech,4,S2,50,39,79.0,3.05,3.13,62,65,63.5,63,55,64,73.0,75,63,Last-minute crammer,Good,Not Started,Good effort but needs more consistency in assignments.,Learning basics of music,68.2,Good
S-13070,REG-2026-4070,F,23,BS Computer Science,7,S3,50,49,99.0,3.88,3.92,86,88,87.0,81,85,93,86.0,91,99,Very consistent,Excellent,Completed,"Highly proactive, consistent, and quick learner.",Outstanding performer in arts,90.0,Excellent
S-13071,REG-2026-4071,M,24,BS AI,8,S3,50,42,85.0,3.79,3.71,92,90,91.0,99,98,88,88.0,83,83,Highly focused,Excellent,Completed,Brilliant understanding of core concepts. A joy to teach.,Active club president,87.95,Excellent
S-13072,REG-2026-4072,M,19,BS Software Eng,5,S3,50,31,62.0,2.14,1.9,37,40,38.5,41,39,30,52.0,30,48,Rarely studies,Needs Improvement,Not Started,Irregular attendance and extremely poor focus in class.,Struggles to participate,40.1,Poor
S-13073,REG-2026-4073,F,20,BS Computer Science,7,S1,50,33,66.0,2.53,2.47,73,66,69.5,68,71,74,72.0,64,69,Needs some guidance,Warning,Ongoing,"Participates occasionally, can definitely do better.",Learning basics of music,69.15,Good
S-13074,REG-2026-4074,M,24,BS Computer Science,8,S1,50,43,87.0,3.89,3.77,80,85,82.5,96,84,87,90.0,80,96,Regular studier,Excellent,Completed,Brilliant understanding of core concepts. A joy to teach.,Active club president,86.45,Excellent
S-13075,REG-2026-4075,M,18,BS AI,5,S2,50,47,94.0,3.93,3.81,81,88,84.5,86,84,80,87.0,83,89,Very consistent,Excellent,Completed,Shows excellent leadership and analytical skills.,Shows leadership in sports,84.9,Excellent
S-13076,REG-2026-4076,F,19,BS Info Tech,7,S3,50,43,86.0,3.81,3.75,96,90,93.0,82,94,81,82.0,91,92,Regular studier,Excellent,Completed,"Highly proactive, consistent, and quick learner.",Shows leadership in sports,87.6,Excellent
S-13077,REG-2026-4077,M,24,BS Software Eng,6,S2,50,32,65.0,3.05,2.83,64,73,68.5,55,56,63,66.03,62,58,Occasional studier,Good,Ongoing,"Participates occasionally, can definitely do better.",Average sports player,64.2,Average
S-13078,REG-2026-4078,F,18,BS Software Eng,7,S3,50,24,49.0,2.3,2.46,39,38,38.5,44,20,53,24.0,43,35,Last-minute crammer,Needs Improvement,Not Started,Lacks fundamental understanding of the subject matter.,Shy and inactive,37.5,Poor
S-13079,REG-2026-4079,F,19,BS Computer Science,3,S3,50,24,49.0,1.4,1.23,45,47,46.0,21,36,36,45.0,34,33,Last-minute crammer,Probation,Not Started,"Needs urgent improvement, counseling recommended.",No interest,37.9,Poor
S-13080,REG-2026-4080,M,25,BS Info Tech,2,S1,50,40,81.0,2.58,2.76,73,65,69.0,55,77,58,55.0,71,75,Last-minute crammer,Good,Ongoing,Understands the basics but struggles with complex logic.,Learning basics of music,66.35,Good
S-13081,REG-2026-4081,F,20,BS Software Eng,3,S1,50,33,66.0,3.1,2.92,65,72,68.5,75,70,60,74.0,66,65,Needs some guidance,Warning,Not Started,"Participates occasionally, can definitely do better.",Average sports player,67.7,Good
S-13082,REG-2026-4082,F,22,BS Software Eng,3,S3,50,41,82.0,2.76,2.75,75,72,73.5,67,76,68,60.0,60,65,Occasional studier,Warning,Ongoing,"Participates occasionally, can definitely do better.",Learning basics of music,66.1,Good
S-13083,REG-2026-4083,F,22,BS Computer Science,5,S3,50,32,65.0,2.66,2.89,71,66,68.5,63,78,77,61.0,63,72,Needs some guidance,Warning,Ongoing,"Participates occasionally, can definitely do better.",Average sports player,67.75,Good
S-13084,REG-2026-4084,M,21,BS AI,7,S1,50,31,63.0,1.85,2.08,36,23,29.5,35,49,41,38.0,24,50,Last-minute crammer,Warning,Not Started,Irregular attendance and extremely poor focus in class.,Struggles to participate,37.5,Poor
S-13085,REG-2026-4085,M,22,BS Info Tech,4,S3,50,37,74.0,2.92,3.09,61,61,61.0,63,61,59,61.0,56,65,Occasional studier,Good,Not Started,Average performance. Needs to focus more on lab work.,Learning basics of music,60.6,Average
S-13086,REG-2026-4086,M,25,BS Software Eng,2,S3,50,44,89.0,3.7,3.9,82,90,86.0,83,80,93,96.0,80,86,Very consistent,Excellent,Completed,Outstanding performance throughout the semester.,Active club president,86.95,Excellent
S-13087,REG-2026-4087,F,24,BS AI,8,S3,50,41,82.0,2.52,2.27,75,73,74.0,70,65,75,77.0,55,64,Occasional studier,Warning,Not Started,"Participates occasionally, can definitely do better.",Learning basics of music,68.3,Good
S-13088,REG-2026-4088,F,22,BS Data Science,3,S2,50,36,73.0,3.26,2.98,66,71,68.5,71,74,56,66.0,58,55,Occasional studier,Warning,Not Started,Understands the basics but struggles with complex logic.,Average sports player,63.05,Average
S-13089,REG-2026-4089,M,19,BS Software Eng,8,S1,50,49,99.0,3.89,3.72,92,91,91.5,95,82,99,66.03,90,96,Regular studier,Excellent,Completed,Brilliant understanding of core concepts. A joy to teach.,Outstanding performer in arts,93.2,Excellent
S-13090,REG-2026-4090,F,24,BS Info Tech,4,S3,50,32,65.0,2.83,2.79,77,65,71.0,57,56,57,65.0,55,64,Needs some guidance,Good,Ongoing,"Participates occasionally, can definitely do better.",Participates occasionally,60.5,Average
S-13091,REG-2026-4091,F,25,BS AI,8,S2,50,35,71.0,2.68,2.49,68,55,61.5,77,55,56,64.0,59,63,Occasional studier,Good,Not Started,Average performance. Needs to focus more on lab work.,Average sports player,61.3,Average
S-13092,REG-2026-4092,M,24,BS AI,6,S2,50,41,83.0,2.68,2.5,63,65,64.0,61,73,73,71.0,78,56,Needs some guidance,Good,Ongoing,Good effort but needs more consistency in assignments.,Participates occasionally,71.15,Good
S-13093,REG-2026-4093,F,18,BS AI,2,S2,50,37,74.0,2.9,2.8,74,69,71.5,70,70,68,57.0,64,76,Needs some guidance,Warning,Not Started,"Participates occasionally, can definitely do better.",Learning basics of music,66.55,Good
S-13094,REG-2026-4094,F,25,BS Data Science,1,S2,50,47,94.0,3.86,3.63,82,97,89.5,82,83,88,91.0,80,98,Regular studier,Excellent,Completed,"Highly proactive, consistent, and quick learner.",Active club president,87.25,Excellent
S-13095,REG-2026-4095,M,20,BS AI,1,S2,50,39,78.0,2.89,2.87,56,62,59.0,73,73,66,71.0,74,59,Last-minute crammer,Warning,Ongoing,No feedback provided,Learning basics of music,69.25,Good
S-13096,REG-2026-4096,M,24,BS AI,3,S3,50,39,79.0,3.06,3.12,55,65,60.0,75,59,56,70.0,65,67,Occasional studier,Warning,Ongoing,Understands the basics but struggles with complex logic.,Average sports player,64.95,Average
S-13097,REG-2026-4097,M,23,BS Software Eng,3,S2,50,37,74.0,3.08,3.11,60,61,60.5,75,55,64,69.0,72,66,Last-minute crammer,Warning,Not Started,Average performance. Needs to focus more on lab work.,Learning basics of music,67.0,Good
S-13098,REG-2026-4098,M,21,BS Software Eng,6,S3,50,46,92.0,3.6,3.66,98,89,93.5,98,92,81,83.0,81,86,Highly focused,Excellent,Completed,"Highly proactive, consistent, and quick learner.",Outstanding performer in arts,85.65,Excellent
S-13099,REG-2026-4099,F,18,BS Computer Science,2,S3,50,45,90.0,3.75,3.79,94,99,96.5,99,87,91,82.0,87,95,Regular studier,Excellent,Completed,Outstanding performance throughout the semester.,Outstanding performer in arts,89.1,Excellent
S-13100,REG-2026-4100,M,25,BS AI,3,S3,50,37,74.0,3.01,2.8,66,57,61.5,75,68,70,65.0,75,61,Last-minute crammer,Warning,Not Started,Average performance. Needs to focus more on lab work.,Participates occasionally,68.75,Good
S-13101,REG-2026-4101,F,24,BS AI,2,S1,50,24,49.0,2.17,2.38,37,38,37.5,29,20,52,20.0,25,45,Last-minute crammer,Warning,Not Started,Irregular attendance and extremely poor focus in class.,Struggles to participate,32.2,Poor
S-13102,REG-2026-4102,F,18,BS Info Tech,4,S3,50,40,80.0,3.19,3.3,63,57,60.0,66,77,60,66.0,73,66,Needs some guidance,Warning,Ongoing,Average performance. Needs to focus more on lab work.,Learning basics of music,68.05,Good
S-13103,REG-2026-4103,M,21,BS Info Tech,7,S2,50,39,78.0,2.94,2.65,76,74,75.0,66,69,65,55.0,57,55,Last-minute crammer,Good,Not Started,Good effort but needs more consistency in assignments.,Average sports player,62.1,Average
S-13104,REG-2026-4104,M,19,BS Computer Science,2,S1,50,26,52.0,1.78,1.63,37,52,44.5,31,20,23,32.0,25,39,Last-minute crammer,Probation,Not Started,Frequently misses deadlines and lacks motivation.,No interest,30.6,Poor
S-13105,REG-2026-4105,M,21,BS AI,1,S1,50,40,80.0,2.51,2.6,55,66,60.5,71,60,75,55.0,55,63,Needs some guidance,Good,Ongoing,Good effort but needs more consistency in assignments.,Average sports player,61.9,Average
S-13106,REG-2026-4106,F,25,BS AI,3,S3,50,25,50.0,2.48,2.56,29,39,34.0,43,34,45,44.0,20,41,Last-minute crammer,Probation,Not Started,Lacks fundamental understanding of the subject matter.,Struggles to participate,36.1,Poor
S-13107,REG-2026-4107,F,20,BS Computer Science,8,S1,50,46,93.0,3.72,3.91,94,85,89.5,92,81,89,98.0,97,82,Highly focused,Excellent,Completed,No feedback provided,Outstanding performer in arts,91.7,Excellent
S-13108,REG-2026-4108,M,25,BS Software Eng,2,S1,50,37,74.0,2.85,2.62,77,55,66.0,63,72,60,73.0,66,72,Needs some guidance,Warning,Ongoing,Good effort but needs more consistency in assignments.,Average sports player,67.95,Good
S-13109,REG-2026-4109,M,21,BS AI,7,S3,50,16,32.0,1.82,1.92,26,52,39.0,33,31,25,29.0,53,34,Last-minute crammer,Warning,Not Started,Irregular attendance and extremely poor focus in class.,Struggles to participate,36.45,Poor
S-13110,REG-2026-4110,M,22,BS Computer Science,8,S3,50,28,57.0,1.85,1.9,36,44,40.0,34,35,34,29.0,33,45,Needs constant monitoring,Probation,Not Started,"Needs urgent improvement, counseling recommended.",Shy and inactive,35.7,Poor
S-13111,REG-2026-4111,F,18,BS Computer Science,7,S3,50,45,91.0,3.8,3.79,80,84,82.0,93,97,91,95.0,88,83,Highly focused,Excellent,Completed,Shows excellent leadership and analytical skills.,Outstanding performer in arts,90.05,Excellent
S-13112,REG-2026-4112,F,22,BS Computer Science,4,S3,50,35,71.0,2.57,2.47,58,62,60.0,78,66,59,68.0,60,77,Occasional studier,Warning,Not Started,Understands the basics but struggles with complex logic.,Learning basics of music,65.2,Good
S-13113,REG-2026-4113,M,25,BS Data Science,8,S2,50,32,65.0,3.15,3.19,57,61,59.0,66,75,63,74.0,70,60,Needs some guidance,Good,Not Started,"Participates occasionally, can definitely do better.",Average sports player,67.7,Good
S-13114,REG-2026-4114,M,19,BS Info Tech,8,S3,50,44,89.0,3.71,3.64,93,95,94.0,94,80,82,92.0,97,93,Highly focused,Excellent,Completed,Outstanding performance throughout the semester.,Active club president,90.8,Excellent
S-13115,REG-2026-4115,F,21,BS AI,5,S2,50,38,77.0,2.64,2.5,75,55,65.0,67,78,58,72.0,60,66,Last-minute crammer,Good,Ongoing,Good effort but needs more consistency in assignments.,Participates occasionally,66.2,Good
S-13116,REG-2026-4116,M,22,BS AI,4,S3,50,37,75.0,2.97,3.12,57,77,67.0,72,75,78,59.0,63,72,Last-minute crammer,Good,Ongoing,Average performance. Needs to focus more on lab work.,Average sports player,68.0,Good
S-13117,REG-2026-4117,M,19,BS Info Tech,6,S2,50,15,30.0,1.96,2.01,21,22,21.5,31,36,20,31.0,53,28,Rarely studies,Needs Improvement,Not Started,"Needs urgent improvement, counseling recommended.",No interest,34.05,Poor
S-13118,REG-2026-4118,F,25,BS Computer Science,4,S2,50,48,96.0,3.58,3.84,80,98,89.0,91,91,86,89.0,95,95,Very consistent,Excellent,Completed,Shows excellent leadership and analytical skills.,Active club president,91.3,Excellent
S-13119,REG-2026-4119,F,21,BS Data Science,1,S1,50,49,99.0,3.99,3.72,93,82,87.5,93,98,97,95.0,81,91,Regular studier,Excellent,Completed,Shows excellent leadership and analytical skills.,Outstanding performer in arts,91.05,Excellent
S-13120,REG-2026-4120,M,22,BS Data Science,2,S1,50,47,72.69,3.9,3.97,80,99,89.5,98,82,83,87.0,98,86,Very consistent,Excellent,Completed,"Highly proactive, consistent, and quick learner.",Shows leadership in sports,89.7,Excellent
S-13121,REG-2026-4121,M,24,BS Computer Science,4,S3,50,24,49.0,1.15,1.08,53,28,40.5,29,34,45,40.0,35,39,Last-minute crammer,Warning,Not Started,Lacks fundamental understanding of the subject matter.,Shy and inactive,38.75,Poor
S-13122,REG-2026-4122,M,21,BS Data Science,8,S1,50,26,53.0,2.13,1.92,29,24,26.5,44,47,50,32.0,41,30,Last-minute crammer,Needs Improvement,Not Started,"Needs urgent improvement, counseling recommended.",Shy and inactive,39.35,Poor
S-13123,REG-2026-4123,F,22,BS Info Tech,5,S2,50,41,82.0,2.62,2.43,57,66,61.5,75,57,62,66.0,70,61,Occasional studier,Good,Ongoing,Good effort but needs more consistency in assignments.,Participates occasionally,65.8,Good
S-13124,REG-2026-4124,M,24,BS AI,8,S1,50,20,41.0,1.62,1.91,25,37,31.0,46,22,31,25.0,32,53,Rarely studies,Warning,Not Started,Frequently misses deadlines and lacks motivation.,Struggles to participate,32.6,Poor
S-13125,REG-2026-4125,F,22,BS Software Eng,2,S3,50,38,77.0,3.24,3.27,78,60,69.0,66,61,62,57.0,60,62,Occasional studier,Good,Ongoing,Average performance. Needs to focus more on lab work.,Participates occasionally,62.05,Average
S-13126,REG-2026-4126,F,20,BS Software Eng,7,S2,50,47,95.0,3.85,3.85,80,96,88.0,99,84,90,84.0,82,99,Regular studier,Excellent,Completed,Brilliant understanding of core concepts. A joy to teach.,Shows leadership in sports,87.6,Excellent
S-13127,REG-2026-4127,M,25,BS Computer Science,8,S2,50,34,69.0,2.94,3.1,64,64,64.0,74,67,62,75.0,56,61,Needs some guidance,Good,Ongoing,Good effort but needs more consistency in assignments.,Participates occasionally,64.65,Average
S-13128,REG-2026-4128,F,25,BS Data Science,1,S3,50,44,88.0,3.59,3.57,97,87,92.0,87,97,84,88.0,99,89,Highly focused,Excellent,Completed,"Highly proactive, consistent, and quick learner.",Outstanding performer in arts,91.5,Excellent
S-13129,REG-2026-4129,F,24,BS Data Science,4,S2,50,46,92.0,3.87,2.91,97,85,91.0,84,93,97,80.0,94,90,Very consistent,Excellent,Completed,Shows excellent leadership and analytical skills.,Shows leadership in sports,90.25,Excellent
S-13130,REG-2026-4130,M,20,BS Software Eng,7,S2,50,37,74.0,3.03,2.86,75,58,66.5,57,64,73,78.0,74,64,Needs some guidance,Warning,Ongoing,Good effort but needs more consistency in assignments.,Participates occasionally,71.05,Good
S-13131,REG-2026-4131,M,22,BS AI,2,S1,50,49,99.0,3.75,3.68,99,84,91.5,95,80,89,94.0,99,87,Regular studier,Excellent,Completed,"Highly proactive, consistent, and quick learner.",Shows leadership in sports,92.45,Excellent
S-13132,REG-2026-4132,F,19,BS Software Eng,2,S1,50,35,70.0,3.07,3.28,68,55,61.5,68,71,64,72.0,75,60,Occasional studier,Good,Ongoing,Good effort but needs more consistency in assignments.,Learning basics of music,68.9,Good
S-13133,REG-2026-4133,M,20,BS AI,1,S2,50,17,35.0,1.62,1.79,35,53,44.0,30,34,25,20.0,37,45,Last-minute crammer,Warning,Not Started,Irregular attendance and extremely poor focus in class.,No interest,32.55,Poor
S-13134,REG-2026-4134,M,21,BS AI,7,S1,50,38,76.0,2.71,2.56,67,60,63.5,57,78,75,72.0,60,67,Occasional studier,Good,Ongoing,Average performance. Needs to focus more on lab work.,Average sports player,68.15,Good
S-13135,REG-2026-4135,M,25,BS Software Eng,2,S1,50,36,73.0,2.98,2.99,64,56,60.0,70,78,62,77.0,76,65,Last-minute crammer,Good,Ongoing,Good effort but needs more consistency in assignments.,Learning basics of music,71.15,Good
S-13136,REG-2026-4136,F,21,BS Software Eng,1,S3,50,20,41.0,1.77,1.99,22,35,28.5,36,51,28,49.0,40,44,Rarely studies,Warning,Not Started,Lacks fundamental understanding of the subject matter.,No interest,40.2,Poor
S-13137,REG-2026-4137,M,24,BS Computer Science,7,S2,50,46,93.0,3.74,3.72,94,82,88.0,91,85,91,83.0,85,93,Very consistent,Excellent,Completed,Outstanding performance throughout the semester.,Outstanding performer in arts,87.3,Excellent
S-13138,REG-2026-4138,F,18,BS Computer Science,3,S1,50,22,44.0,1.59,1.36,45,31,38.0,28,49,45,41.0,43,44,Rarely studies,Probation,Not Started,Irregular attendance and extremely poor focus in class.,Shy and inactive,42.4,Poor
S-13139,REG-2026-4139,F,18,BS Computer Science,1,S2,50,38,77.0,3.12,3.19,74,57,65.5,65,77,65,59.0,78,70,Last-minute crammer,Good,Not Started,Average performance. Needs to focus more on lab work.,Learning basics of music,69.4,Good
S-13140,REG-2026-4140,F,19,BS AI,2,S3,50,43,86.0,3.61,3.86,83,93,88.0,86,89,91,95.0,91,86,Highly focused,Excellent,Completed,Outstanding performance throughout the semester.,Outstanding performer in arts,90.3,Excellent
S-13141,REG-2026-4141,F,19,BS Computer Science,2,S1,50,32,65.0,3.4,3.57,55,78,66.5,69,70,62,71.0,56,75,Needs some guidance,Good,Ongoing,Understands the basics but struggles with complex logic.,Average sports player,65.35,Good
S-13142,REG-2026-4142,F,20,BS Data Science,8,S3,50,41,82.0,3.06,2.98,63,64,63.5,63,70,66,70.0,64,78,Occasional studier,Good,Ongoing,Average performance. Needs to focus more on lab work.,Participates occasionally,68.3,Good
S-13143,REG-2026-4143,M,23,BS Computer Science,8,S3,50,39,79.0,3.07,3.23,68,68,68.0,78,70,73,76.0,65,55,Needs some guidance,Good,Ongoing,Average performance. Needs to focus more on lab work.,Learning basics of music,69.55,Good
S-13144,REG-2026-4144,F,22,BS Software Eng,7,S2,50,45,91.0,3.81,3.85,96,81,88.5,97,89,86,87.0,94,95,Regular studier,Excellent,Completed,Shows excellent leadership and analytical skills.,Shows leadership in sports,90.45,Excellent
S-13145,REG-2026-4145,F,24,BS Data Science,8,S1,50,46,92.0,3.54,3.79,93,93,93.0,99,97,90,87.0,90,90,Regular studier,Excellent,Completed,"Highly proactive, consistent, and quick learner.",Shows leadership in sports,90.95,Excellent
S-13146,REG-2026-4146,F,21,BS Computer Science,5,S1,50,15,30.0,2.26,2.44,27,25,26.0,35,26,45,38.0,53,37,Rarely studies,Needs Improvement,Not Started,Lacks fundamental understanding of the subject matter.,Shy and inactive,39.75,Poor
S-13147,REG-2026-4147,F,23,BS Software Eng,1,S2,50,15,30.0,2.47,2.32,21,50,35.5,27,35,30,46.0,30,53,Rarely studies,Probation,Not Started,Lacks fundamental understanding of the subject matter.,No interest,36.4,Poor
S-13148,REG-2026-4148,M,23,BS Info Tech,7,S3,50,46,92.0,3.57,3.79,93,94,93.5,98,93,97,83.0,82,80,Regular studier,Excellent,Completed,No feedback provided,Shows leadership in sports,87.8,Excellent
S-13149,REG-2026-4149,M,24,BS Software Eng,2,S1,50,48,97.0,3.73,3.79,93,89,91.0,99,82,97,85.0,88,90,Highly focused,Excellent,Completed,"Highly proactive, consistent, and quick learner.",Outstanding performer in arts,89.65,Excellent
S-13150,REG-2026-4150,M,20,BS AI,6,S1,50,44,88.0,3.82,3.91,80,83,81.5,82,94,86,99.0,81,89,Regular studier,Excellent,Completed,Shows excellent leadership and analytical skills.,Outstanding performer in arts,87.9,Excellent
S-13151,REG-2026-4151,F,25,BS Info Tech,7,S1,50,37,75.0,2.57,2.45,62,71,66.5,65,78,76,61.0,56,64,Occasional studier,Good,Ongoing,Good effort but needs more consistency in assignments.,Participates occasionally,65.45,Good
S-13152,REG-2026-4152,M,20,BS Software Eng,7,S2,50,32,65.0,3.36,3.56,78,77,77.5,64,70,70,62.0,56,69,Needs some guidance,Warning,Ongoing,"Participates occasionally, can definitely do better.",Average sports player,65.0,Good
S-13153,REG-2026-4153,M,18,BS AI,8,S3,50,31,62.0,1.06,1.31,37,46,41.5,33,22,22,36.0,38,38,Needs constant monitoring,Warning,Not Started,"Needs urgent improvement, counseling recommended.",Shy and inactive,34.9,Poor
S-13154,REG-2026-4154,F,19,BS Info Tech,7,S2,50,30,60.0,2.3,2.08,30,33,31.5,28,32,43,33.0,33,24,Needs constant monitoring,Probation,Not Started,No feedback provided,No interest,34.45,Poor
S-13155,REG-2026-4155,F,21,BS Data Science,4,S2,50,33,66.0,3.13,3.25,78,58,68.0,55,69,68,65.0,63,57,Needs some guidance,Warning,Ongoing,"Participates occasionally, can definitely do better.",Average sports player,64.4,Average
S-13156,REG-2026-4156,M,21,BS Info Tech,8,S2,50,42,85.0,3.69,3.85,80,84,82.0,96,80,99,86.0,90,98,Very consistent,Excellent,Completed,"Highly proactive, consistent, and quick learner.",Shows leadership in sports,89.6,Excellent
S-13157,REG-2026-4157,F,23,BS Computer Science,5,S2,50,49,99.0,3.78,3.81,81,92,86.5,99,93,85,81.0,94,89,Regular studier,Excellent,Completed,"Highly proactive, consistent, and quick learner.",Outstanding performer in arts,89.2,Excellent
S-13158,REG-2026-4158,M,23,BS Computer Science,3,S1,50,28,57.0,1.14,1.3,47,42,44.5,28,50,22,43.0,47,48,Rarely studies,Needs Improvement,Not Started,"Needs urgent improvement, counseling recommended.",No interest,42.15,Poor
S-13159,REG-2026-4159,F,24,BS AI,6,S1,50,47,95.0,3.83,3.85,92,90,91.0,93,98,80,93.0,80,81,Very consistent,Excellent,Completed,Outstanding performance throughout the semester.,Shows leadership in sports,87.0,Excellent
S-13160,REG-2026-4160,F,21,BS AI,6,S2,50,41,83.0,3.3,3.36,64,75,69.5,71,74,73,68.0,68,62,Occasional studier,Warning,Not Started,Good effort but needs more consistency in assignments.,Participates occasionally,69.8,Good
S-13161,REG-2026-4161,M,21,BS Software Eng,2,S2,50,38,76.0,2.59,2.66,59,67,63.0,66,76,76,57.0,56,59,Needs some guidance,Good,Ongoing,Understands the basics but struggles with complex logic.,Learning basics of music,63.7,Average
S-13162,REG-2026-4162,F,21,BS AI,1,S2,50,21,42.0,2.25,2.25,24,22,23.0,27,41,34,20.0,39,24,Needs constant monitoring,Probation,Not Started,Frequently misses deadlines and lacks motivation.,Shy and inactive,31.1,Poor
S-13163,REG-2026-4163,F,20,BS Computer Science,6,S3,50,37,74.0,3.16,3.28,55,73,64.0,57,75,57,64.0,58,63,Needs some guidance,Warning,Ongoing,Good effort but needs more consistency in assignments.,Average sports player,62.6,Average
S-13164,REG-2026-4164,F,20,BS Info Tech,2,S1,50,36,72.0,2.97,2.78,60,76,68.0,67,70,71,76.0,72,69,Occasional studier,Good,Not Started,Average performance. Needs to focus more on lab work.,Average sports player,71.5,Good
S-13165,REG-2026-4165,M,23,BS AI,3,S2,50,18,37.0,1.07,1.2,43,49,46.0,25,46,29,40.0,34,20,Needs constant monitoring,Probation,Not Started,Frequently misses deadlines and lacks motivation.,Shy and inactive,35.15,Poor
S-13166,REG-2026-4166,F,24,BS Software Eng,1,S3,50,47,72.69,3.78,3.81,84,89,86.5,80,99,90,99.0,81,87,Regular studier,Excellent,Completed,Shows excellent leadership and analytical skills.,Outstanding performer in arts,89.5,Excellent
S-13167,REG-2026-4167,M,22,BS Computer Science,1,S1,50,23,47.0,1.29,1.5,52,22,37.0,40,27,32,33.0,33,26,Last-minute crammer,Probation,Not Started,Irregular attendance and extremely poor focus in class.,Shy and inactive,33.0,Poor
S-13168,REG-2026-4168,F,20,BS Software Eng,8,S1,50,40,81.0,2.58,2.47,56,61,58.5,57,56,57,63.0,55,63,Occasional studier,Good,Not Started,"Participates occasionally, can definitely do better.",Participates occasionally,59.55,Average
S-13169,REG-2026-4169,M,19,BS Software Eng,1,S2,50,36,73.0,3.35,3.08,56,77,66.5,57,56,65,77.0,69,64,Needs some guidance,Warning,Ongoing,Average performance. Needs to focus more on lab work.,Participates occasionally,67.55,Good
S-13170,REG-2026-4170,F,18,BS Software Eng,2,S3,50,24,49.0,1.27,1.48,25,34,29.5,42,52,25,28.0,38,45,Last-minute crammer,Needs Improvement,Not Started,Frequently misses deadlines and lacks motivation.,Shy and inactive,36.05,Poor
S-13171,REG-2026-4171,F,24,BS Info Tech,4,S3,50,15,30.0,1.45,1.69,36,23,29.5,20,48,47,34.0,32,30,Rarely studies,Probation,Not Started,"Needs urgent improvement, counseling recommended.",Struggles to participate,35.1,Poor
S-13172,REG-2026-4172,M,24,BS Computer Science,2,S2,50,33,66.0,2.73,2.91,68,59,63.5,70,69,65,74.0,65,65,Needs some guidance,Warning,Not Started,Average performance. Needs to focus more on lab work.,Average sports player,67.35,Good
S-13173,REG-2026-4173,F,22,BS Software Eng,1,S3,50,37,74.0,3.34,3.24,56,62,59.0,69,76,67,64.0,59,55,Needs some guidance,Good,Ongoing,"Participates occasionally, can definitely do better.",Average sports player,63.75,Average
S-13174,REG-2026-4174,F,18,BS Data Science,5,S1,50,37,75.0,3.08,2.91,71,55,63.0,76,66,77,66.03,77,67,Last-minute crammer,Warning,Ongoing,Understands the basics but struggles with complex logic.,Average sports player,72.75,Good
S-13175,REG-2026-4175,M,18,BS Software Eng,3,S2,50,42,85.0,3.9,3.92,95,94,94.5,91,87,83,87.0,80,80,Regular studier,Excellent,Completed,Outstanding performance throughout the semester.,Active club president,84.8,Excellent
S-13176,REG-2026-4176,M,24,BS Info Tech,4,S3,50,34,69.0,2.51,2.4,77,63,70.0,75,67,65,58.0,64,73,Needs some guidance,Good,Not Started,"Participates occasionally, can definitely do better.",Participates occasionally,65.55,Good
S-13177,REG-2026-4177,M,20,BS AI,6,S3,50,27,54.0,1.62,1.37,34,43,38.5,43,50,48,25.0,28,34,Needs constant monitoring,Needs Improvement,Not Started,Frequently misses deadlines and lacks motivation.,Shy and inactive,36.3,Poor
S-13178,REG-2026-4178,M,19,BS Data Science,2,S1,50,41,83.0,3.33,3.6,66,60,63.0,68,55,60,61.0,77,70,Needs some guidance,Warning,Ongoing,Good effort but needs more consistency in assignments.,Learning basics of music,66.8,Good
S-13179,REG-2026-4179,M,23,BS Info Tech,2,S1,50,43,87.0,3.99,2.91,88,81,84.5,95,95,97,95.0,85,92,Regular studier,Excellent,Completed,Brilliant understanding of core concepts. A joy to teach.,Outstanding performer in arts,91.05,Excellent
S-13180,REG-2026-4180,F,20,BS Info Tech,5,S2,50,39,78.0,3.35,3.32,71,73,72.0,70,74,62,72.0,72,60,Occasional studier,Good,Ongoing,Understands the basics but struggles with complex logic.,Learning basics of music,69.7,Good
S-13181,REG-2026-4181,F,18,BS Info Tech,2,S1,50,38,76.0,2.62,2.9,69,62,65.5,59,67,58,58.0,55,64,Needs some guidance,Good,Not Started,Average performance. Needs to focus more on lab work.,Participates occasionally,60.45,Average
S-13182,REG-2026-4182,F,23,BS Info Tech,6,S3,50,46,93.0,3.78,3.8,94,83,88.5,87,81,97,81.0,98,89,Highly focused,Excellent,Completed,Shows excellent leadership and analytical skills.,Active club president,90.1,Excellent
S-13183,REG-2026-4183,F,21,BS Data Science,8,S1,50,40,80.0,2.87,3.0,55,77,66.0,73,69,78,60.0,71,76,Occasional studier,Warning,Not Started,Understands the basics but struggles with complex logic.,Participates occasionally,70.2,Good
S-13184,REG-2026-4184,F,25,BS Data Science,1,S3,50,40,81.0,3.06,3.07,62,78,70.0,73,63,72,59.0,77,75,Needs some guidance,Good,Ongoing,Understands the basics but struggles with complex logic.,Participates occasionally,70.35,Good
S-13185,REG-2026-4185,F,23,BS Computer Science,6,S2,50,33,66.0,2.61,2.54,69,67,68.0,64,75,65,75.0,72,74,Last-minute crammer,Warning,Ongoing,"Participates occasionally, can definitely do better.",Participates occasionally,70.95,Good
S-13186,REG-2026-4186,F,24,BS AI,2,S3,50,33,67.0,3.28,3.08,69,66,67.5,64,63,68,55.0,62,61,Occasional studier,Warning,Ongoing,Understands the basics but struggles with complex logic.,Average sports player,62.4,Average
S-13187,REG-2026-4187,M,21,BS Data Science,3,S3,50,16,33.0,1.24,1.14,26,49,37.5,35,39,24,39.0,30,27,Needs constant monitoring,Needs Improvement,Not Started,Frequently misses deadlines and lacks motivation.,Shy and inactive,32.65,Poor
S-13188,REG-2026-4188,F,24,BS Info Tech,2,S2,50,35,71.0,3.15,3.35,64,74,69.0,59,72,55,76.0,76,75,Last-minute crammer,Warning,Ongoing,"Participates occasionally, can definitely do better.",Average sports player,70.55,Good
S-13189,REG-2026-4189,M,24,BS Info Tech,1,S3,50,47,94.0,3.97,3.68,87,94,90.5,81,85,85,94.0,84,81,Regular studier,Excellent,Completed,Outstanding performance throughout the semester.,Outstanding performer in arts,86.95,Excellent
S-13190,REG-2026-4190,M,21,BS AI,5,S2,50,37,75.0,3.13,3.28,56,60,58.0,64,57,74,60.0,67,76,Occasional studier,Good,Not Started,Good effort but needs more consistency in assignments.,Learning basics of music,65.9,Good
S-13191,REG-2026-4191,M,25,BS Software Eng,4,S1,50,32,65.0,2.74,2.8,66,56,61.0,69,66,74,71.0,76,56,Last-minute crammer,Good,Not Started,Understands the basics but struggles with complex logic.,Participates occasionally,69.3,Good
S-13192,REG-2026-4192,M,21,BS Software Eng,6,S3,50,43,86.0,3.91,3.65,92,86,89.0,99,98,88,96.0,85,96,Very consistent,Excellent,Completed,Shows excellent leadership and analytical skills.,Active club president,91.2,Excellent
S-13193,REG-2026-4193,F,19,BS Computer Science,5,S2,50,32,65.0,2.96,2.76,67,62,64.5,73,57,63,70.0,73,75,Last-minute crammer,Warning,Ongoing,Average performance. Needs to focus more on lab work.,Learning basics of music,68.25,Good
S-13194,REG-2026-4194,F,24,BS AI,2,S3,50,45,91.0,3.55,3.33,82,87,84.5,88,84,83,83.0,85,84,Regular studier,Excellent,Completed,Outstanding performance throughout the semester.,Shows leadership in sports,84.5,Excellent
S-13195,REG-2026-4195,F,18,BS AI,2,S1,50,20,41.0,1.36,1.45,34,22,28.0,36,51,21,35.0,27,41,Needs constant monitoring,Warning,Not Started,Frequently misses deadlines and lacks motivation.,No interest,32.75,Poor
S-13196,REG-2026-4196,M,25,BS Computer Science,3,S3,50,49,98.0,3.85,3.8,83,87,85.0,82,95,89,94.0,85,86,Very consistent,Excellent,Completed,Outstanding performance throughout the semester.,Active club president,89.0,Excellent
S-13197,REG-2026-4197,M,23,BS Software Eng,2,S2,50,38,76.0,2.99,2.87,55,62,58.5,63,75,61,60.0,63,63,Last-minute crammer,Warning,Ongoing,Understands the basics but struggles with complex logic.,Learning basics of music,63.5,Average
S-13198,REG-2026-4198,M,19,BS Info Tech,1,S2,50,16,32.0,2.35,2.62,26,48,37.0,34,22,36,46.0,32,51,Rarely studies,Needs Improvement,Not Started,"Needs urgent improvement, counseling recommended.",Shy and inactive,36.9,Poor
S-13199,REG-2026-4199,F,18,BS Computer Science,3,S1,50,36,72.0,2.91,3.09,58,77,67.5,63,57,56,77.0,75,59,Needs some guidance,Warning,Ongoing,Understands the basics but struggles with complex logic.,Learning basics of music,67.65,Good
S-13200,REG-2026-4200,F,21,BS Computer Science,6,S1,50,37,74.0,2.95,2.9,69,59,64.0,73,68,59,69.0,68,70,Needs some guidance,Warning,Not Started,Good effort but needs more consistency in assignments.,Participates occasionally,67.2,Good
S-13201,REG-2026-4201,M,23,BS Computer Science,5,S2,50,35,71.0,3.4,3.27,70,67,68.5,69,56,55,78.0,72,62,Occasional studier,Good,Not Started,Understands the basics but struggles with complex logic.,Average sports player,67.5,Good
S-13202,REG-2026-4202,F,24,BS Computer Science,4,S2,50,39,78.0,2.7,2.41,56,69,62.5,66,61,56,57.0,64,66,Occasional studier,Good,Not Started,"Participates occasionally, can definitely do better.",Learning basics of music,61.95,Average
S-13203,REG-2026-4203,F,20,BS AI,1,S1,50,44,88.0,3.97,3.97,94,97,95.5,85,96,93,84.0,89,99,Highly focused,Excellent,Completed,"Highly proactive, consistent, and quick learner.",Outstanding performer in arts,90.7,Excellent
S-13204,REG-2026-4204,F,19,BS AI,6,S1,50,36,73.0,3.14,3.11,60,76,68.0,60,73,62,57.0,58,70,Last-minute crammer,Good,Ongoing,Good effort but needs more consistency in assignments.,Average sports player,62.95,Average
S-13205,REG-2026-4205,M,25,BS Data Science,5,S2,50,36,72.0,3.4,3.31,75,76,75.5,68,71,73,57.0,60,65,Needs some guidance,Good,Ongoing,Good effort but needs more consistency in assignments.,Participates occasionally,65.5,Good
S-13206,REG-2026-4206,M,19,BS Computer Science,1,S1,50,38,77.0,2.78,2.69,69,75,72.0,58,70,74,75.0,58,58,Occasional studier,Good,Not Started,Understands the basics but struggles with complex logic.,Learning basics of music,67.35,Good
S-13207,REG-2026-4207,M,18,BS Data Science,2,S2,50,37,74.0,3.19,3.24,63,73,68.0,76,61,78,65.0,55,70,Last-minute crammer,Warning,Not Started,No feedback provided,Participates occasionally,65.85,Good
S-13208,REG-2026-4208,M,19,BS Data Science,7,S1,50,35,71.0,3.38,3.38,60,76,68.0,68,64,67,72.0,69,72,Occasional studier,Warning,Not Started,"Participates occasionally, can definitely do better.",Learning basics of music,69.05,Good
S-13209,REG-2026-4209,F,23,BS Computer Science,3,S3,50,32,65.0,3.07,3.35,60,65,62.5,64,57,78,76.0,64,68,Needs some guidance,Good,Not Started,Understands the basics but struggles with complex logic.,Learning basics of music,68.1,Good
S-13210,REG-2026-4210,F,20,BS Software Eng,8,S1,50,17,34.0,2.21,2.14,36,29,32.5,41,51,52,45.0,39,45,Last-minute crammer,Probation,Not Started,"Needs urgent improvement, counseling recommended.",Struggles to participate,43.15,Poor
S-13211,REG-2026-4211,M,20,BS Info Tech,1,S1,50,39,79.0,2.84,2.58,70,69,69.5,74,66,72,62.0,65,61,Occasional studier,Good,Ongoing,"Participates occasionally, can definitely do better.",Participates occasionally,66.75,Good
S-13212,REG-2026-4212,F,19,BS AI,7,S3,50,40,81.0,2.97,2.71,70,73,71.5,70,60,55,65.0,72,68,Needs some guidance,Good,Ongoing,Average performance. Needs to focus more on lab work.,Learning basics of music,66.75,Good
S-13213,REG-2026-4213,F,22,BS Info Tech,5,S2,50,49,98.0,3.9,3.94,88,97,92.5,94,88,95,94.0,90,99,Very consistent,Excellent,Completed,"Highly proactive, consistent, and quick learner.",Shows leadership in sports,93.1,Excellent
S-13214,REG-2026-4214,F,19,BS Software Eng,3,S1,50,47,94.0,3.81,3.91,88,97,92.5,96,87,92,82.0,88,87,Regular studier,Excellent,Completed,Outstanding performance throughout the semester.,Outstanding performer in arts,88.35,Excellent
S-13215,REG-2026-4215,F,19,BS Data Science,2,S1,50,19,38.0,1.37,1.11,20,47,33.5,49,53,41,20.0,34,24,Rarely studies,Needs Improvement,Not Started,"Needs urgent improvement, counseling recommended.",Struggles to participate,34.05,Poor
S-13216,REG-2026-4216,M,24,BS Software Eng,1,S3,50,49,99.0,3.81,3.84,95,84,89.5,83,97,81,99.0,91,81,Highly focused,Excellent,Completed,"Highly proactive, consistent, and quick learner.",Outstanding performer in arts,90.55,Excellent
S-13217,REG-2026-4217,F,25,BS Data Science,8,S1,50,33,67.0,2.96,3.08,73,62,67.5,57,77,56,59.0,69,69,Needs some guidance,Good,Ongoing,Good effort but needs more consistency in assignments.,Learning basics of music,65.0,Good
S-13218,REG-2026-4218,M,22,BS Info Tech,7,S2,50,45,91.0,3.95,3.85,98,81,89.5,81,89,91,80.0,81,86,Highly focused,Excellent,Completed,Shows excellent leadership and analytical skills.,Active club president,84.95,Excellent
S-13219,REG-2026-4219,M,21,BS Info Tech,5,S3,50,21,43.0,1.96,1.9,20,24,22.0,38,39,51,20.0,52,50,Needs constant monitoring,Needs Improvement,Not Started,Irregular attendance and extremely poor focus in class.,Struggles to participate,39.8,Poor
S-13220,REG-2026-4220,M,18,BS Data Science,1,S1,50,49,98.0,3.77,3.51,92,88,90.0,98,95,96,82.0,99,89,Regular studier,Excellent,Completed,Shows excellent leadership and analytical skills.,Outstanding performer in arts,92.75,Excellent
S-13221,REG-2026-4221,F,23,BS Data Science,2,S2,50,41,82.0,3.27,3.26,59,63,61.0,59,63,69,71.0,66,55,Needs some guidance,Good,Not Started,Understands the basics but struggles with complex logic.,Average sports player,66.0,Good
S-13222,REG-2026-4222,M,24,BS Computer Science,3,S1,50,37,74.0,2.82,2.77,60,72,66.0,69,71,57,73.0,75,62,Last-minute crammer,Warning,Not Started,Understands the basics but struggles with complex logic.,Learning basics of music,68.95,Good
S-13223,REG-2026-4223,F,22,BS Computer Science,5,S2,50,37,74.0,3.26,3.06,59,72,65.5,71,69,61,71.0,76,62,Last-minute crammer,Good,Not Started,Average performance. Needs to focus more on lab work.,Learning basics of music,69.25,Good
S-13224,REG-2026-4224,M,19,BS Software Eng,5,S2,50,34,69.0,3.19,3.48,77,55,66.0,55,76,73,77.0,65,56,Last-minute crammer,Warning,Not Started,"Participates occasionally, can definitely do better.",Learning basics of music,68.6,Good
S-13225,REG-2026-4225,M,23,BS Software Eng,2,S1,50,40,81.0,3.2,3.23,75,57,66.0,69,76,74,58.0,68,67,Last-minute crammer,Good,Ongoing,"Participates occasionally, can definitely do better.",Learning basics of music,68.1,Good
S-13226,REG-2026-4226,F,19,BS Software Eng,5,S2,50,36,73.0,2.61,2.69,63,64,63.5,55,78,57,56.0,71,67,Last-minute crammer,Warning,Ongoing,Good effort but needs more consistency in assignments.,Average sports player,64.75,Average
S-13227,REG-2026-4227,F,25,BS Software Eng,7,S1,50,36,72.0,3.4,3.32,67,78,72.5,68,64,65,60.0,55,73,Needs some guidance,Good,Ongoing,Good effort but needs more consistency in assignments.,Average sports player,63.45,Average
S-13228,REG-2026-4228,F,25,BS AI,1,S1,50,28,56.0,1.54,1.75,41,26,33.5,44,35,26,41.0,30,40,Rarely studies,Needs Improvement,Not Started,Irregular attendance and extremely poor focus in class.,Shy and inactive,35.45,Poor
S-13229,REG-2026-4229,F,23,BS AI,1,S2,50,38,76.0,2.92,3.19,58,77,67.5,78,58,61,55.0,60,68,Occasional studier,Warning,Ongoing,Good effort but needs more consistency in assignments.,Participates occasionally,62.2,Average
S-13230,REG-2026-4230,M,21,BS AI,5,S1,50,45,91.0,3.7,3.55,98,84,91.0,96,91,85,82.0,89,98,Very consistent,Excellent,Completed,Outstanding performance throughout the semester.,Outstanding performer in arts,88.75,Excellent
S-13231,REG-2026-4231,M,18,BS Info Tech,6,S3,50,15,30.0,1.18,1.25,27,52,39.5,34,39,52,50.0,29,51,Last-minute crammer,Probation,Not Started,"Needs urgent improvement, counseling recommended.",Shy and inactive,41.2,Poor
S-13232,REG-2026-4232,F,24,BS AI,2,S2,50,48,97.0,3.9,3.73,83,83,83.0,99,88,97,95.0,82,90,Highly focused,Excellent,Completed,No feedback provided,Shows leadership in sports,89.95,Excellent
S-13233,REG-2026-4233,F,22,BS Computer Science,8,S1,50,42,85.0,3.68,3.88,84,95,89.5,89,93,93,94.0,96,88,Regular studier,Excellent,Completed,"Highly proactive, consistent, and quick learner.",Active club president,92.5,Excellent
S-13234,REG-2026-4234,F,22,BS AI,8,S1,50,48,97.0,3.57,3.57,90,95,92.5,98,94,95,94.0,82,92,Highly focused,Excellent,Completed,Brilliant understanding of core concepts. A joy to teach.,Active club president,91.15,Excellent
S-13235,REG-2026-4235,F,22,BS Computer Science,7,S2,50,41,82.0,2.62,2.46,60,57,58.5,71,57,72,75.0,76,66,Occasional studier,Good,Ongoing,Good effort but needs more consistency in assignments.,Learning basics of music,70.6,Good
S-13236,REG-2026-4236,F,20,BS AI,6,S2,50,37,75.0,3.43,3.28,73,65,69.0,57,73,59,69.0,56,56,Last-minute crammer,Good,Ongoing,"Participates occasionally, can definitely do better.",Participates occasionally,63.05,Average
S-13237,REG-2026-4237,F,19,BS Info Tech,8,S2,50,34,68.0,3.32,3.52,68,74,71.0,73,62,73,60.0,63,75,Needs some guidance,Good,Ongoing,"Participates occasionally, can definitely do better.",Average sports player,66.55,Good
S-13238,REG-2026-4238,F,20,BS Computer Science,7,S1,50,42,85.0,3.83,3.74,94,95,94.5,97,95,93,90.0,98,97,Very consistent,Excellent,Completed,Brilliant understanding of core concepts. A joy to teach.,Outstanding performer in arts,94.2,Excellent
S-13239,REG-2026-4239,M,21,BS AI,4,S1,50,34,69.0,3.08,2.99,72,56,64.0,76,63,70,55.0,64,65,Last-minute crammer,Good,Ongoing,Average performance. Needs to focus more on lab work.,Average sports player,63.95,Average
S-13240,REG-2026-4240,F,19,BS Computer Science,4,S3,50,36,73.0,3.25,3.2,55,65,60.0,77,56,77,73.0,57,62,Last-minute crammer,Good,Ongoing,"Participates occasionally, can definitely do better.",Participates occasionally,65.7,Good
S-13241,REG-2026-4241,F,19,BS Info Tech,1,S1,50,32,65.0,2.58,2.91,61,67,64.0,66,73,69,58.0,68,57,Last-minute crammer,Warning,Not Started,Average performance. Needs to focus more on lab work.,Learning basics of music,64.9,Average
S-13242,REG-2026-4242,M,22,BS Data Science,2,S3,50,39,78.0,3.34,3.6,78,61,69.5,60,62,73,55.0,70,55,Occasional studier,Good,Not Started,Understands the basics but struggles with complex logic.,Participates occasionally,65.0,Good
S-13243,REG-2026-4243,M,23,BS Software Eng,3,S3,50,33,66.0,2.71,2.65,61,72,66.5,69,65,64,57.0,73,76,Needs some guidance,Good,Not Started,Understands the basics but struggles with complex logic.,Learning basics of music,66.75,Good
S-13244,REG-2026-4244,M,25,BS Computer Science,7,S1,50,16,32.0,1.59,1.71,28,46,37.0,27,35,49,41.0,27,49,Last-minute crammer,Probation,Not Started,Frequently misses deadlines and lacks motivation.,No interest,37.35,Poor
S-13245,REG-2026-4245,F,22,BS Computer Science,7,S2,50,47,95.0,3.82,3.72,80,94,87.0,96,97,89,89.0,86,88,Regular studier,Excellent,Completed,Shows excellent leadership and analytical skills.,Active club president,89.4,Excellent
S-13246,REG-2026-4246,M,25,BS Data Science,4,S3,50,40,72.69,3.41,3.22,60,55,57.5,76,59,59,72.0,70,66,Needs some guidance,Good,Ongoing,"Participates occasionally, can definitely do better.",Average sports player,66.8,Good
S-13247,REG-2026-4247,F,23,BS Software Eng,7,S3,50,32,65.0,2.51,2.28,75,57,66.0,62,75,67,66.03,77,72,Occasional studier,Good,Ongoing,"Participates occasionally, can definitely do better.",Participates occasionally,70.15,Good
S-13248,REG-2026-4248,F,18,BS Software Eng,6,S3,50,48,96.0,3.81,3.73,86,98,92.0,86,98,99,96.0,92,84,Regular studier,Excellent,Completed,Brilliant understanding of core concepts. A joy to teach.,Shows leadership in sports,93.55,Excellent
S-13249,REG-2026-4249,F,18,BS AI,4,S2,50,45,90.0,3.77,3.49,96,97,96.5,81,87,99,88.0,81,99,Very consistent,Excellent,Completed,Outstanding performance throughout the semester.,Outstanding performer in arts,89.5,Excellent
S-13250,REG-2026-4250,M,18,BS Data Science,7,S3,50,30,61.0,1.62,1.56,38,22,30.0,41,27,40,42.0,52,37,Last-minute crammer,Needs Improvement,Not Started,Lacks fundamental understanding of the subject matter.,No interest,41.9,Poor
S-13251,REG-2026-4251,F,25,BS Info Tech,2,S1,50,16,32.0,1.69,1.66,46,48,47.0,31,40,46,28.0,25,44,Rarely studies,Needs Improvement,Not Started,Frequently misses deadlines and lacks motivation.,Shy and inactive,35.0,Poor
S-13252,REG-2026-4252,F,22,BS Info Tech,3,S1,50,37,75.0,2.86,2.71,78,69,73.5,77,65,63,63.0,58,57,Last-minute crammer,Warning,Ongoing,Understands the basics but struggles with complex logic.,Learning basics of music,63.7,Average
S-13253,REG-2026-4253,M,19,BS Info Tech,3,S2,50,37,75.0,3.49,3.73,74,60,67.0,76,76,55,55.0,71,58,Last-minute crammer,Good,Ongoing,Good effort but needs more consistency in assignments.,Average sports player,64.65,Average
S-13254,REG-2026-4254,F,24,BS Info Tech,3,S3,50,18,36.0,1.87,2.17,20,46,33.0,33,28,52,47.0,22,40,Needs constant monitoring,Probation,Not Started,Frequently misses deadlines and lacks motivation.,Struggles to participate,36.25,Poor
S-13255,REG-2026-4255,M,25,BS Computer Science,3,S1,50,46,92.0,3.72,3.91,83,91,87.0,83,80,93,88.0,88,90,Regular studier,Excellent,Completed,Brilliant understanding of core concepts. A joy to teach.,Active club president,88.0,Excellent
S-13256,REG-2026-4256,F,20,BS Computer Science,6,S1,50,25,51.0,1.72,1.46,48,53,50.5,53,47,42,32.0,25,29,Rarely studies,Needs Improvement,Not Started,Irregular attendance and extremely poor focus in class.,No interest,36.8,Poor
S-13257,REG-2026-4257,F,23,BS Computer Science,8,S1,50,41,82.0,2.64,2.53,60,76,68.0,71,75,64,62.0,57,57,Occasional studier,Warning,Ongoing,Understands the basics but struggles with complex logic.,Learning basics of music,63.9,Average
S-13258,REG-2026-4258,F,20,BS Software Eng,1,S1,50,35,70.0,2.51,2.61,64,65,64.5,55,59,76,63.0,78,60,Occasional studier,Good,Not Started,Average performance. Needs to focus more on lab work.,Participates occasionally,68.1,Good
S-13259,REG-2026-4259,M,20,BS Info Tech,5,S3,50,49,98.0,3.73,3.78,97,90,93.5,93,82,85,99.0,81,90,Regular studier,Excellent,Completed,Outstanding performance throughout the semester.,Shows leadership in sports,88.9,Excellent
S-13260,REG-2026-4260,F,21,BS AI,7,S1,50,42,85.0,3.95,3.84,90,98,94.0,99,87,80,90.0,88,96,Very consistent,Excellent,Completed,Brilliant understanding of core concepts. A joy to teach.,Active club president,88.9,Excellent
S-13261,REG-2026-4261,M,25,BS AI,1,S2,50,38,76.0,3.31,3.3,72,77,74.5,72,73,77,74.0,69,55,Last-minute crammer,Warning,Ongoing,"Participates occasionally, can definitely do better.",Participates occasionally,71.25,Good
S-13262,REG-2026-4262,M,22,BS Computer Science,2,S2,50,47,95.0,3.84,3.72,83,81,82.0,83,81,95,96.0,91,86,Highly focused,Excellent,Completed,Brilliant understanding of core concepts. A joy to teach.,Shows leadership in sports,90.0,Excellent
S-13263,REG-2026-4263,F,19,BS Info Tech,4,S1,50,35,70.0,2.52,2.64,64,55,59.5,76,66,55,63.0,63,69,Needs some guidance,Good,Not Started,Good effort but needs more consistency in assignments.,Learning basics of music,63.35,Average
S-13264,REG-2026-4264,M,21,BS Data Science,8,S2,50,46,93.0,3.99,3.71,92,84,88.0,87,96,82,94.0,98,90,Very consistent,Excellent,Completed,Shows excellent leadership and analytical skills.,Shows leadership in sports,92.0,Excellent
S-13265,REG-2026-4265,F,21,BS AI,8,S2,50,33,67.0,2.88,2.65,73,61,67.0,76,61,58,70.0,74,62,Occasional studier,Warning,Ongoing,Average performance. Needs to focus more on lab work.,Average sports player,67.35,Good
S-13266,REG-2026-4266,F,23,BS AI,7,S2,50,45,90.0,3.85,3.76,97,94,95.5,97,86,98,89.0,91,82,Regular studier,Excellent,Completed,Shows excellent leadership and analytical skills.,Shows leadership in sports,90.95,Excellent
S-13267,REG-2026-4267,F,21,BS Software Eng,8,S3,50,36,72.0,2.89,2.76,55,65,60.0,78,74,65,69.0,69,66,Last-minute crammer,Warning,Ongoing,"Participates occasionally, can definitely do better.",Participates occasionally,68.3,Good
S-13268,REG-2026-4268,M,24,BS Computer Science,7,S1,50,48,96.0,3.55,3.8,82,99,90.5,98,98,97,92.0,88,80,Regular studier,Excellent,Completed,"Highly proactive, consistent, and quick learner.",Outstanding performer in arts,91.5,Excellent
S-13269,REG-2026-4269,M,21,BS Computer Science,7,S1,50,39,79.0,2.62,2.36,68,64,66.0,65,74,63,61.0,55,67,Last-minute crammer,Good,Ongoing,Good effort but needs more consistency in assignments.,Participates occasionally,63.3,Average
S-13270,REG-2026-4270,F,21,BS Info Tech,3,S1,50,36,73.0,3.2,2.95,68,63,65.5,57,58,61,58.0,77,55,Needs some guidance,Good,Not Started,No feedback provided,Participates occasionally,64.35,Average
S-13271,REG-2026-4271,M,18,BS AI,6,S2,50,37,75.0,3.16,2.93,62,57,59.5,57,77,61,76.0,55,62,Last-minute crammer,Good,Not Started,Average performance. Needs to focus more on lab work.,Learning basics of music,64.55,Average
S-13272,REG-2026-4272,M,20,BS AI,1,S1,50,39,78.0,3.24,3.23,72,55,63.5,77,62,60,75.0,56,61,Needs some guidance,Warning,Not Started,Good effort but needs more consistency in assignments.,Participates occasionally,64.4,Average
S-13273,REG-2026-4273,F,23,BS Computer Science,7,S3,50,34,68.0,2.67,2.61,56,57,56.5,67,61,59,74.0,71,62,Last-minute crammer,Warning,Ongoing,Average performance. Needs to focus more on lab work.,Average sports player,66.1,Good
S-13274,REG-2026-4274,F,22,BS Data Science,1,S3,50,35,70.0,3.11,2.95,68,55,61.5,55,61,60,71.0,61,75,Last-minute crammer,Warning,Ongoing,Average performance. Needs to focus more on lab work.,Learning basics of music,64.45,Average
S-13275,REG-2026-4275,F,23,BS Info Tech,8,S1,50,47,95.0,4.0,3.87,98,95,96.5,84,82,84,89.0,92,81,Highly focused,Excellent,Completed,Brilliant understanding of core concepts. A joy to teach.,Active club president,88.3,Excellent
S-13276,REG-2026-4276,F,21,BS Data Science,1,S1,50,22,45.0,1.24,1.5,26,40,33.0,37,47,45,43.0,41,47,Needs constant monitoring,Probation,Not Started,"Needs urgent improvement, counseling recommended.",No interest,42.4,Poor
S-13277,REG-2026-4277,F,19,BS AI,7,S1,50,35,72.69,2.97,2.81,56,76,66.0,76,70,78,71.0,64,61,Last-minute crammer,Good,Not Started,Average performance. Needs to focus more on lab work.,Learning basics of music,68.95,Good
S-13278,REG-2026-4278,M,24,BS Software Eng,7,S3,50,34,69.0,2.94,3.1,63,66,64.5,64,60,59,61.0,55,76,Occasional studier,Warning,Ongoing,Good effort but needs more consistency in assignments.,Learning basics of music,61.5,Average
S-13279,REG-2026-4279,F,19,BS Data Science,2,S3,50,32,65.0,3.08,3.13,66,70,68.0,69,77,78,70.0,74,71,Occasional studier,Warning,Not Started,Understands the basics but struggles with complex logic.,Learning basics of music,72.5,Good
S-13280,REG-2026-4280,M,22,BS Data Science,1,S2,50,34,69.0,3.41,3.45,69,59,64.0,64,59,58,67.0,64,70,Occasional studier,Good,Ongoing,Understands the basics but struggles with complex logic.,Participates occasionally,64.05,Average
S-13281,REG-2026-4281,M,20,BS Software Eng,8,S3,50,39,79.0,3.0,2.92,72,64,68.0,74,71,58,59.0,78,66,Last-minute crammer,Good,Not Started,Good effort but needs more consistency in assignments.,Participates occasionally,68.15,Good
S-13282,REG-2026-4282,M,21,BS Computer Science,7,S1,50,49,99.0,3.71,3.76,83,95,89.0,89,88,83,89.0,84,85,Highly focused,Excellent,Completed,Shows excellent leadership and analytical skills.,Shows leadership in sports,86.85,Excellent
S-13283,REG-2026-4283,F,20,BS Data Science,6,S2,50,48,96.0,3.74,3.68,90,86,88.0,92,83,94,90.0,90,80,Highly focused,Excellent,Completed,Brilliant understanding of core concepts. A joy to teach.,Outstanding performer in arts,89.1,Excellent
S-13284,REG-2026-4284,M,22,BS Software Eng,3,S3,50,39,79.0,2.85,2.71,77,58,67.5,74,68,70,70.0,65,56,Occasional studier,Good,Ongoing,Average performance. Needs to focus more on lab work.,Average sports player,67.55,Good
S-13285,REG-2026-4285,M,19,BS Software Eng,3,S3,50,48,96.0,3.74,3.7,85,98,91.5,89,88,87,99.0,88,87,Regular studier,Excellent,Completed,Brilliant understanding of core concepts. A joy to teach.,Active club president,90.75,Excellent
S-13286,REG-2026-4286,M,21,BS Data Science,3,S3,50,42,85.0,3.63,3.47,96,95,95.5,99,94,84,94.0,92,90,Regular studier,Excellent,Completed,Brilliant understanding of core concepts. A joy to teach.,Outstanding performer in arts,91.55,Excellent
S-13287,REG-2026-4287,F,19,BS Computer Science,7,S3,50,32,65.0,3.19,3.27,59,55,57.0,63,59,63,68.0,78,65,Occasional studier,Good,Not Started,"Participates occasionally, can definitely do better.",Participates occasionally,67.05,Good
S-13288,REG-2026-4288,M,24,BS Data Science,8,S2,50,38,77.0,3.07,3.07,78,60,69.0,67,66,59,58.0,57,72,Needs some guidance,Warning,Ongoing,No feedback provided,Learning basics of music,62.6,Average
S-13289,REG-2026-4289,M,22,BS Data Science,3,S3,50,32,65.0,3.27,2.97,73,75,74.0,68,59,63,68.0,71,67,Occasional studier,Good,Ongoing,Good effort but needs more consistency in assignments.,Average sports player,67.45,Good
S-13290,REG-2026-4290,F,21,BS Data Science,3,S1,50,41,83.0,3.08,3.24,70,78,74.0,75,68,58,60.0,68,60,Last-minute crammer,Good,Not Started,Good effort but needs more consistency in assignments.,Learning basics of music,65.8,Good
S-13291,REG-2026-4291,M,23,BS Info Tech,2,S3,50,38,76.0,3.09,3.12,55,77,66.0,67,76,72,68.0,70,60,Occasional studier,Good,Not Started,Understands the basics but struggles with complex logic.,Average sports player,69.25,Good
S-13292,REG-2026-4292,F,23,BS Info Tech,7,S3,50,42,85.0,3.72,3.52,88,81,84.5,90,92,93,96.0,82,98,Regular studier,Excellent,Completed,Outstanding performance throughout the semester.,Shows leadership in sports,89.85,Excellent
S-13293,REG-2026-4293,M,18,BS AI,6,S3,50,33,66.0,3.43,3.61,75,78,76.5,77,60,76,64.0,62,70,Needs some guidance,Warning,Ongoing,"Participates occasionally, can definitely do better.",Learning basics of music,67.5,Good
S-13294,REG-2026-4294,M,24,BS Data Science,1,S1,50,44,88.0,3.79,3.79,96,94,95.0,96,95,94,96.0,86,99,Highly focused,Excellent,Completed,Outstanding performance throughout the semester.,Outstanding performer in arts,92.9,Excellent
S-13295,REG-2026-4295,M,20,BS Computer Science,7,S1,50,40,81.0,2.59,2.49,55,74,64.5,78,65,59,66.0,64,70,Needs some guidance,Warning,Not Started,"Participates occasionally, can definitely do better.",Learning basics of music,65.95,Good
S-13296,REG-2026-4296,M,25,BS Info Tech,1,S3,50,47,95.0,3.51,3.56,90,94,92.0,92,83,95,81.0,83,95,Highly focused,Excellent,Completed,"Highly proactive, consistent, and quick learner.",Active club president,87.55,Excellent
S-13297,REG-2026-4297,M,20,BS Software Eng,4,S2,50,34,72.69,3.2,2.91,59,67,63.0,69,57,57,74.0,58,77,Occasional studier,Warning,Ongoing,Average performance. Needs to focus more on lab work.,Participates occasionally,64.4,Average
S-13298,REG-2026-4298,F,22,BS Data Science,3,S2,50,41,83.0,2.67,2.62,59,70,64.5,58,73,74,59.0,73,65,Last-minute crammer,Warning,Not Started,"Participates occasionally, can definitely do better.",Learning basics of music,68.45,Good
S-13299,REG-2026-4299,M,19,BS Data Science,8,S1,50,47,95.0,3.96,3.99,99,97,98.0,85,91,91,83.0,91,99,Regular studier,Excellent,Completed,Shows excellent leadership and analytical skills.,Shows leadership in sports,90.8,Excellent
S-13300,REG-2026-4300,F,22,BS Software Eng,6,S2,50,39,78.0,3.05,2.77,71,56,63.5,66,65,61,77.0,78,70,Needs some guidance,Good,Not Started,Good effort but needs more consistency in assignments.,Learning basics of music,71.1,Good
S-13301,REG-2026-4301,M,22,BS Software Eng,2,S1,50,42,85.0,3.76,3.79,88,86,87.0,98,95,99,84.0,99,80,Very consistent,Excellent,Completed,Shows excellent leadership and analytical skills.,Active club president,91.75,Excellent
S-13302,REG-2026-4302,M,20,BS Info Tech,2,S1,50,35,70.0,3.43,3.62,60,57,58.5,74,60,66,62.0,63,56,Needs some guidance,Good,Not Started,"Participates occasionally, can definitely do better.",Learning basics of music,62.7,Average
S-13303,REG-2026-4303,M,22,BS Data Science,7,S1,50,29,59.0,2.32,2.28,25,26,25.5,49,45,29,49.0,28,34,Needs constant monitoring,Probation,Not Started,Frequently misses deadlines and lacks motivation.,Shy and inactive,37.0,Poor
S-13304,REG-2026-4304,F,23,BS Software Eng,1,S2,50,39,72.69,3.4,3.27,58,58,58.0,76,56,62,70.0,74,57,Needs some guidance,Warning,Ongoing,Understands the basics but struggles with complex logic.,Participates occasionally,66.65,Good
S-13305,REG-2026-4305,M,23,BS Computer Science,8,S3,50,34,69.0,2.77,2.82,67,68,67.5,67,78,65,78.0,56,76,Needs some guidance,Good,Ongoing,Good effort but needs more consistency in assignments.,Average sports player,68.3,Good
S-13306,REG-2026-4306,F,23,BS Data Science,8,S1,50,40,81.0,2.59,2.5,62,64,63.0,61,63,69,55.0,64,57,Occasional studier,Good,Ongoing,Good effort but needs more consistency in assignments.,Participates occasionally,62.75,Average
S-13307,REG-2026-4307,M,19,BS Info Tech,6,S3,50,41,83.0,3.22,3.48,66,72,69.0,76,75,76,71.0,56,55,Needs some guidance,Good,Not Started,Understands the basics but struggles with complex logic.,Learning basics of music,67.45,Good
S-13308,REG-2026-4308,M,23,BS Computer Science,2,S1,50,39,79.0,3.05,3.34,58,71,64.5,68,75,63,59.0,76,62,Last-minute crammer,Warning,Not Started,"Participates occasionally, can definitely do better.",Average sports player,67.75,Good
S-13309,REG-2026-4309,M,22,BS AI,1,S3,50,21,43.0,1.95,1.96,34,23,28.5,49,40,27,22.0,42,21,Last-minute crammer,Probation,Not Started,Lacks fundamental understanding of the subject matter.,Struggles to participate,32.5,Poor
S-13310,REG-2026-4310,F,18,BS Info Tech,6,S1,50,35,70.0,3.36,3.66,77,64,70.5,57,63,55,62.0,69,77,Needs some guidance,Good,Not Started,Understands the basics but struggles with complex logic.,Average sports player,65.3,Good
S-13311,REG-2026-4311,F,25,BS Software Eng,7,S3,50,36,72.0,3.23,2.94,70,56,63.0,59,67,67,70.0,63,64,Occasional studier,Good,Ongoing,Average performance. Needs to focus more on lab work.,Participates occasionally,65.75,Good
S-13312,REG-2026-4312,M,19,BS AI,4,S2,50,44,89.0,3.77,3.91,91,94,92.5,82,83,81,96.0,92,88,Highly focused,Excellent,Completed,Outstanding performance throughout the semester.,Shows leadership in sports,89.25,Excellent
S-13313,REG-2026-4313,F,23,BS Info Tech,3,S3,50,39,79.0,3.27,3.51,60,77,68.5,78,58,68,70.0,74,65,Last-minute crammer,Good,Not Started,Understands the basics but struggles with complex logic.,Participates occasionally,69.7,Good
S-13314,REG-2026-4314,F,19,BS Software Eng,8,S3,50,34,69.0,3.34,3.3,57,76,66.5,75,57,62,76.0,67,61,Last-minute crammer,Warning,Not Started,"Participates occasionally, can definitely do better.",Participates occasionally,66.9,Good
S-13315,REG-2026-4315,F,23,BS Computer Science,7,S2,50,29,59.0,1.36,1.22,26,44,35.0,53,49,51,28.0,48,36,Last-minute crammer,Probation,Not Started,Lacks fundamental understanding of the subject matter.,No interest,42.85,Poor
S-13316,REG-2026-4316,F,18,BS Info Tech,5,S2,50,49,98.0,3.78,3.61,96,87,91.5,80,84,97,85.0,92,86,Very consistent,Excellent,Completed,"Highly proactive, consistent, and quick learner.",Outstanding performer in arts,89.6,Excellent
S-13317,REG-2026-4317,F,22,BS Computer Science,7,S3,50,44,88.0,3.55,3.28,92,95,93.5,94,85,82,90.0,89,93,Regular studier,Excellent,Completed,"Highly proactive, consistent, and quick learner.",Active club president,88.8,Excellent
S-13318,REG-2026-4318,M,24,BS Data Science,5,S2,50,37,74.0,2.77,2.58,57,57,57.0,55,77,66,73.0,76,56,Last-minute crammer,Good,Not Started,Understands the basics but struggles with complex logic.,Average sports player,68.95,Good
S-13319,REG-2026-4319,F,25,BS Software Eng,7,S3,50,39,78.0,3.34,2.91,77,68,72.5,67,55,67,62.0,77,59,Last-minute crammer,Good,Not Started,Average performance. Needs to focus more on lab work.,Learning basics of music,67.6,Good
S-13320,REG-2026-4320,F,24,BS Computer Science,4,S1,50,18,37.0,2.03,2.18,36,39,37.5,26,31,25,25.0,20,48,Needs constant monitoring,Probation,Not Started,Irregular attendance and extremely poor focus in class.,Shy and inactive,28.55,Poor
S-13321,REG-2026-4321,M,24,BS Software Eng,6,S1,50,38,77.0,3.08,2.79,74,56,65.0,78,63,57,61.0,55,55,Last-minute crammer,Good,Not Started,"Participates occasionally, can definitely do better.",Average sports player,60.55,Average
S-13322,REG-2026-4322,M,25,BS AI,8,S2,50,43,86.0,3.72,3.98,84,96,90.0,87,91,95,94.0,83,80,Very consistent,Excellent,Completed,"Highly proactive, consistent, and quick learner.",Outstanding performer in arts,88.55,Excellent
S-13323,REG-2026-4323,M,19,BS AI,6,S2,50,33,67.0,2.65,2.92,61,74,67.5,78,78,68,69.0,69,56,Last-minute crammer,Good,Not Started,Understands the basics but struggles with complex logic.,Participates occasionally,68.65,Good
S-13324,REG-2026-4324,M,18,BS AI,2,S1,50,49,99.0,3.59,3.53,99,80,89.5,97,91,85,91.0,83,90,Highly focused,Excellent,Completed,"Highly proactive, consistent, and quick learner.",Shows leadership in sports,88.55,Excellent
S-13325,REG-2026-4325,F,25,BS AI,7,S1,50,38,77.0,2.87,2.99,64,75,69.5,57,74,71,57.0,62,55,Needs some guidance,Good,Not Started,Good effort but needs more consistency in assignments.,Average sports player,64.1,Average
S-13326,REG-2026-4326,F,24,BS Computer Science,5,S3,50,38,77.0,3.41,3.46,61,63,62.0,70,62,71,65.0,69,67,Needs some guidance,Good,Not Started,Good effort but needs more consistency in assignments.,Participates occasionally,67.35,Good
S-13327,REG-2026-4327,M,23,BS AI,8,S2,50,40,80.0,3.11,2.87,72,58,65.0,57,58,62,78.0,74,64,Needs some guidance,Good,Ongoing,Average performance. Needs to focus more on lab work.,Average sports player,68.95,Good
S-13328,REG-2026-4328,M,24,BS Data Science,2,S1,50,46,93.0,3.5,3.26,94,91,92.5,91,81,89,85.0,81,85,Highly focused,Excellent,Completed,Shows excellent leadership and analytical skills.,Outstanding performer in arts,85.65,Excellent
S-13329,REG-2026-4329,M,23,BS Info Tech,1,S1,50,33,66.0,2.77,2.54,69,64,66.5,67,64,63,56.0,66,74,Needs some guidance,Good,Ongoing,Good effort but needs more consistency in assignments.,Participates occasionally,64.25,Average
S-13330,REG-2026-4330,F,25,BS AI,5,S1,50,18,36.0,2.09,2.07,21,36,28.5,31,23,47,35.0,37,36,Needs constant monitoring,Probation,Not Started,Lacks fundamental understanding of the subject matter.,Shy and inactive,35.4,Poor
S-13331,REG-2026-4331,M,23,BS Software Eng,2,S2,50,41,72.69,2.73,2.84,63,59,61.0,64,66,78,64.0,68,76,Needs some guidance,Good,Ongoing,Understands the basics but struggles with complex logic.,Average sports player,69.15,Good
S-13332,REG-2026-4332,F,20,BS Data Science,3,S3,50,28,57.0,2.05,1.88,27,36,31.5,38,44,52,24.0,35,45,Needs constant monitoring,Probation,Not Started,Irregular attendance and extremely poor focus in class.,No interest,38.15,Poor
S-13333,REG-2026-4333,F,22,BS Info Tech,2,S1,50,34,68.0,3.43,3.38,70,75,72.5,63,78,63,73.0,63,64,Occasional studier,Warning,Not Started,Average performance. Needs to focus more on lab work.,Participates occasionally,67.8,Good
S-13334,REG-2026-4334,M,20,BS AI,2,S3,50,43,87.0,4.0,3.96,97,87,92.0,94,80,91,83.0,99,85,Regular studier,Excellent,Completed,"Highly proactive, consistent, and quick learner.",Outstanding performer in arts,89.75,Excellent
S-13335,REG-2026-4335,M,18,BS Data Science,3,S1,50,36,73.0,3.25,3.55,65,75,70.0,66,68,55,63.0,78,57,Last-minute crammer,Good,Not Started,Good effort but needs more consistency in assignments.,Average sports player,66.8,Good
S-13336,REG-2026-4336,M,23,BS Software Eng,6,S2,50,36,73.0,2.95,2.91,74,73,73.5,62,77,67,57.0,75,74,Last-minute crammer,Warning,Ongoing,Understands the basics but struggles with complex logic.,Average sports player,69.4,Good
S-13337,REG-2026-4337,M,20,BS Data Science,8,S2,50,18,36.0,1.07,1.28,22,36,29.0,44,49,31,49.0,42,50,Rarely studies,Needs Improvement,Not Started,Irregular attendance and extremely poor focus in class.,Shy and inactive,41.75,Poor
S-13338,REG-2026-4338,F,22,BS AI,6,S2,50,34,72.69,3.15,3.07,59,67,63.0,66,73,65,68.0,66,68,Needs some guidance,Good,Ongoing,Average performance. Needs to focus more on lab work.,Learning basics of music,67.0,Good
S-13339,REG-2026-4339,M,21,BS AI,7,S2,50,48,97.0,3.61,3.5,86,86,86.0,92,81,97,90.0,94,90,Regular studier,Excellent,Completed,Shows excellent leadership and analytical skills.,Shows leadership in sports,91.2,Excellent
S-13340,REG-2026-4340,F,18,BS Software Eng,7,S2,50,45,91.0,3.7,3.93,87,92,89.5,90,98,93,83.0,92,97,Highly focused,Excellent,Completed,"Highly proactive, consistent, and quick learner.",Shows leadership in sports,91.05,Excellent
S-13341,REG-2026-4341,M,24,BS Computer Science,8,S3,50,34,69.0,3.43,3.47,57,68,62.5,74,55,78,75.0,55,69,Occasional studier,Good,Not Started,No feedback provided,Learning basics of music,66.25,Good
S-13342,REG-2026-4342,F,22,BS Software Eng,3,S1,50,32,65.0,3.3,3.14,65,62,63.5,70,68,75,62.0,69,62,Last-minute crammer,Warning,Ongoing,Good effort but needs more consistency in assignments.,Average sports player,67.0,Good
S-13343,REG-2026-4343,F,22,BS Data Science,2,S1,50,30,61.0,1.12,1.15,32,31,31.5,52,35,41,37.0,24,51,Rarely studies,Needs Improvement,Not Started,Irregular attendance and extremely poor focus in class.,Shy and inactive,36.95,Poor
S-13344,REG-2026-4344,F,18,BS AI,3,S1,50,26,53.0,2.12,2.24,42,52,47.0,21,53,21,26.0,35,37,Rarely studies,Probation,Not Started,Irregular attendance and extremely poor focus in class.,No interest,34.5,Poor
S-13345,REG-2026-4345,F,21,BS Computer Science,1,S3,50,36,73.0,2.93,2.92,57,69,63.0,75,70,55,66.03,66,59,Occasional studier,Good,Not Started,"Participates occasionally, can definitely do better.",Average sports player,62.95,Average
S-13346,REG-2026-4346,F,24,BS Data Science,1,S1,50,32,65.0,3.45,3.37,74,63,68.5,58,74,65,55.0,69,68,Last-minute crammer,Warning,Not Started,Understands the basics but struggles with complex logic.,Participates occasionally,65.2,Good
S-13347,REG-2026-4347,F,18,BS Data Science,7,S3,50,39,79.0,3.39,3.22,69,60,64.5,69,62,78,72.0,65,74,Needs some guidance,Good,Ongoing,"Participates occasionally, can definitely do better.",Learning basics of music,69.8,Good
S-13348,REG-2026-4348,M,25,BS Info Tech,1,S2,50,37,75.0,3.35,3.57,57,69,63.0,60,73,69,78.0,70,57,Occasional studier,Warning,Ongoing,Average performance. Needs to focus more on lab work.,Learning basics of music,69.5,Good
S-13349,REG-2026-4349,F,23,BS Data Science,6,S3,50,28,56.0,1.83,1.89,28,25,26.5,41,21,36,39.0,50,43,Rarely studies,Needs Improvement,Not Started,Lacks fundamental understanding of the subject matter.,Shy and inactive,39.6,Poor
S-13350,REG-2026-4350,M,22,BS Software Eng,3,S2,50,48,96.0,3.9,3.73,95,87,91.0,99,87,93,89.0,83,85,Highly focused,Excellent,Completed,Shows excellent leadership and analytical skills.,Shows leadership in sports,88.55,Excellent
S-13351,REG-2026-4351,M,25,BS Software Eng,7,S3,50,35,71.0,2.55,2.71,63,60,61.5,60,63,64,78.0,58,72,Occasional studier,Good,Not Started,Understands the basics but struggles with complex logic.,Average sports player,65.9,Good
S-13352,REG-2026-4352,M,22,BS Software Eng,4,S2,50,36,72.0,2.69,2.55,67,70,68.5,70,76,66,59.0,72,59,Needs some guidance,Good,Not Started,Understands the basics but struggles with complex logic.,Learning basics of music,67.15,Good
S-13353,REG-2026-4353,M,19,BS Data Science,4,S2,50,35,70.0,2.54,2.4,55,74,64.5,66,60,77,76.0,77,72,Needs some guidance,Warning,Not Started,Average performance. Needs to focus more on lab work.,Average sports player,72.45,Good
S-13354,REG-2026-4354,F,22,BS Computer Science,4,S3,50,35,71.0,2.74,2.81,57,73,65.0,67,63,57,67.0,74,59,Occasional studier,Warning,Not Started,Average performance. Needs to focus more on lab work.,Participates occasionally,66.05,Good
S-13355,REG-2026-4355,M,24,BS AI,2,S1,50,37,74.0,2.68,2.45,61,63,62.0,58,64,63,74.0,64,58,Occasional studier,Warning,Not Started,Average performance. Needs to focus more on lab work.,Learning basics of music,65.25,Good
S-13356,REG-2026-4356,F,24,BS AI,2,S3,50,22,45.0,1.08,1.2,28,53,40.5,26,22,50,53.0,40,40,Rarely studies,Needs Improvement,Not Started,Irregular attendance and extremely poor focus in class.,Struggles to participate,41.9,Poor
S-13357,REG-2026-4357,F,25,BS Info Tech,3,S1,50,43,87.0,3.69,3.42,93,92,92.5,81,87,97,81.0,90,81,Regular studier,Excellent,Completed,Shows excellent leadership and analytical skills.,Outstanding performer in arts,87.7,Excellent
S-13358,REG-2026-4358,M,18,BS Computer Science,2,S2,50,24,49.0,1.81,1.68,33,51,42.0,27,45,28,51.0,24,47,Rarely studies,Warning,Not Started,"Needs urgent improvement, counseling recommended.",Struggles to participate,37.6,Poor
S-13359,REG-2026-4359,F,25,BS Software Eng,6,S1,50,34,69.0,3.29,3.32,58,78,68.0,70,60,60,71.0,56,78,Occasional studier,Warning,Not Started,Average performance. Needs to focus more on lab work.,Average sports player,64.75,Average
S-13360,REG-2026-4360,M,22,BS Computer Science,8,S3,50,24,49.0,1.83,1.94,23,25,24.0,22,52,28,42.0,50,37,Last-minute crammer,Warning,Not Started,Frequently misses deadlines and lacks motivation.,Struggles to participate,39.95,Poor
S-13361,REG-2026-4361,F,24,BS Software Eng,1,S3,50,47,95.0,3.86,3.93,92,88,90.0,97,88,93,98.0,81,84,Very consistent,Excellent,Completed,Brilliant understanding of core concepts. A joy to teach.,Shows leadership in sports,89.6,Excellent
S-13362,REG-2026-4362,F,24,BS Software Eng,2,S3,50,36,73.0,2.59,2.42,74,64,69.0,55,76,69,64.0,55,74,Needs some guidance,Warning,Ongoing,Average performance. Needs to focus more on lab work.,Average sports player,65.2,Good
S-13363,REG-2026-4363,F,20,BS Data Science,6,S1,50,41,82.0,2.8,2.8,61,68,64.5,61,65,64,71.0,70,55,Needs some guidance,Good,Ongoing,Understands the basics but struggles with complex logic.,Average sports player,66.9,Good
S-13364,REG-2026-4364,M,23,BS Data Science,2,S1,50,34,69.0,3.23,3.21,63,76,69.5,75,75,73,70.0,75,73,Occasional studier,Good,Ongoing,Average performance. Needs to focus more on lab work.,Average sports player,72.65,Good
S-13365,REG-2026-4365,M,25,BS AI,1,S3,50,40,80.0,3.15,2.95,61,72,66.5,61,55,73,60.0,60,70,Occasional studier,Good,Ongoing,Average performance. Needs to focus more on lab work.,Participates occasionally,64.15,Average
S-13366,REG-2026-4366,M,24,BS Data Science,6,S3,50,33,67.0,2.59,2.41,62,75,68.5,75,63,71,59.0,70,77,Needs some guidance,Warning,Ongoing,Understands the basics but struggles with complex logic.,Learning basics of music,67.9,Good
S-13367,REG-2026-4367,F,22,BS Data Science,2,S2,50,24,48.0,1.29,2.91,42,39,40.5,44,43,44,26.0,22,39,Rarely studies,Probation,Not Started,Frequently misses deadlines and lacks motivation.,No interest,34.15,Poor
S-13368,REG-2026-4368,M,21,BS Info Tech,7,S3,50,36,73.0,2.92,3.05,59,62,60.5,76,68,62,74.0,70,71,Needs some guidance,Warning,Not Started,Understands the basics but struggles with complex logic.,Average sports player,69.0,Good
S-13369,REG-2026-4369,F,21,BS Computer Science,7,S3,50,38,77.0,3.41,3.14,57,61,59.0,62,70,66,73.0,57,70,Last-minute crammer,Good,Ongoing,Average performance. Needs to focus more on lab work.,Participates occasionally,65.6,Good
S-13370,REG-2026-4370,F,19,BS Data Science,4,S3,50,35,70.0,3.02,2.72,59,70,64.5,71,65,65,68.0,74,78,Last-minute crammer,Good,Ongoing,Understands the basics but struggles with complex logic.,Average sports player,69.65,Good
S-13371,REG-2026-4371,F,22,BS Info Tech,5,S2,50,47,94.0,3.85,3.98,93,82,87.5,95,84,97,90.0,87,89,Highly focused,Excellent,Completed,Brilliant understanding of core concepts. A joy to teach.,Outstanding performer in arts,89.8,Excellent
S-13372,REG-2026-4372,M,25,BS Software Eng,4,S2,50,25,50.0,1.15,1.03,35,52,43.5,44,21,40,37.0,42,23,Rarely studies,Warning,Not Started,Frequently misses deadlines and lacks motivation.,Struggles to participate,37.35,Poor
S-13373,REG-2026-4373,F,20,BS Data Science,8,S2,50,37,74.0,3.04,3.19,70,67,68.5,65,60,57,55.0,70,65,Needs some guidance,Warning,Ongoing,Average performance. Needs to focus more on lab work.,Participates occasionally,63.35,Average
S-13374,REG-2026-4374,M,24,BS Computer Science,4,S3,50,38,76.0,3.35,3.22,56,70,63.0,64,68,62,61.0,67,70,Occasional studier,Good,Not Started,"Participates occasionally, can definitely do better.",Participates occasionally,65.35,Good
S-13375,REG-2026-4375,F,18,BS AI,7,S2,50,47,94.0,3.65,3.5,85,83,84.0,81,84,95,83.0,84,92,Very consistent,Excellent,Completed,Shows excellent leadership and analytical skills.,Active club president,86.6,Excellent
S-13376,REG-2026-4376,M,24,BS Software Eng,7,S3,50,34,69.0,2.58,2.48,76,66,71.0,62,71,68,78.0,56,62,Needs some guidance,Warning,Ongoing,Good effort but needs more consistency in assignments.,Learning basics of music,66.75,Good
S-13377,REG-2026-4377,F,18,BS AI,7,S3,50,30,60.0,2.18,1.9,30,44,37.0,27,23,33,41.0,22,43,Last-minute crammer,Needs Improvement,Not Started,Lacks fundamental understanding of the subject matter.,Struggles to participate,33.3,Poor
S-13378,REG-2026-4378,F,21,BS Computer Science,6,S2,50,37,75.0,3.22,3.17,55,58,56.5,69,60,55,60.0,63,73,Last-minute crammer,Good,Ongoing,Understands the basics but struggles with complex logic.,Participates occasionally,62.15,Average
S-13379,REG-2026-4379,M,23,BS Computer Science,2,S1,50,44,89.0,3.76,3.97,84,86,85.0,89,98,85,84.0,94,82,Regular studier,Excellent,Completed,Brilliant understanding of core concepts. A joy to teach.,Active club president,88.45,Excellent
S-13380,REG-2026-4380,F,22,BS Data Science,1,S1,50,45,91.0,3.65,3.57,97,80,88.5,95,90,91,92.0,83,85,Very consistent,Excellent,Completed,Outstanding performance throughout the semester.,Shows leadership in sports,88.45,Excellent
S-13381,REG-2026-4381,F,23,BS Computer Science,5,S2,50,43,86.0,3.67,3.85,88,87,87.5,95,85,89,86.0,99,86,Highly focused,Excellent,Completed,Outstanding performance throughout the semester.,Outstanding performer in arts,90.2,Excellent
S-13382,REG-2026-4382,M,21,BS AI,2,S1,50,33,67.0,3.48,3.7,73,77,75.0,57,71,71,68.0,77,55,Last-minute crammer,Good,Ongoing,Understands the basics but struggles with complex logic.,Learning basics of music,69.8,Good
S-13383,REG-2026-4383,F,24,BS Software Eng,3,S2,50,37,75.0,3.09,2.99,70,55,62.5,59,78,75,77.0,61,77,Needs some guidance,Good,Ongoing,"Participates occasionally, can definitely do better.",Average sports player,70.35,Good
S-13384,REG-2026-4384,M,25,BS Data Science,8,S1,50,47,95.0,3.58,3.58,93,83,88.0,90,93,89,84.0,97,83,Very consistent,Excellent,Completed,"Highly proactive, consistent, and quick learner.",Shows leadership in sports,90.05,Excellent
S-13385,REG-2026-4385,F,24,BS Info Tech,4,S1,50,34,69.0,3.27,3.02,73,63,68.0,68,74,56,73.0,57,74,Needs some guidance,Good,Ongoing,Good effort but needs more consistency in assignments.,Learning basics of music,65.7,Good
S-13386,REG-2026-4386,M,21,BS Computer Science,3,S3,50,22,44.0,1.41,1.19,52,39,45.5,33,28,22,25.0,21,30,Last-minute crammer,Warning,Not Started,Frequently misses deadlines and lacks motivation.,Struggles to participate,27.75,Poor
S-13387,REG-2026-4387,F,25,BS Data Science,1,S3,50,32,65.0,3.04,3.07,56,72,64.0,71,65,78,56.0,71,66,Occasional studier,Warning,Not Started,Understands the basics but struggles with complex logic.,Learning basics of music,66.95,Good
S-13388,REG-2026-4388,F,25,BS Info Tech,7,S2,50,35,70.0,3.37,3.46,64,71,67.5,63,78,64,55.0,78,70,Needs some guidance,Warning,Ongoing,Average performance. Needs to focus more on lab work.,Learning basics of music,68.3,Good
S-13389,REG-2026-4389,M,24,BS Software Eng,6,S2,50,43,86.0,3.77,3.59,99,86,92.5,84,81,98,86.0,88,90,Regular studier,Excellent,Completed,Outstanding performance throughout the semester.,Active club president,88.75,Excellent
S-13390,REG-2026-4390,M,24,BS Software Eng,8,S3,50,43,87.0,3.88,3.97,91,99,95.0,94,91,80,89.0,85,88,Highly focused,Excellent,Completed,"Highly proactive, consistent, and quick learner.",Shows leadership in sports,87.5,Excellent
S-13391,REG-2026-4391,F,19,BS Software Eng,5,S3,50,41,83.0,3.01,3.2,66,61,63.5,75,56,70,68.0,59,63,Last-minute crammer,Good,Not Started,Understands the basics but struggles with complex logic.,Participates occasionally,65.0,Good
S-13392,REG-2026-4392,F,18,BS Data Science,1,S2,50,40,80.0,2.91,3.04,61,64,62.5,55,60,74,56.0,73,67,Occasional studier,Good,Ongoing,Good effort but needs more consistency in assignments.,Average sports player,66.25,Good
S-13393,REG-2026-4393,M,22,BS Info Tech,8,S1,50,38,77.0,2.98,3.22,58,64,61.0,75,70,71,69.0,60,64,Occasional studier,Warning,Not Started,Good effort but needs more consistency in assignments.,Average sports player,66.55,Good
S-13394,REG-2026-4394,M,21,BS Computer Science,6,S2,50,37,75.0,3.28,3.16,75,77,76.0,72,55,62,71.0,78,76,Needs some guidance,Warning,Not Started,Average performance. Needs to focus more on lab work.,Learning basics of music,71.05,Good
S-13395,REG-2026-4395,F,25,BS AI,3,S2,50,33,66.0,2.93,2.91,62,78,70.0,78,56,72,63.0,59,69,Needs some guidance,Warning,Not Started,Average performance. Needs to focus more on lab work.,Participates occasionally,64.85,Average
S-13396,REG-2026-4396,F,22,BS Computer Science,3,S2,50,33,66.0,3.22,3.33,76,74,75.0,58,74,68,71.0,55,77,Occasional studier,Good,Not Started,Understands the basics but struggles with complex logic.,Participates occasionally,66.95,Good
S-13397,REG-2026-4397,F,20,BS Data Science,5,S3,50,39,78.0,2.73,2.61,57,71,64.0,78,60,61,61.0,65,61,Last-minute crammer,Warning,Not Started,"Participates occasionally, can definitely do better.",Average sports player,63.9,Average
S-13398,REG-2026-4398,F,25,BS Info Tech,1,S1,50,45,91.0,3.62,3.71,81,98,89.5,81,95,84,99.0,96,95,Regular studier,Excellent,Completed,Shows excellent leadership and analytical skills.,Shows leadership in sports,92.95,Excellent
S-13399,REG-2026-4399,F,24,BS Software Eng,1,S3,50,49,98.0,4.0,3.86,90,93,91.5,86,98,81,80.0,85,87,Highly focused,Excellent,Completed,No feedback provided,Shows leadership in sports,86.25,Excellent
S-13400,REG-2026-4400,M,25,BS AI,3,S3,50,35,70.0,3.46,3.52,73,70,71.5,56,69,74,75.0,66,74,Occasional studier,Warning,Not Started,Good effort but needs more consistency in assignments.,Learning basics of music,70.35,Good
S-13401,REG-2026-4401,F,19,BS Software Eng,3,S1,50,46,92.0,3.83,3.88,88,98,93.0,91,92,95,95.0,86,86,Regular studier,Excellent,Completed,Outstanding performance throughout the semester.,Outstanding performer in arts,91.0,Excellent
S-13402,REG-2026-4402,F,19,BS AI,3,S3,50,28,57.0,1.8,1.61,53,35,44.0,46,33,41,44.0,38,40,Last-minute crammer,Probation,Not Started,Lacks fundamental understanding of the subject matter.,Shy and inactive,41.3,Poor
S-13403,REG-2026-4403,M,18,BS Info Tech,3,S3,50,44,88.0,3.82,3.83,84,91,87.5,83,96,81,81.0,96,84,Very consistent,Excellent,Completed,Outstanding performance throughout the semester.,Outstanding performer in arts,87.65,Excellent
S-13404,REG-2026-4404,M,18,BS Info Tech,5,S3,50,46,93.0,3.9,3.87,90,96,93.0,91,91,91,93.0,95,95,Very consistent,Excellent,Completed,No feedback provided,Outstanding performer in arts,93.1,Excellent
S-13405,REG-2026-4405,F,21,BS Data Science,6,S3,50,43,86.0,3.88,3.86,85,88,86.5,98,89,84,81.0,85,98,Regular studier,Excellent,Completed,Brilliant understanding of core concepts. A joy to teach.,Active club president,86.6,Excellent
S-13406,REG-2026-4406,F,18,BS Data Science,2,S3,50,22,45.0,2.15,2.11,47,29,38.0,50,22,38,39.0,30,36,Rarely studies,Needs Improvement,Not Started,"Needs urgent improvement, counseling recommended.",Struggles to participate,35.35,Poor
S-13407,REG-2026-4407,F,21,BS AI,1,S1,50,47,95.0,3.51,3.43,90,90,90.0,92,87,89,91.0,94,97,Highly focused,Excellent,Completed,Shows excellent leadership and analytical skills.,Shows leadership in sports,91.8,Excellent
S-13408,REG-2026-4408,F,23,BS Computer Science,3,S1,50,34,68.0,3.46,2.91,64,60,62.0,57,62,65,71.0,76,74,Occasional studier,Good,Not Started,Average performance. Needs to focus more on lab work.,Average sports player,69.0,Good
S-13409,REG-2026-4409,M,18,BS Computer Science,6,S2,50,18,37.0,2.05,1.81,34,32,33.0,20,30,30,48.0,33,46,Needs constant monitoring,Warning,Not Started,Irregular attendance and extremely poor focus in class.,No interest,36.1,Poor
S-13410,REG-2026-4410,F,22,BS Info Tech,7,S1,50,43,86.0,3.88,3.75,83,83,83.0,87,94,94,88.0,82,93,Highly focused,Excellent,Completed,Outstanding performance throughout the semester.,Shows leadership in sports,87.85,Excellent
S-13411,REG-2026-4411,M,18,BS Computer Science,6,S1,50,37,75.0,3.17,3.44,76,68,72.0,59,67,70,76.0,68,59,Needs some guidance,Warning,Not Started,Average performance. Needs to focus more on lab work.,Learning basics of music,69.2,Good
S-13412,REG-2026-4412,F,19,BS AI,3,S2,50,34,68.0,2.66,2.61,74,58,66.0,69,72,68,77.0,62,60,Needs some guidance,Good,Ongoing,Good effort but needs more consistency in assignments.,Participates occasionally,67.75,Good
S-13413,REG-2026-4413,M,22,BS Computer Science,4,S3,50,40,81.0,2.68,2.78,58,58,58.0,57,62,64,68.0,69,76,Last-minute crammer,Warning,Not Started,Good effort but needs more consistency in assignments.,Participates occasionally,66.95,Good
S-13414,REG-2026-4414,F,19,BS Info Tech,6,S1,50,33,67.0,3.48,2.91,64,73,68.5,74,58,59,64.0,76,59,Last-minute crammer,Good,Ongoing,"Participates occasionally, can definitely do better.",Learning basics of music,66.25,Good
S-13415,REG-2026-4415,F,23,BS Software Eng,4,S2,50,40,81.0,3.48,3.48,61,56,58.5,76,55,73,69.0,58,56,Last-minute crammer,Good,Ongoing,Average performance. Needs to focus more on lab work.,Average sports player,64.05,Average
S-13416,REG-2026-4416,M,18,BS AI,4,S1,50,38,77.0,2.58,2.8,67,64,65.5,55,66,75,59.0,74,55,Occasional studier,Warning,Ongoing,Average performance. Needs to focus more on lab work.,Average sports player,66.8,Good
S-13417,REG-2026-4417,F,20,BS Data Science,2,S1,50,48,97.0,3.51,3.78,97,84,90.5,86,83,83,84.0,92,96,Regular studier,Excellent,Completed,Brilliant understanding of core concepts. A joy to teach.,Active club president,88.35,Excellent
S-13418,REG-2026-4418,F,18,BS Info Tech,8,S2,50,37,75.0,3.07,2.91,74,59,66.5,62,59,60,71.0,57,73,Needs some guidance,Good,Not Started,Average performance. Needs to focus more on lab work.,Average sports player,64.15,Average
S-13419,REG-2026-4419,M,22,BS AI,5,S3,50,39,78.0,3.07,2.98,56,67,61.5,74,74,62,70.0,63,67,Needs some guidance,Warning,Not Started,"Participates occasionally, can definitely do better.",Participates occasionally,66.9,Good
S-13420,REG-2026-4420,F,23,BS Data Science,7,S1,50,39,78.0,2.61,2.49,57,68,62.5,60,69,63,65.0,71,70,Last-minute crammer,Good,Ongoing,Average performance. Needs to focus more on lab work.,Average sports player,67.25,Good
S-13421,REG-2026-4421,M,21,BS Computer Science,8,S1,50,32,65.0,2.57,2.83,78,71,74.5,68,62,64,70.0,62,65,Occasional studier,Good,Ongoing,Good effort but needs more consistency in assignments.,Average sports player,65.9,Good
S-13422,REG-2026-4422,F,18,BS Computer Science,1,S3,50,36,73.0,3.48,3.77,78,60,69.0,55,60,74,56.0,69,78,Last-minute crammer,Warning,Not Started,Understands the basics but struggles with complex logic.,Participates occasionally,66.65,Good
S-13423,REG-2026-4423,M,22,BS Info Tech,3,S2,50,49,99.0,3.99,3.69,82,96,89.0,87,83,94,92.0,82,90,Very consistent,Excellent,Completed,Brilliant understanding of core concepts. A joy to teach.,Active club president,88.5,Excellent
S-13424,REG-2026-4424,M,22,BS AI,8,S3,50,37,74.0,2.77,2.98,63,75,69.0,59,75,56,64.0,73,78,Occasional studier,Good,Not Started,Understands the basics but struggles with complex logic.,Average sports player,68.3,Good
S-13425,REG-2026-4425,F,24,BS Info Tech,7,S2,50,38,76.0,3.23,3.0,60,76,68.0,55,72,73,65.0,70,66,Needs some guidance,Good,Not Started,Understands the basics but struggles with complex logic.,Participates occasionally,68.6,Good
S-13426,REG-2026-4426,M,23,BS Software Eng,1,S3,50,33,67.0,2.58,2.54,74,67,70.5,67,59,65,66.03,78,74,Needs some guidance,Warning,Not Started,Average performance. Needs to focus more on lab work.,Participates occasionally,71.1,Good
S-13427,REG-2026-4427,M,18,BS Info Tech,2,S2,50,38,76.0,2.53,2.34,75,75,75.0,60,69,66,78.0,72,76,Occasional studier,Warning,Ongoing,Good effort but needs more consistency in assignments.,Average sports player,72.3,Good
S-13428,REG-2026-4428,M,21,BS Software Eng,1,S2,50,36,72.0,2.89,2.99,56,77,66.5,69,57,74,67.0,75,64,Needs some guidance,Warning,Ongoing,"Participates occasionally, can definitely do better.",Average sports player,69.05,Good
S-13429,REG-2026-4429,F,18,BS Data Science,4,S3,50,44,88.0,3.64,3.42,88,84,86.0,81,81,84,97.0,89,99,Regular studier,Excellent,Completed,Shows excellent leadership and analytical skills.,Shows leadership in sports,89.3,Excellent
S-13430,REG-2026-4430,M,25,BS Info Tech,1,S3,50,37,74.0,2.98,2.76,74,76,75.0,57,68,60,67.0,73,72,Last-minute crammer,Good,Not Started,"Participates occasionally, can definitely do better.",Average sports player,68.7,Good
S-13431,REG-2026-4431,F,23,BS AI,2,S3,50,35,71.0,2.62,2.87,60,67,63.5,62,56,60,62.0,60,58,Last-minute crammer,Good,Ongoing,Average performance. Needs to focus more on lab work.,Average sports player,60.8,Average
S-13432,REG-2026-4432,F,23,BS AI,6,S1,50,34,69.0,2.53,2.43,68,57,62.5,67,78,76,76.0,61,56,Needs some guidance,Good,Not Started,Good effort but needs more consistency in assignments.,Average sports player,68.3,Good
S-13433,REG-2026-4433,M,25,BS Data Science,3,S1,50,38,77.0,2.62,2.39,75,67,71.0,72,65,75,64.0,60,66,Needs some guidance,Good,Ongoing,Average performance. Needs to focus more on lab work.,Learning basics of music,66.7,Good
S-13434,REG-2026-4434,F,24,BS AI,3,S2,50,46,93.0,3.78,3.54,96,84,90.0,98,85,94,97.0,92,96,Highly focused,Excellent,Completed,Shows excellent leadership and analytical skills.,Shows leadership in sports,93.15,Excellent
S-13435,REG-2026-4435,M,20,BS AI,6,S1,50,41,82.0,2.51,2.66,57,76,66.5,64,76,60,73.0,76,59,Occasional studier,Warning,Not Started,Average performance. Needs to focus more on lab work.,Average sports player,70.05,Good
S-13436,REG-2026-4436,M,21,BS Software Eng,2,S3,50,49,98.0,3.68,3.93,99,88,93.5,86,93,87,92.0,99,80,Regular studier,Excellent,Completed,Outstanding performance throughout the semester.,Shows leadership in sports,92.05,Excellent
S-13437,REG-2026-4437,F,24,BS AI,8,S1,50,36,73.0,2.65,2.59,75,65,70.0,55,62,59,72.0,68,68,Occasional studier,Warning,Not Started,Good effort but needs more consistency in assignments.,Learning basics of music,66.65,Good
S-13438,REG-2026-4438,M,18,BS Computer Science,1,S1,50,47,95.0,3.83,3.59,86,92,89.0,95,85,85,98.0,96,86,Very consistent,Excellent,Completed,Shows excellent leadership and analytical skills.,Outstanding performer in arts,91.85,Excellent
S-13439,REG-2026-4439,F,22,BS Info Tech,1,S3,50,46,92.0,3.55,3.48,85,82,83.5,84,99,82,99.0,94,99,Very consistent,Excellent,Completed,Shows excellent leadership and analytical skills.,Shows leadership in sports,92.55,Excellent
S-13440,REG-2026-4440,F,24,BS Computer Science,2,S3,50,49,99.0,3.77,3.87,86,96,91.0,80,84,83,84.0,99,94,Very consistent,Excellent,Completed,"Highly proactive, consistent, and quick learner.",Active club president,89.85,Excellent
S-13441,REG-2026-4441,M,21,BS Data Science,2,S3,50,40,81.0,2.83,2.64,61,68,64.5,58,57,78,77.0,59,64,Occasional studier,Good,Not Started,Good effort but needs more consistency in assignments.,Learning basics of music,67.35,Good
S-13442,REG-2026-4442,F,22,BS Computer Science,2,S1,50,43,87.0,3.91,3.99,83,98,90.5,91,99,83,83.0,88,96,Very consistent,Excellent,Completed,Shows excellent leadership and analytical skills.,Shows leadership in sports,88.5,Excellent
S-13443,REG-2026-4443,F,23,BS Computer Science,2,S1,50,37,74.0,2.95,2.66,68,60,64.0,73,59,70,68.0,63,64,Last-minute crammer,Good,Not Started,Good effort but needs more consistency in assignments.,Participates occasionally,65.9,Good
S-13444,REG-2026-4444,M,18,BS Computer Science,8,S2,50,27,55.0,1.49,1.19,33,25,29.0,29,41,42,29.0,29,38,Last-minute crammer,Warning,Not Started,Frequently misses deadlines and lacks motivation.,Shy and inactive,34.35,Poor
S-13445,REG-2026-4445,F,22,BS Software Eng,3,S1,50,28,57.0,1.86,1.93,52,53,52.5,42,35,39,47.0,26,47,Rarely studies,Probation,Not Started,No feedback provided,Shy and inactive,40.15,Poor
S-13446,REG-2026-4446,M,20,BS Data Science,1,S1,50,41,83.0,3.29,3.38,74,68,71.0,67,77,57,63.0,74,66,Needs some guidance,Warning,Not Started,"Participates occasionally, can definitely do better.",Learning basics of music,68.55,Good
S-13447,REG-2026-4447,F,24,BS Data Science,8,S2,50,32,65.0,2.94,2.99,74,57,65.5,74,73,55,73.0,73,60,Needs some guidance,Warning,Not Started,Average performance. Needs to focus more on lab work.,Average sports player,67.9,Good
S-13448,REG-2026-4448,F,25,BS Computer Science,8,S3,50,40,80.0,3.14,3.36,69,65,67.0,66,68,60,73.0,60,78,Occasional studier,Warning,Ongoing,Understands the basics but struggles with complex logic.,Learning basics of music,67.2,Good
S-13449,REG-2026-4449,F,24,BS Computer Science,4,S1,50,22,45.0,2.28,2.18,51,40,45.5,33,37,25,42.0,35,46,Last-minute crammer,Needs Improvement,Not Started,Lacks fundamental understanding of the subject matter.,Shy and inactive,37.65,Poor
S-13450,REG-2026-4450,M,19,BS Software Eng,3,S3,50,44,89.0,3.66,3.68,87,85,86.0,99,83,86,92.0,88,99,Very consistent,Excellent,Completed,Brilliant understanding of core concepts. A joy to teach.,Shows leadership in sports,89.5,Excellent
S-13451,REG-2026-4451,M,21,BS Software Eng,6,S2,50,41,83.0,3.43,3.53,56,55,55.5,71,65,78,72.0,74,67,Needs some guidance,Warning,Not Started,"Participates occasionally, can definitely do better.",Average sports player,71.05,Good
S-13452,REG-2026-4452,M,24,BS Computer Science,4,S2,50,48,97.0,3.97,3.77,99,82,90.5,96,81,87,96.0,84,97,Highly focused,Excellent,Completed,Brilliant understanding of core concepts. A joy to teach.,Active club president,89.75,Excellent
S-13453,REG-2026-4453,M,21,BS AI,3,S3,50,46,93.0,3.76,3.85,83,81,82.0,84,99,94,66.03,85,91,Highly focused,Excellent,Completed,Outstanding performance throughout the semester.,Outstanding performer in arts,90.4,Excellent
S-13454,REG-2026-4454,M,18,BS AI,5,S1,50,44,89.0,3.8,3.56,94,80,87.0,85,94,93,80.0,93,92,Very consistent,Excellent,Completed,"Highly proactive, consistent, and quick learner.",Shows leadership in sports,89.2,Excellent
S-13455,REG-2026-4455,M,24,BS Data Science,8,S3,50,40,80.0,3.24,2.91,78,71,74.5,59,59,71,56.0,58,61,Occasional studier,Warning,Ongoing,Good effort but needs more consistency in assignments.,Participates occasionally,62.75,Average
S-13456,REG-2026-4456,M,21,BS Info Tech,6,S1,50,37,75.0,2.88,2.61,66,61,63.5,73,65,68,68.0,59,56,Last-minute crammer,Good,Not Started,Average performance. Needs to focus more on lab work.,Learning basics of music,64.4,Average
S-13457,REG-2026-4457,M,22,BS Software Eng,1,S3,50,37,74.0,2.58,2.85,76,60,68.0,56,65,73,57.0,73,67,Last-minute crammer,Good,Not Started,Average performance. Needs to focus more on lab work.,Learning basics of music,67.1,Good
S-13458,REG-2026-4458,F,24,BS Data Science,7,S2,50,36,72.0,3.31,3.13,59,71,65.0,63,56,59,75.0,74,65,Last-minute crammer,Good,Ongoing,Average performance. Needs to focus more on lab work.,Average sports player,67.7,Good
S-13459,REG-2026-4459,M,24,BS AI,4,S2,50,34,69.0,3.45,3.56,59,60,59.5,65,69,63,75.0,57,55,Last-minute crammer,Good,Not Started,Average performance. Needs to focus more on lab work.,Learning basics of music,63.75,Average
S-13460,REG-2026-4460,F,18,BS Info Tech,8,S3,50,48,96.0,3.51,3.46,83,86,84.5,98,91,85,95.0,96,91,Highly focused,Excellent,Completed,Brilliant understanding of core concepts. A joy to teach.,Outstanding performer in arts,92.1,Excellent
S-13461,REG-2026-4461,M,20,BS Info Tech,5,S3,50,28,58.0,2.34,2.15,45,48,46.5,20,33,46,40.0,32,23,Rarely studies,Probation,Not Started,"Needs urgent improvement, counseling recommended.",Struggles to participate,37.05,Poor
S-13462,REG-2026-4462,M,18,BS AI,8,S2,50,36,73.0,2.81,2.68,70,64,67.0,74,71,58,72.0,78,65,Needs some guidance,Good,Not Started,Understands the basics but struggles with complex logic.,Average sports player,70.25,Good
S-13463,REG-2026-4463,M,18,BS Software Eng,6,S3,50,34,69.0,2.64,2.35,59,64,61.5,65,57,68,70.0,55,59,Occasional studier,Good,Ongoing,"Participates occasionally, can definitely do better.",Learning basics of music,62.4,Average
S-13464,REG-2026-4464,M,20,BS Data Science,5,S3,50,29,59.0,1.56,1.69,46,48,47.0,30,26,51,37.0,42,38,Rarely studies,Probation,Not Started,"Needs urgent improvement, counseling recommended.",No interest,41.1,Poor
S-13465,REG-2026-4465,M,25,BS AI,7,S1,50,28,58.0,1.95,1.73,34,37,35.5,33,45,34,36.0,27,53,Last-minute crammer,Probation,Not Started,"Needs urgent improvement, counseling recommended.",Shy and inactive,36.95,Poor
S-13466,REG-2026-4466,F,22,BS Info Tech,2,S3,50,19,39.0,1.88,1.92,26,24,25.0,40,45,27,66.03,31,51,Last-minute crammer,Probation,Not Started,"Needs urgent improvement, counseling recommended.",No interest,33.25,Poor
S-13467,REG-2026-4467,M,21,BS Computer Science,7,S1,50,49,99.0,3.69,3.66,85,89,87.0,93,94,98,98.0,86,83,Highly focused,Excellent,Completed,"Highly proactive, consistent, and quick learner.",Shows leadership in sports,91.8,Excellent
S-13468,REG-2026-4468,M,25,BS AI,4,S1,50,25,50.0,2.05,2.12,22,27,24.5,22,45,47,26.0,53,49,Rarely studies,Warning,Not Started,"Needs urgent improvement, counseling recommended.",Shy and inactive,40.95,Poor
S-13469,REG-2026-4469,F,25,BS Data Science,4,S1,50,39,79.0,2.98,2.71,58,55,56.5,71,64,63,56.0,66,73,Last-minute crammer,Warning,Ongoing,Understands the basics but struggles with complex logic.,Participates occasionally,64.0,Average
S-13470,REG-2026-4470,F,20,BS Info Tech,4,S3,50,43,87.0,3.71,3.77,88,89,88.5,96,99,88,87.0,81,99,Very consistent,Excellent,Completed,Brilliant understanding of core concepts. A joy to teach.,Outstanding performer in arts,88.65,Excellent
S-13471,REG-2026-4471,M,19,BS Software Eng,4,S3,50,22,44.0,1.72,1.54,46,26,36.0,49,39,28,30.0,39,39,Last-minute crammer,Warning,Not Started,Irregular attendance and extremely poor focus in class.,Struggles to participate,36.0,Poor
S-13472,REG-2026-4472,F,23,BS Software Eng,2,S2,50,34,68.0,2.83,3.02,78,69,73.5,72,56,63,76.0,63,65,Occasional studier,Good,Not Started,Good effort but needs more consistency in assignments.,Average sports player,66.85,Good
S-13473,REG-2026-4473,M,23,BS Info Tech,8,S3,50,33,66.0,3.08,3.33,67,72,69.5,75,72,70,75.0,62,76,Needs some guidance,Good,Ongoing,"Participates occasionally, can definitely do better.",Participates occasionally,69.8,Good
S-13474,REG-2026-4474,M,18,BS Computer Science,4,S3,50,40,80.0,2.98,2.87,75,72,73.5,73,61,61,68.0,64,55,Last-minute crammer,Warning,Ongoing,Good effort but needs more consistency in assignments.,Learning basics of music,65.35,Good
S-13475,REG-2026-4475,F,20,BS Info Tech,7,S2,50,35,71.0,3.01,3.29,55,77,66.0,66,64,66,63.0,66,74,Occasional studier,Good,Not Started,"Participates occasionally, can definitely do better.",Participates occasionally,66.25,Good
S-13476,REG-2026-4476,F,23,BS Data Science,3,S3,50,45,91.0,3.98,3.87,83,96,89.5,95,93,91,96.0,94,89,Very consistent,Excellent,Completed,Outstanding performance throughout the semester.,Outstanding performer in arts,92.8,Excellent
S-13477,REG-2026-4477,F,25,BS Info Tech,4,S2,50,37,74.0,2.65,2.91,77,62,69.5,68,57,56,68.0,67,69,Needs some guidance,Good,Ongoing,No feedback provided,Average sports player,65.4,Good
S-13478,REG-2026-4478,M,19,BS Computer Science,5,S1,50,37,75.0,3.01,3.28,76,60,68.0,68,72,69,70.0,67,56,Needs some guidance,Warning,Ongoing,Understands the basics but struggles with complex logic.,Participates occasionally,67.85,Good
S-13479,REG-2026-4479,F,19,BS Info Tech,8,S3,50,44,89.0,3.68,3.81,80,87,83.5,85,92,87,86.0,89,84,Regular studier,Excellent,Completed,Brilliant understanding of core concepts. A joy to teach.,Outstanding performer in arts,87.15,Excellent
S-13480,REG-2026-4480,M,24,BS Computer Science,5,S2,50,35,71.0,2.7,2.81,55,76,65.5,56,57,74,61.0,74,72,Last-minute crammer,Good,Not Started,Understands the basics but struggles with complex logic.,Participates occasionally,67.6,Good
S-13481,REG-2026-4481,M,25,BS Software Eng,8,S3,50,38,77.0,2.68,2.95,64,55,59.5,64,57,61,72.0,60,59,Needs some guidance,Warning,Not Started,Good effort but needs more consistency in assignments.,Average sports player,63.15,Average
S-13482,REG-2026-4482,M,23,BS Data Science,7,S1,50,44,89.0,3.66,3.67,99,89,94.0,94,87,90,95.0,99,99,Highly focused,Excellent,Completed,"Highly proactive, consistent, and quick learner.",Outstanding performer in arts,94.4,Excellent
S-13483,REG-2026-4483,F,25,BS Data Science,4,S2,50,47,94.0,3.86,3.89,91,88,89.5,83,83,98,89.0,93,85,Very consistent,Excellent,Completed,Outstanding performance throughout the semester.,Active club president,90.35,Excellent
S-13484,REG-2026-4484,M,24,BS Data Science,5,S1,50,38,76.0,2.93,3.05,75,71,73.0,55,66,74,71.0,63,56,Last-minute crammer,Warning,Not Started,Good effort but needs more consistency in assignments.,Average sports player,67.1,Good
S-13485,REG-2026-4485,M,25,BS Software Eng,5,S1,50,36,72.0,3.44,3.32,77,67,72.0,72,57,60,62.0,67,62,Last-minute crammer,Warning,Not Started,Understands the basics but struggles with complex logic.,Learning basics of music,64.45,Average
S-13486,REG-2026-4486,F,20,BS Software Eng,5,S3,50,49,98.0,3.87,3.66,96,80,88.0,94,96,90,66.03,86,83,Regular studier,Excellent,Completed,"Highly proactive, consistent, and quick learner.",Active club president,88.5,Excellent
S-13487,REG-2026-4487,M,22,BS Data Science,3,S1,50,48,97.0,3.63,3.42,90,99,94.5,95,84,99,84.0,99,97,Very consistent,Excellent,Completed,Outstanding performance throughout the semester.,Outstanding performer in arts,93.55,Excellent
S-13488,REG-2026-4488,F,22,BS AI,4,S3,50,24,49.0,1.51,1.36,43,22,32.5,40,36,21,26.0,47,41,Rarely studies,Warning,Not Started,Irregular attendance and extremely poor focus in class.,Shy and inactive,35.5,Poor
S-13489,REG-2026-4489,F,24,BS Info Tech,3,S2,50,34,68.0,2.67,2.52,63,57,60.0,71,59,62,64.0,71,63,Needs some guidance,Good,Not Started,Good effort but needs more consistency in assignments.,Learning basics of music,65.0,Good
S-13490,REG-2026-4490,F,20,BS Software Eng,7,S2,50,34,69.0,3.43,3.65,57,61,59.0,55,61,66,66.0,59,78,Needs some guidance,Good,Not Started,Average performance. Needs to focus more on lab work.,Participates occasionally,63.85,Average
S-13491,REG-2026-4491,F,22,BS Info Tech,4,S3,50,38,77.0,3.35,3.1,66,70,68.0,65,73,64,59.0,61,69,Last-minute crammer,Warning,Ongoing,"Participates occasionally, can definitely do better.",Average sports player,64.75,Average
S-13492,REG-2026-4492,F,23,BS AI,2,S3,50,46,72.69,3.79,3.86,80,94,87.0,80,88,83,98.0,89,81,Regular studier,Excellent,Completed,Brilliant understanding of core concepts. A joy to teach.,Shows leadership in sports,88.55,Excellent
S-13493,REG-2026-4493,M,20,BS AI,5,S1,50,37,75.0,2.89,2.93,65,58,61.5,75,64,56,55.0,65,68,Last-minute crammer,Good,Ongoing,Average performance. Needs to focus more on lab work.,Learning basics of music,62.5,Average
S-13494,REG-2026-4494,M,21,BS Software Eng,2,S1,50,33,67.0,3.44,3.44,77,76,76.5,56,76,64,71.0,67,57,Needs some guidance,Warning,Ongoing,Understands the basics but struggles with complex logic.,Learning basics of music,67.65,Good
S-13495,REG-2026-4495,F,23,BS Info Tech,2,S3,50,41,83.0,2.98,3.27,72,62,67.0,78,64,62,65.0,66,76,Last-minute crammer,Good,Ongoing,Average performance. Needs to focus more on lab work.,Participates occasionally,67.55,Good
S-13496,REG-2026-4496,F,21,BS Data Science,8,S3,50,31,63.0,1.05,1.23,30,52,41.0,42,50,34,41.0,52,37,Last-minute crammer,Needs Improvement,Not Started,Frequently misses deadlines and lacks motivation.,Shy and inactive,44.35,Poor
S-13497,REG-2026-4497,M,22,BS Info Tech,1,S1,50,39,78.0,3.28,3.05,62,71,66.5,69,67,56,63.0,65,68,Needs some guidance,Good,Not Started,Understands the basics but struggles with complex logic.,Average sports player,64.75,Average
S-13498,REG-2026-4498,F,22,BS Computer Science,8,S3,50,48,97.0,3.99,3.69,83,82,82.5,96,87,89,80.0,95,91,Very consistent,Excellent,Completed,Shows excellent leadership and analytical skills.,Shows leadership in sports,88.8,Excellent
S-13499,REG-2026-4499,M,24,BS Data Science,8,S3,50,27,55.0,1.03,1.05,28,41,34.5,43,38,50,28.0,46,20,Needs constant monitoring,Needs Improvement,Not Started,"Needs urgent improvement, counseling recommended.",No interest,38.75,Poor
